Serial,Time,Imid,ax,ay,az,vx,vy,vz,dx,dy,dz,mx,my,mz,nsax,nsay,nsaz,ax1,ay1,ayz,1.5604024,0.7106412,0.06185834
0,0.0,0,-0.06575112,-0.17799854,0.013997774,0.0,0.0,0.0,0.0,0.0,0.0,false,false,false,-0.06675425,-0.17197654,0.014093518,-0.06613374,-0.15735239,0.012626744
1,0.00830078,0,-0.063971974,-0.15547997,0.0110243345,0.0,0.0,0.0,0.0,0.0,0.0,false,false,false,-0.0665177,-0.17259374,0.014086187,-0.06523142,-0.14604953,0.010632122
2,0.01660156,0,-0.06361665,-0.13217713,0.008079409,0.0,0.0,0.0,0.0,0.0,0.0,false,false,false,-0.05834509,-0.10879985,0.003263384,-0.06421567,-0.13649043,0.0087891705
3,0.024902344,0,-0.063601345,-0.1261252,0.006819288,0.0,0.0,0.0,0.0,0.0,0.0,false,false,false,-0.05776806,-0.112156615,0.0032327771,-0.062992655,-0.12834969,0.007067985
4,0.033203125,0,-0.06314894,-0.12617145,0.0066201095,0.0,0.0,0.0,0.0,0.0,0.0,false,false,false,-0.08133049,-0.09083697,0.016477585,-0.061668657,-0.12087573,0.005500128
5,0.041503906,0,-0.0597963,-0.13438801,0.0041018347,0.0,0.0,0.0,0.0,0.0,0.0,false,false,false,-0.055193733,-0.10673431,-0.007395327,-0.061493337,-0.12440698,0.004924807
6,0.049804688,0,-0.061368905,-0.14282154,0.004587954,0.0,0.0,0.0,0.0,0.0,0.0,false,false,false,-0.0542861,-0.110227585,-0.007425338,-0.0624117,-0.13169159,0.0037146849
7,0.05810547,0,-0.06480445,-0.14828551,0.005418249,0.0,0.0,0.0,0.0,0.0,0.0,false,false,false,-0.051455207,-0.19682807,0.03190002,-0.064113736,-0.13659133,0.002526205
8,0.06640625,0,-0.07136709,-0.13312961,8.275785E-4,0.0,0.0,0.0,0.0,0.0,0.0,false,false,false,-0.07233853,-0.15122968,-0.008270249,-0.06789935,-0.13461317,0.0026715207
9,0.07470703,0,-0.07805811,-0.11533454,0.0025233733,0.0,0.0,0.0,0.0,0.0,0.0,false,false,false,-0.06978609,-0.15830126,-0.00832516,-0.075347364,-0.12297897,0.003488653
10,0.08300781,0,-0.08886459,-0.0853925,0.0038112248,0.0,0.0,0.0,0.0,0.0,0.0,false,false,false,-0.07419914,-0.12285134,0.0030249655,-0.08612182,-0.09928045,0.0027372162
11,0.091308594,0,-0.10156253,-0.051713817,0.0029917534,0.0,0.0,0.0,0.0,0.0,0.0,false,false,false,-0.10255295,-0.045377817,0.010003954,-0.09773714,-0.06673845,0.001175297
12,0.099609375,0,-0.11064766,-0.025492432,0.0010819229,0.0,0.0,0.0,0.0,0.0,0.0,false,false,false,-0.099147126,-0.05451218,0.009960651,-0.10827864,-0.033381682,0.0010643047
13,0.107910156,0,-0.11935512,3.4677467E-4,-0.0013900668,0.0,0.0,0.0,0.0,0.0,0.0,false,false,false,-0.14353815,0.037697718,-0.009332001,-0.11660808,-0.0064076316,8.488567E-4
14,0.11621094,0,-0.1190943,0.0038521267,-0.0024277086,0.0,0.0,0.0,0.0,0.0,0.0,false,false,false,-0.13076368,0.044650555,-0.0018721819,-0.121683344,0.0072432715,-0.001795067
15,0.12451172,0,-0.115972616,-0.0100986585,-0.004845419,0.0,0.0,0.0,0.0,0.0,0.0,false,false,false,-0.13087189,0.045821995,-0.001870662,-0.12112227,0.0021487814,-0.0050966716
16,0.1328125,0,-0.105027415,-0.049987365,-0.0067194966,0.0,0.0,0.0,0.0,0.0,0.0,false,false,false,-0.12245152,0.040263012,0.0040730834,-0.11172583,-0.029649805,-0.006633065
17,0.14111328,0,-0.08892864,-0.11298318,-0.011348934,0.0,0.0,0.0,0.0,0.0,0.0,false,false,false,-0.10961591,-0.06308378,-0.023858115,-0.09581885,-0.08428603,-0.00906034
18,0.14941406,0,-0.072636716,-0.17111947,-0.01371502,0.0,0.0,0.0,0.0,0.0,0.0,false,false,false,-0.11323367,-0.051841386,-0.023803115,-0.07976476,-0.14513946,-0.013895896
19,0.15771484,0,-0.057246488,-0.22565387,-0.015266548,0.0,0.0,0.0,0.0,0.0,0.0,false,false,false,-0.010498185,-0.33501753,0.025332898,-0.06795595,-0.19290513,-0.017949577
20,0.16601563,0,-0.06060307,-0.21971096,-0.021609252,0.0,0.0,0.0,0.0,0.0,0.0,false,false,false,-0.03177138,-0.3402084,-0.044462353,-0.0599627,-0.2184007,-0.017569464
21,0.1743164,0,-0.06407791,-0.19326809,-0.014816732,0.0,0.0,0.0,0.0,0.0,0.0,false,false,false,-0.03475493,-0.3297531,-0.044363275,-0.056098044,-0.22011448,-0.014301724
22,0.18261719,0,-0.069177926,-0.15501295,-0.0067709773,0.0,0.0,0.0,0.0,0.0,0.0,false,false,false,-0.084020756,-0.19015309,-0.02114582,-0.057228245,-0.20171574,-0.011767045
23,0.19091797,0,-0.066224694,-0.1352052,-0.0017556936,0.0,0.0,0.0,0.0,0.0,0.0,false,false,false,-0.07079961,-0.08505043,0.015415013,-0.061526604,-0.17135356,-0.009223092
24,0.19921875,0,-0.06390978,-0.13395311,-0.0023378646,0.0,0.0,0.0,0.0,0.0,0.0,false,false,false,-0.07082448,-0.08557455,0.015410066,-0.0638889,-0.14341612,-0.0042373575
25,0.20751953,0,-0.061838277,-0.13421866,-0.0036727611,0.0,0.0,0.0,0.0,0.0,0.0,false,false,false,-0.076069064,-0.074514434,-0.008392468,-0.06412199,-0.124486744,9.39891E-6
26,0.21582031,0,-0.06049126,-0.1379741,-0.0023470619,0.0,0.0,0.0,0.0,0.0,0.0,false,false,false,-0.044789538,-0.17254844,-0.0024429262,-0.06418989,-0.11788819,5.5752596E-4
27,0.2241211,0,-0.066457376,-0.1278776,-0.0024475697,0.0,0.0,0.0,0.0,0.0,0.0,false,false,false,-0.044786543,-0.17343049,-0.0024505258,-0.06614545,-0.12026838,-0.0012957884
28,0.23242188,0,-0.07568205,-0.117266916,-0.0021881373,0.0,0.0,0.0,0.0,0.0,0.0,false,false,false,-0.06869502,-0.08091465,0.0023722649,-0.070938855,-0.123650506,-0.002303246
29,0.24072266,0,-0.0835939,-0.120798856,-0.0016443676,0.0,0.0,0.0,0.0,0.0,0.0,false,false,false,-0.084619254,-0.11366546,-0.005509749,-0.07832688,-0.12264828,-0.0011116302
30,0.24902344,0,-0.09018113,-0.118463054,9.299094E-4,0.0,0.0,0.0,0.0,0.0,0.0,false,false,false,-0.08377437,-0.115643084,-0.005530238,-0.087343626,-0.11676362,8.525E-4
31,0.25732422,0,-0.09673866,-0.1123982,0.0037222428,0.0,0.0,0.0,0.0,0.0,0.0,false,false,false,-0.11037412,-0.121934734,-0.001149714,-0.095054716,-0.10930396,0.002521122
32,0.265625,0,-0.09744016,-0.101112135,0.0055762506,0.0,0.0,0.0,0.0,0.0,0.0,false,false,false,-0.10427472,-0.11751591,0.012145102,-0.09907398,-0.101444036,0.0037431018
33,0.27392578,0,-0.096617684,-0.087115705,0.0054024663,0.0,0.0,0.0,0.0,0.0,0.0,false,false,false,-0.10359426,-0.118555196,0.012132198,-0.099485524,-0.090945646,0.0052060797
34,0.28222656,0,-0.09208842,-0.07481457,0.004540817,0.0,0.0,0.0,0.0,0.0,0.0,false,false,false,-0.11124105,-0.058453858,0.005849123,-0.09572376,-0.08219562,0.006222497
35,0.29052734,0,-0.08075606,-0.081208736,0.0016856561,0.0,0.0,0.0,0.0,0.0,0.0,false,false,false,-0.086371765,-0.04678207,0.0015369654,-0.08629033,-0.082977414,0.003641626
36,0.29882813,0,-0.070401795,-0.097671814,-0.0026382497,0.0,0.0,0.0,0.0,0.0,0.0,false,false,false,-0.08652264,-0.04696245,0.0015371144,-0.07468828,-0.09187415,-0.0016919363
37,0.3071289,0,-0.06242184,-0.115289815,-0.006126578,0.0,0.0,0.0,0.0,0.0,0.0,false,false,false,-0.07462247,-0.053322703,0.023105055,-0.06699913,-0.10165385,-0.0054220487
38,0.3154297,0,-0.060569484,-0.12968633,-0.011441761,0.0,0.0,0.0,0.0,0.0,0.0,false,false,false,-0.017931685,-0.19942233,-0.037260205,-0.0649305,-0.11003644,-0.0063037816
39,0.32373047,0,-0.07149194,-0.11775699,-0.006499433,0.0,0.0,0.0,0.0,0.0,0.0,false,false,false,-0.019081447,-0.19613591,-0.03722769,-0.06710421,-0.11652648,-0.0065204757
40,0.33203125,0,-0.08481195,-0.10242444,-2.4523426E-4,0.0,0.0,0.0,0.0,0.0,0.0,false,false,false,-0.09896006,-0.08926697,0.009063244,-0.07147876,-0.119248964,-0.006553809
41,0.34033203,0,-0.08582252,-0.101372086,1.7578097E-4,0.0,0.0,0.0,0.0,0.0,0.0,false,false,false,-0.09841179,-0.08978617,0.0090563,-0.07790267,-0.11462635,-0.0041442686
42,0.3486328,0,-0.08433437,-0.09829557,8.9112285E-4,0.0,0.0,0.0,0.0,0.0,0.0,false,false,false,-0.10653646,-0.08350377,6.8101287E-4,-0.08373273,-0.102414034,6.7772676E-4
43,0.3569336,0,-0.07788184,-0.094203584,0.0025122077,0.0,0.0,0.0,0.0,0.0,0.0,false,false,false,-0.088532306,-0.09394892,-0.0052665174,-0.083835915,-0.090794325,0.003938193
44,0.36523438,0,-0.07149194,-0.08826866,0.004482336,0.0,0.0,0.0,0.0,0.0,0.0,false,false,false,-0.08057657,-0.11594895,0.014807045,-0.07777741,-0.08489717,0.004173471
45,0.37353516,0,-0.065702796,-0.081869476,0.0028013121,0.0,0.0,0.0,0.0,0.0,0.0,false,false,false,-0.064937145,-0.077781424,0.003639102,-0.07065938,-0.08437153,0.0036553794
46,0.38183594,0,-0.06396516,-0.08582252,0.002631396,0.0,0.0,0.0,0.0,0.0,0.0,false,false,false,-0.05053538,-0.056084037,0.004168868,-0.06600104,-0.088089444,0.0035791134
47,0.39013672,0,-0.06760412,-0.096796475,0.001668654,0.0,0.0,0.0,0.0,0.0,0.0,false,false,false,-0.050746858,-0.057447836,0.0041596293,-0.065854095,-0.093153104,0.0028620374
48,0.3984375,0,-0.07351358,-0.11167753,-5.55122E-4,0.0,0.0,0.0,0.0,0.0,0.0,false,false,false,-0.06584309,-0.103760734,-0.003945917,-0.0687702,-0.10094247,4.175526E-4
49,0.40673828,0,-0.078693874,-0.12100151,-0.0010768655,0.0,0.0,0.0,0.0,0.0,0.0,false,false,false,-0.0634779,-0.15362608,0.0036569834,-0.07388281,-0.11201522,-0.0012759593
50,0.41503906,0,-0.08558392,-0.118193716,-9.663367E-4,0.0,0.0,0.0,0.0,0.0,0.0,false,false,false,-0.1109174,-0.1088402,0.006250173,-0.08035961,-0.119456485,-6.6605984E-4
51,0.42333984,0,-0.084755994,-0.11616595,8.588838E-6,0.0,0.0,0.0,0.0,0.0,0.0,false,false,false,-0.077270396,-0.1440539,-0.02863814,-0.08607001,-0.1185113,0.0014891577
52,0.43164063,0,-0.08666376,-0.10567918,0.0071607768,0.0,0.0,0.0,0.0,0.0,0.0,false,false,false,-0.08991852,-0.16257346,0.0044279397,-0.087915316,-0.111633204,0.0036983215
53,0.4399414,0,-0.08400232,-0.09351367,0.009403178,0.0,0.0,0.0,0.0,0.0,0.0,false,false,false,-0.09847185,-0.06544807,0.019058973,-0.08561169,-0.10619806,0.005787951
54,0.4482422,0,-0.07727689,-0.103016466,0.008191103,0.0,0.0,0.0,0.0,0.0,0.0,false,false,false,-0.0976639,-0.06812538,0.019034356,-0.08029615,-0.10720827,0.0074018463
55,0.45654297,0,-0.068717636,-0.12188027,0.0055849673,0.0,0.0,0.0,0.0,0.0,0.0,false,false,false,-0.06376999,-0.06764327,0.0038928688,-0.07426038,-0.11641252,0.008112763
56,0.46484375,0,-0.06567753,-0.14683555,0.0039298814,0.0,0.0,0.0,0.0,0.0,0.0,false,false,false,-0.06385069,-0.13178234,0.020804942,-0.06872715,-0.13157156,0.00601553
57,0.47314453,0,-0.06374324,-0.16425289,-0.001041201,0.0,0.0,0.0,0.0,0.0,0.0,false,false,false,-0.057949387,-0.14356282,-0.014018148,-0.064486995,-0.15106255,0.002555045
58,0.4814453,0,-0.063401684,-0.18041012,-2.1662332E-5,0.0,0.0,0.0,0.0,0.0,0.0,false,false,false,-0.039726645,-0.25740892,0.0046860278,-0.062055696,-0.17017137,1.1116912E-4
59,0.4897461,0,-0.06742962,-0.17326373,-8.565939E-4,0.0,0.0,0.0,0.0,0.0,0.0,false,false,false,-0.07489244,-0.1768993,-0.008769423,-0.062261235,-0.18204066,-6.699182E-4
60,0.49804688,0,-0.06811107,-0.16698667,9.0246944E-4,0.0,0.0,0.0,0.0,0.0,0.0,false,false,false,-0.07321554,-0.18101211,-0.008805469,-0.065375224,-0.17758717,-5.42995E-4
61,0.50634766,0,-0.07077516,-0.14994183,0.0034590424,0.0,0.0,0.0,0.0,0.0,0.0,false,false,false,-0.05796026,-0.1958892,0.0067040026,-0.07037846,-0.15982968,8.129806E-4
62,0.51464844,0,-0.07856312,-0.11922629,0.0038907977,0.0,0.0,0.0,0.0,0.0,0.0,false,false,false,-0.06371166,-0.2014356,0.0089838505,-0.07702178,-0.13160929,0.0025850993
63,0.5229492,0,-0.08795084,-0.07871582,0.003338151,0.0,0.0,0.0,0.0,0.0,0.0,false,false,false,-0.097505525,-0.01799561,8.890331E-4,-0.08414103,-0.10015086,0.0037426134
64,0.53125,0,-0.09328456,-0.06538719,0.0042048777,0.0,0.0,0.0,0.0,0.0,0.0,false,false,false,-0.07205687,-0.11729154,0.003251046,-0.0918816,-0.07024315,0.004548781
65,0.5395508,0,-0.1029014,-0.0386671,0.0049656415,0.0,0.0,0.0,0.0,0.0,0.0,false,false,false,-0.11870897,0.0094802305,0.018021464,-0.09939901,-0.045712598,0.0049584717
66,0.54785156,0,-0.10496161,-0.033434883,0.0030630617,0.0,0.0,0.0,0.0,0.0,0.0,false,false,false,-0.114762515,0.03095819,-0.016178474,-0.10534695,-0.02859792,0.0050042956
67,0.55615234,0,-0.10576364,-0.03818556,0.0065438887,0.0,0.0,0.0,0.0,0.0,0.0,false,false,false,-0.110650286,-0.041951895,0.013898045,-0.10834021,-0.022922205,0.0050479947
68,0.5644531,0,-0.10454968,-0.040627908,0.0057575596,0.0,0.0,0.0,0.0,0.0,0.0,false,false,false,-0.108698815,-0.0478687,0.013897896,-0.10797203,-0.02827911,0.005332059
69,0.5727539,0,-0.10029662,-0.04937769,0.004833172,0.0,0.0,0.0,0.0,0.0,0.0,false,false,false,-0.11868672,0.019314662,-0.0054242164,-0.10315675,-0.044176333,0.005897181
70,0.5810547,0,-0.09167054,-0.0702507,0.0069609047,0.0,0.0,0.0,0.0,0.0,0.0,false,false,false,-0.097624764,-0.056732096,0.009171337,-0.09602786,-0.059217248,0.0066098417
71,0.58935547,0,-0.08602385,-0.07485457,0.0073552937,0.0,0.0,0.0,0.0,0.0,0.0,false,false,false,-0.09105172,-0.10230749,0.009720534,-0.08985879,-0.06465573,0.0070451316
72,0.59765625,0,-0.082802504,-0.06666667,0.008007017,0.0,0.0,0.0,0.0,0.0,0.0,false,false,false,-0.07587073,-0.12246306,0.005980611,-0.085727714,-0.06464162,0.008014043
73,0.60595703,0,-0.084048465,-0.051671226,0.009120644,0.0,0.0,0.0,0.0,0.0,0.0,false,false,false,-0.051446438,-0.10011952,0.004241854,-0.08409846,-0.062551945,0.009138059
74,0.6142578,0,-0.0915833,-0.03650317,0.010288215,0.0,0.0,0.0,0.0,0.0,0.0,false,false,false,-0.092069075,-0.004277259,0.014924943,-0.08548141,-0.054388948,0.009477053
75,0.6225586,0,-0.094208166,-0.036209855,0.010002436,0.0,0.0,0.0,0.0,0.0,0.0,false,false,false,-0.09141004,-0.0065964907,0.014929235,-0.08930189,-0.04215612,0.0099452445
76,0.6308594,0,-0.09586291,-0.04344379,0.0102681685,0.0,0.0,0.0,0.0,0.0,0.0,false,false,false,-0.10189116,-0.040039886,0.0070970654,-0.09291521,-0.038040884,0.01121992
77,0.63916016,0,-0.09380454,-0.055119254,0.011612857,0.0,0.0,0.0,0.0,0.0,0.0,false,false,false,-0.102112725,-0.039200686,0.007095754,-0.09412494,-0.04771636,0.012128585
78,0.64746094,0,-0.08965968,-0.073589295,0.011856457,0.0,0.0,0.0,0.0,0.0,0.0,false,false,false,-0.11270797,0.014244437,0.011411756,-0.091866575,-0.06694191,0.01130024
79,0.6557617,0,-0.08230076,-0.1033886,0.010663903,0.0,0.0,0.0,0.0,0.0,0.0,false,false,false,-0.07577573,-0.13666974,0.020088196,-0.0877729,-0.08597325,0.009894145
80,0.6640625,0,-0.079597,-0.11043266,0.008162327,0.0,0.0,0.0,0.0,0.0,0.0,false,false,false,-0.07744085,-0.13159639,0.020085543,-0.08252248,-0.10273841,0.009173001
81,0.6723633,0,-0.07708188,-0.11443068,0.006336866,0.0,0.0,0.0,0.0,0.0,0.0,false,false,false,-0.073076695,-0.14832535,-0.008907914,-0.07762723,-0.1159716,0.009346474
82,0.68066406,0,-0.07801594,-0.10717194,0.009882867,0.0,0.0,0.0,0.0,0.0,0.0,false,false,false,-0.07228464,-0.12189138,0.0046295226,-0.07655197,-0.11787457,0.009658398
83,0.68896484,0,-0.081393994,-0.098353505,0.01170875,0.0,0.0,0.0,0.0,0.0,0.0,false,false,false,-0.072900064,-0.119304426,0.0046310127,-0.07940925,-0.10816016,0.009905723
84,0.6972656,0,-0.0848417,-0.092043996,0.0132169565,0.0,0.0,0.0,0.0,0.0,0.0,false,false,false,-0.060810514,-0.13424633,0.02124989,-0.08233165,-0.10026917,0.0103845205
85,0.7055664,0,-0.08952251,-0.08707979,0.012109966,0.0,0.0,0.0,0.0,0.0,0.0,false,false,false,-0.109428,-0.027978495,0.017642736,-0.08400311,-0.098179065,0.011763035
86,0.7138672,0,-0.08558218,-0.10244853,0.011330261,0.0,0.0,0.0,0.0,0.0,0.0,false,false,false,-0.10868121,-0.030114308,0.017640471,-0.08494843,-0.09999281,0.012713876
87,0.72216797,0,-0.08005994,-0.12305051,0.010163888,0.0,0.0,0.0,0.0,0.0,0.0,false,false,false,-0.074777626,-0.15809835,-0.0019850433,-0.0846559,-0.10633957,0.012492086
88,0.73046875,0,-0.07864498,-0.12834536,0.012228735,0.0,0.0,0.0,0.0,0.0,0.0,false,false,false,-0.07869079,-0.12731005,0.015247405,-0.08216703,-0.11987408,0.011672866
89,0.73876953,0,-0.07698685,-0.13826507,0.011697842,0.0,0.0,0.0,0.0,0.0,0.0,false,false,false,-0.07773631,-0.12988889,0.0152460635,-0.07832041,-0.13638172,0.011172535
90,0.7470703,0,-0.07733593,-0.14265767,0.010197885,0.0,0.0,0.0,0.0,0.0,0.0,false,false,false,-0.06754433,-0.15772137,0.0053814948,-0.07721906,-0.14345247,0.010461877
91,0.7553711,0,-0.08106378,-0.1359404,0.009260068,0.0,0.0,0.0,0.0,0.0,0.0,false,false,false,-0.07356892,-0.17012188,0.015928775,-0.07928619,-0.138762,0.009064261
92,0.7636719,0,-0.085035495,-0.119413406,0.0057839053,0.0,0.0,0.0,0.0,0.0,0.0,false,false,false,-0.07142907,-0.17530994,0.01593116,-0.082363166,-0.12736787,0.006662381
93,0.77197266,0,-0.091256686,-0.09323389,9.0773293E-4,0.0,0.0,0.0,0.0,0.0,0.0,false,false,false,-0.10085396,-0.085519075,-0.0032043755,-0.0870699,-0.10898853,0.0032875384
94,0.78027344,0,-0.093713656,-0.07590428,-0.0021998212,0.0,0.0,0.0,0.0,0.0,0.0,false,false,false,-0.0979124,-0.09252795,-0.003188938,-0.092718184,-0.085529625,-9.577566E-4
95,0.7885742,0,-0.095887624,-0.05773034,-0.005379501,0.0,0.0,0.0,0.0,0.0,0.0,false,false,false,-0.08160546,-0.060822092,0.0024188757,-0.096748665,-0.06414394,-0.005265926
96,0.796875,0,-0.10069202,-0.04639887,-0.00819413,0.0,0.0,0.0,0.0,0.0,0.0,false,false,false,-0.11584444,-0.0044301003,-0.01608187,-0.09949905,-0.049072735,-0.007420627
97,0.8051758,0,-0.101180784,-0.047187645,-0.006471033,0.0,0.0,0.0,0.0,0.0,0.0,false,false,false,-0.11357142,-0.0111987665,-0.016048253,-0.10216988,-0.041254144,-0.007095346
98,0.81347656,0,-0.103303865,-0.04949977,-0.0033345814,0.0,0.0,0.0,0.0,0.0,0.0,false,false,false,-0.07817434,-0.0569463,-0.017490298,-0.10618136,-0.038114857,-0.0055375583
99,0.82177734,0,-0.11301489,-0.043467827,8.106582E-4,0.0,0.0,0.0,0.0,0.0,0.0,false,false,false,-0.11439186,-0.041569434,0.005149007,-0.11129694,-0.036553174,-0.0033658028
100,0.8300781,0,-0.11865689,-0.038582403,0.0014155156,0.0,0.0,0.0,0.0,0.0,0.0,false,false,false,-0.113312006,-0.044223033,0.005166024,-0.11664723,-0.03551086,-6.667151E-4
101,0.8383789,0,-0.1440742,-0.04463974,8.8524405E-4,0.0,0.0,0.0,0.0,0.0,0.0,false,false,false,-0.12239121,-0.06789574,0.008281946,-0.1380588,-0.043084897,9.5555425E-4
102,0.8466797,0,-0.21854651,-0.07377907,-0.0017509992,0.0,0.0,0.0,0.0,0.0,0.0,false,false,false,-0.14059277,0.0043248534,0.002068162,-0.20796704,-0.0750566,2.5131562E-4
103,0.85498047,0,-0.34481153,-0.14117031,-0.0041498225,0.0,0.0,0.0,0.0,0.0,0.0,false,false,false,-0.14099252,0.006156005,0.0020560622,-0.32316893,-0.12926099,-0.0021166413
104,0.86328125,0,-0.5343422,-0.23154831,-0.006011714,0.0,0.0,0.0,0.0,0.0,0.0,false,false,false,-0.13115653,-0.07212429,-0.0075583607,-0.48150617,-0.19674219,-0.0038899302
105,0.87158203,0,-0.80633146,-0.32943437,-0.0059175687,0.0,0.0,0.0,0.0,0.0,0.0,false,false,false,-0.90718067,-0.43041068,-0.015360728,-0.6990439,-0.27629265,-0.004942922
106,0.8798828,0,-1.0295624,-0.3860568,-0.0048209815,0.0,0.0,0.0,0.0,0.0,0.0,false,false,false,-0.8974807,-0.4221732,-0.015402004,-0.9682298,-0.36709294,-0.0059560803
107,0.8881836,0,-1.3058659,-0.45821694,-0.0054101925,0.0,0.0,0.0,0.0,0.0,0.0,false,false,false,-1.0306579,-0.43032235,0.010239333,-1.2603581,-0.4615725,-0.0081843445
108,0.8964844,0,-1.5926443,-0.5442272,-0.013100849,0.0,0.0,0.0,0.0,0.0,0.0,false,false,false,-1.8313985,-0.556903,-0.0048415065,-1.5314507,-0.54919964,-0.012420767
109,0.90478516,0,-1.7574488,-0.6196462,-0.020811511,0.0,0.0,0.0,0.0,0.0,0.0,false,false,false,-1.8061303,-0.55432296,-0.0047063828,-1.7550542,-0.62341344,-0.018210754
110,0.91308594,0,-1.9167055,-0.6986971,-0.029606793,0.0,0.0,0.0,0.0,0.0,0.0,false,false,false,-2.1647158,-0.71492404,-0.02470553,-1.9374965,-0.6891419,-0.024737619
111,0.9213867,0,-2.014894,-0.7547126,-0.03647894,0.0,0.0,0.0,0.0,0.0,0.0,false,false,false,-2.1810417,-0.85813946,-0.05240135,-2.0789797,-0.7497796,-0.032489628
112,0.9296875,0,-2.1037934,-0.7838026,-0.03832616,0.0,0.0,0.0,0.0,0.0,0.0,false,false,false,-2.1500716,-0.853981,-0.05195245,-2.1766896,-0.79988086,-0.0391314
113,0.9379883,0,-2.2089343,-0.80479294,-0.036499534,0.0,0.0,0.0,0.0,0.0,0.0,false,false,false,-2.104656,-0.78553635,-0.026236758,-2.2608469,-0.8323132,-0.040759314
114,0.94628906,0,-2.3454375,-0.8312384,-0.034763444,0.0,0.0,0.0,0.0,0.0,0.0,false,false,false,-2.3958528,-0.8906402,-0.05741301,-2.3528967,-0.847698,-0.036614344
115,0.95458984,0,-2.4569566,-0.84178686,-0.026676651,0.0,0.0,0.0,0.0,0.0,0.0,false,false,false,-2.3885078,-0.8968774,-0.057244316,-2.4588976,-0.857066,-0.030446572
116,0.9628906,0,-2.5694995,-0.8533178,-0.019259313,0.0,0.0,0.0,0.0,0.0,0.0,false,false,false,-2.5158124,-0.78353906,-3.786087E-4,-2.5603054,-0.87060344,-0.026651831
117,0.9711914,0,-2.6455815,-0.8872093,-0.02153343,0.0,0.0,0.0,0.0,0.0,0.0,false,false,false,-2.8597236,-0.8920565,-0.0034052134,-2.634191,-0.8870688,-0.024103943
118,0.9794922,0,-2.640596,-0.9162011,-0.025190584,0.0,0.0,0.0,0.0,0.0,0.0,false,false,false,-2.8501494,-0.9011621,-0.003134489,-2.669739,-0.91088593,-0.022222111
119,0.98779297,0,-2.607442,-0.9762791,-0.031722385,0.0,0.0,0.0,0.0,0.0,0.0,false,false,false,-2.7234478,-0.9367917,-0.048544243,-2.6699884,-0.96580774,-0.024396332
120,0.99609375,0,-2.5885088,-1.0751338,-0.032696556,0.0,0.0,0.0,0.0,0.0,0.0,false,false,false,-2.6095006,-0.9567681,-0.025551274,-2.6528294,-1.0608394,-0.030494755
121,1.0043945,0,-2.5949721,-1.2094972,-0.03648743,0.0,0.0,0.0,0.0,0.0,0.0,false,false,false,-2.5978413,-0.97305673,-0.025094584,-2.6341925,-1.1799097,-0.035680614
122,1.0126953,0,-2.6412284,-1.3671476,-0.03859353,0.0,0.0,0.0,0.0,0.0,0.0,false,false,false,-2.3196797,-1.3304825,-0.06174007,-2.651743,-1.3078835,-0.03697054
123,1.0209961,0,-2.7998137,-1.4734637,-0.033184938,0.0,0.0,0.0,0.0,0.0,0.0,false,false,false,-2.7483768,-1.6162574,-0.040589407,-2.7451775,-1.4266684,-0.03539628
124,1.0292969,0,-2.9538891,-1.5118771,-0.030056475,0.0,0.0,0.0,0.0,0.0,0.0,false,false,false,-2.735734,-1.6338665,-0.039952144,-2.8972416,-1.5147187,-0.03345078
125,1.0375977,0,-3.1287773,-1.5016272,-0.025910914,0.0,0.0,0.0,0.0,0.0,0.0,false,false,false,-2.8187163,-1.7672882,-0.017072394,-3.0602767,-1.5405077,-0.030385816
126,1.0458984,0,-3.3066542,-1.4267101,-0.022212366,0.0,0.0,0.0,0.0,0.0,0.0,false,false,false,-3.6674395,-1.5534904,-0.021084145,-3.216911,-1.5027463,-0.023487825
127,1.0541992,0,-3.3457422,-1.3527222,-0.017013727,0.0,0.0,0.0,0.0,0.0,0.0,false,false,false,-3.6519563,-1.5725591,-0.020163432,-3.3485181,-1.4256763,-0.016405825
128,1.0625,0,-3.3510242,-1.2532588,-0.01577776,0.0,0.0,0.0,0.0,0.0,0.0,false,false,false,-3.237522,-1.1055596,-0.040414274,-3.4292395,-1.3321805,-0.015023228
129,1.0708008,0,-3.387337,-1.2160149,-0.015552258,0.0,0.0,0.0,0.0,0.0,0.0,false,false,false,-3.589113,-1.1770587,0.023450315,-3.437159,-1.236781,-0.019267447
130,1.0791016,0,-3.340475,-1.1658127,-0.025362425,0.0,0.0,0.0,0.0,0.0,0.0,false,false,false,-3.5771751,-1.1870215,0.024158567,-3.3919404,-1.1588304,-0.022765083
131,1.0874023,0,-3.298556,-1.1192361,-0.034524918,0.0,0.0,0.0,0.0,0.0,0.0,false,false,false,-3.2245734,-1.0566733,-0.06601624,-3.3595188,-1.107897,-0.023122014
132,1.0957031,0,-3.3389199,-1.0926443,-0.033068553,0.0,0.0,0.0,0.0,0.0,0.0,false,false,false,-3.2143066,-1.065242,-0.06537029,-3.3696094,-1.0787557,-0.028335093
133,1.1040039,0,-3.4059591,-1.0512104,-0.0358473,0.0,0.0,0.0,0.0,0.0,0.0,false,false,false,-3.2024815,-1.0400057,-0.04129319,-3.3956985,-1.0405169,-0.040344037
134,1.1123047,0,-3.4692738,-0.98836124,-0.04392167,0.0,0.0,0.0,0.0,0.0,0.0,false,false,false,-3.3226132,-1.0400124,0.038090676,-3.4183226,-0.98006415,-0.050749302
135,1.1206055,0,-3.4913833,-0.90591526,-0.06482883,0.0,0.0,0.0,0.0,0.0,0.0,false,false,false,-3.7666607,-1.0598805,-0.08177748,-3.4313905,-0.9101646,-0.05547632
136,1.1289063,0,-3.4078212,-0.8077281,-0.06820298,0.0,0.0,0.0,0.0,0.0,0.0,false,false,false,-3.7706113,-0.8593078,-0.104452685,-3.4172587,-0.83981043,-0.06081122
137,1.137207,0,-3.2688372,-0.7353488,-0.06773256,0.0,0.0,0.0,0.0,0.0,0.0,false,false,false,-3.2852833,-0.5981882,-0.07272415,-3.3571913,-0.76784325,-0.06977938
138,1.1455078,0,-3.1270359,-0.71754307,-0.06805491,0.0,0.0,0.0,0.0,0.0,0.0,false,false,false,-3.27888,-0.6001656,-0.072370335,-3.2066824,-0.711257,-0.07439874
139,1.1538086,0,-2.9046068,-0.7331317,-0.059969753,0.0,0.0,0.0,0.0,0.0,0.0,false,false,false,-2.9962897,-0.7394311,-0.06047505,-2.9716885,-0.69660366,-0.06574237
140,1.1621094,0,-2.7476723,-0.76955307,-0.044067156,0.0,0.0,0.0,0.0,0.0,0.0,false,false,false,-3.0337405,-0.4920661,-0.10317445,-2.782641,-0.73893815,-0.04688714
141,1.1704102,0,-2.6911628,-0.8846512,-0.013822675,0.0,0.0,0.0,0.0,0.0,0.0,false,false,false,-2.4576569,-0.75049317,-0.049717277,-2.7456448,-0.82367045,-0.024667107
142,1.1787109,0,-2.8199162,-0.9744067,-0.001625938,0.0,0.0,0.0,0.0,0.0,0.0,false,false,false,-1.6015874,-0.9452173,0.007997423,-2.8217256,-0.91314477,-0.013101897
143,1.1870117,0,-3.1386046,-1.0120931,-0.022369185,0.0,0.0,0.0,0.0,0.0,0.0,false,false,false,-2.6461496,-1.101604,0.06600627,-2.928394,-0.97086465,-0.028084023
144,1.1953125,0,-3.3181183,-1.0018631,-0.060636934,0.0,0.0,0.0,0.0,0.0,0.0,false,false,false,-3.8831038,-1.2451241,0.0644837,-3.055859,-0.9995124,-0.04819258
145,1.2036133,0,-3.3001397,-0.9548627,-0.0955677,0.0,0.0,0.0,0.0,0.0,0.0,false,false,false,-3.8799143,-1.2557516,0.06501374,-3.2276766,-1.0037451,-0.063852265
146,1.2119141,0,-3.2435956,-0.8956684,-0.12115743,0.0,0.0,0.0,0.0,0.0,0.0,false,false,false,-3.2996337,-0.6617364,-0.531691,-3.3607128,-0.985493,-0.072276205
147,1.2202148,0,-3.2260466,-0.92651165,-0.0384593,0.0,0.0,0.0,0.0,0.0,0.0,false,false,false,-3.046066,-0.80095035,0.00937897,-3.3556793,-0.9503096,-0.07394324
148,1.2285156,0,-3.1996276,-0.9427641,-0.02797813,0.0,0.0,0.0,0.0,0.0,0.0,false,false,false,-3.5417795,-1.0060058,-0.09020175,-3.2410786,-0.9190803,-0.06178314
149,1.2368164,0,-3.0353818,-0.93994415,-0.004742784,0.0,0.0,0.0,0.0,0.0,0.0,false,false,false,-3.1004071,-0.9075741,0.043243527,-3.0901594,-0.9187631,-0.03765581
150,1.2451172,0,-2.870983,-0.9557522,-0.006084071,0.0,0.0,0.0,0.0,0.0,0.0,false,false,false,-3.0058122,-0.95651644,0.070575655,-2.921771,-0.9439898,-0.00992874
151,1.253418,0,-2.6865394,-0.9408477,-0.013041453,0.0,0.0,0.0,0.0,0.0,0.0,false,false,false,-3.0028167,-0.93846685,0.070111334,-2.742007,-0.9436389,0.0019863292
152,1.2617188,0,-2.4853284,-0.8770377,-0.018172158,0.0,0.0,0.0,0.0,0.0,0.0,false,false,false,-2.4171972,-1.0092809,-0.11436923,-2.5657363,-0.8816676,0.008594209
153,1.2700195,0,-2.3530507,-0.7354448,0.008358319,0.0,0.0,0.0,0.0,0.0,0.0,false,false,false,-1.9764817,-1.010808,-0.02986075,-2.3956778,-0.7642953,0.010677261
154,1.2783203,0,-2.25419,-0.52700186,0.028253026,0.0,0.0,0.0,0.0,0.0,0.0,false,false,false,-2.229229,-0.8884935,0.0060913265,-2.2139103,-0.5962966,0.016458703
155,1.2866211,0,-2.0846512,-0.2844186,0.046744186,0.0,0.0,0.0,0.0,0.0,0.0,false,false,false,-2.3888605,-0.22185224,0.108468056,-2.0313973,-0.39486527,0.031590402
156,1.2949219,0,-1.8658594,-0.118421055,0.044829994,0.0,0.0,0.0,0.0,0.0,0.0,false,false,false,-1.9316777,-0.14960068,-0.005754411,-1.8794851,-0.18189079,0.048185337
157,1.3032227,0,-1.6993951,0.03876803,0.04906352,0.0,0.0,0.0,0.0,0.0,0.0,false,false,false,-1.6735253,0.2508969,0.12619466,-1.7419077,0.011326712,0.048137978
158,1.3115234,0,-1.5397489,0.11407485,0.028910972,0.0,0.0,0.0,0.0,0.0,0.0,false,false,false,-1.3415542,0.28278992,0.070138544,-1.5713406,0.14875819,0.03926275
159,1.3198242,0,-1.3777363,0.15614812,0.019809619,0.0,0.0,0.0,0.0,0.0,0.0,false,false,false,-1.3333735,0.2735926,0.07089266,-1.357219,0.21646196,0.03405235
160,1.328125,0,-1.1191807,0.17958567,0.014904853,0.0,0.0,0.0,0.0,0.0,0.0,false,false,false,-1.5341631,0.3234446,-0.11518031,-1.0937412,0.242742,0.033189762
161,1.3364258,0,-0.6964618,0.17236964,0.045361966,0.0,0.0,0.0,0.0,0.0,0.0,false,false,false,-1.0230362,0.2752215,-0.01233536,-0.75422525,0.23330869,0.035380967
162,1.3447266,0,-0.22488372,0.15674418,0.058866277,0.0,0.0,0.0,0.0,0.0,0.0,false,false,false,-0.6346921,0.011161476,0.14525625,-0.3365025,0.208171,0.036939293
163,1.3530273,0,0.28554833,0.17576672,0.037958875,0.0,0.0,0.0,0.0,0.0,0.0,false,false,false,0.08385904,0.4189831,-0.025849149,0.13682379,0.1809902,0.036141835
164,1.3613281,0,0.76059616,0.12785281,0.03091523,0.0,0.0,0.0,0.0,0.0,0.0,false,false,false,0.9835129,-0.0044394284,0.22221711,0.6373655,0.15916249,0.02670486
165,1.3696289,0,1.1419265,0.15914379,-0.018787809,0.0,0.0,0.0,0.0,0.0,0.0,false,false,false,1.4281483,0.15021911,-0.040464178,1.1133898,0.15792029,0.009284202
166,1.3779297,0,1.4664805,0.23475327,-0.023059241,0.0,0.0,0.0,0.0,0.0,0.0,false,false,false,1.4232342,0.15060228,-0.04078394,1.5263233,0.22214612,-0.004596523
167,1.3862305,0,1.7765363,0.41689944,-0.026158053,0.0,0.0,0.0,0.0,0.0,0.0,false,false,false,2.09836,0.11217576,-0.11570954,1.8324893,0.38394612,-0.018020438
168,1.3945313,0,1.9320614,0.7017217,-0.019907515,0.0,0.0,0.0,0.0,0.0,0.0,false,false,false,2.0947413,0.11359835,-0.11597957,2.0204313,0.6280148,-0.035051294
169,1.402832,0,2.0083838,1.0535631,-0.012699407,0.0,0.0,0.0,0.0,0.0,0.0,false,false,false,2.5233994,0.80517656,0.17640498,2.0959167,0.90546274,-0.042695917
170,1.4111328,0,1.9394786,1.3435755,-0.05083217,0.0,0.0,0.0,0.0,0.0,0.0,false,false,false,2.2601376,1.7076557,-0.08534253,2.0846794,1.1971823,-0.040729024
171,1.4194336,0,1.8807639,1.4895203,-0.03551467,0.0,0.0,0.0,0.0,0.0,0.0,false,false,false,2.2531598,1.7169724,-0.08607051,2.026596,1.4696331,-0.02749835
172,1.4277344,0,1.856544,1.583605,0.0034896075,0.0,0.0,0.0,0.0,0.0,0.0,false,false,false,1.5518671,1.7481432,-0.065329745,2.0000622,1.64973,0.0020010632
173,1.4360352,0,2.0428305,1.6387337,0.029707868,0.0,0.0,0.0,0.0,0.0,0.0,false,false,false,1.6342056,1.9441552,-0.049262464,2.0649908,1.7269789,0.014916102
174,1.4443359,0,2.396648,1.6685289,0.031191807,0.0,0.0,0.0,0.0,0.0,0.0,false,false,false,1.6357005,1.9378161,-0.048966542,2.3062341,1.7683905,0.0062539224
175,1.4526367,0,2.8651164,1.7134883,0.03017442,0.0,0.0,0.0,0.0,0.0,0.0,false,false,false,2.6328034,1.3816919,0.5390923,2.6633155,1.814473,2.290658E-4
176,1.4609375,0,3.1593664,1.8974837,-0.06564539,0.0,0.0,0.0,0.0,0.0,0.0,false,false,false,2.6512864,1.4729784,-0.10456307,2.9884775,1.9013321,-7.228337E-4
177,1.4692383,0,3.364399,2.1230195,-0.06890727,0.0,0.0,0.0,0.0,0.0,0.0,false,false,false,4.6549807,2.4715886,-0.4585939,3.200575,2.034519,-0.0134185115
178,1.4775391,0,3.1817334,2.2292638,-0.011576771,0.0,0.0,0.0,0.0,0.0,0.0,false,false,false,4.3930016,1.6677735,0.16094041,3.3037393,2.2059238,-0.042248167
179,1.4858398,0,2.944134,2.4636872,-0.040415503,0.0,0.0,0.0,0.0,0.0,0.0,false,false,false,2.7134516,2.7999973,-0.06460385,3.2858467,2.3827138,-0.060275897
180,1.4941406,0,2.956279,2.5172093,-0.028924419,0.0,0.0,0.0,0.0,0.0,0.0,false,false,false,2.7065375,2.8018882,-0.06506218,3.1785026,2.519914,-0.041866913
181,1.5024414,0,3.0988805,2.527985,-0.011624008,0.0,0.0,0.0,0.0,0.0,0.0,false,false,false,2.830689,2.5856705,-0.02180995,3.1320336,2.5915825,-0.015089872
182,1.5107422,0,3.408582,2.5298507,0.0067047575,0.0,0.0,0.0,0.0,0.0,0.0,false,false,false,2.768319,2.6926155,0.006501168,3.3147004,2.6016288,4.6428153E-4
183,1.519043,0,3.8695247,2.4790308,0.028570596,0.0,0.0,0.0,0.0,0.0,0.0,false,false,false,2.7584262,2.7055547,0.0055162907,3.6946807,2.547135,0.02323632
184,1.5273438,0,4.4022346,2.4171321,0.054178305,0.0,0.0,0.0,0.0,0.0,0.0,false,false,false,4.539076,2.4603202,0.0021077394,4.1112494,2.4875712,0.048933033
185,1.5356445,0,4.6772094,2.3981395,0.079186045,0.0,0.0,0.0,0.0,0.0,0.0,false,false,false,5.3581324,2.2473395,0.12738523,4.5041656,2.4526138,0.06807671
186,1.5439453,0,4.802239,2.436567,0.08138993,0.0,0.0,0.0,0.0,0.0,0.0,false,false,false,5.3480215,2.244208,0.12699896,4.8440704,2.439222,0.08101998
187,1.5522461,0,4.861137,2.5013978,0.08032386,0.0,0.0,0.0,0.0,0.0,0.0,false,false,false,5.021297,2.4815671,0.10044581,5.047196,2.4530272,0.090426095
188,1.5605469,0,4.9095993,2.5144455,0.0792754,0.0,0.0,0.0,0.0,0.0,0.0,false,false,false,5.0099163,2.4831285,0.099854946,5.0775833,2.4782736,0.092602104
189,1.5688477,0,4.926512,2.463256,0.07191861,0.0,0.0,0.0,0.0,0.0,0.0,false,false,false,5.217785,2.6609628,0.04340878,5.031657,2.449585,0.083502784
190,1.5771484,0,4.9144983,2.3066914,0.06981877,0.0,0.0,0.0,0.0,0.0,0.0,false,false,false,4.857133,2.6374776,0.10021186,5.0069404,2.335683,0.0708716
191,1.5854492,0,4.964618,2.0707636,0.058135476,0.0,0.0,0.0,0.0,0.0,0.0,false,false,false,4.842392,2.6451933,0.099319875,5.0046577,2.1538134,0.061221365
192,1.59375,0,4.9459963,1.7579143,0.045827515,0.0,0.0,0.0,0.0,0.0,0.0,false,false,false,4.9526663,1.6858895,-4.7031045E-4,4.9575205,1.9215949,0.054772355
193,1.6020508,0,4.8186045,1.5386046,0.048895348,0.0,0.0,0.0,0.0,0.0,0.0,false,false,false,5.176521,1.385323,0.043588996,4.8155704,1.6392176,0.048754677
194,1.6103516,0,4.540037,1.3361267,0.04678771,0.0,0.0,0.0,0.0,0.0,0.0,false,false,false,5.165303,1.3785532,0.043385893,4.604071,1.3519149,0.04311887
195,1.6186523,0,4.193129,1.1615599,0.04654132,0.0,0.0,0.0,0.0,0.0,0.0,false,false,false,4.6557283,1.1588233,0.048719645,4.3439555,1.1427472,0.042123903
196,1.6269531,0,3.858473,1.0875232,0.04483822,0.0,0.0,0.0,0.0,0.0,0.0,false,false,false,3.488768,0.69218016,0.036719292,4.0491686,1.0669351,0.04349085
197,1.6352539,0,3.687151,1.160149,0.04402351,0.0,0.0,0.0,0.0,0.0,0.0,false,false,false,3.4860744,0.6787227,0.037120223,3.7454748,1.0847834,0.042627025
198,1.6435547,0,3.516279,1.2986046,0.04366279,0.0,0.0,0.0,0.0,0.0,0.0,false,false,false,3.336916,0.9058462,0.07729402,3.4787261,1.1587411,0.041482233
199,1.6518555,0,3.367442,1.4465116,0.03607558,0.0,0.0,0.0,0.0,0.0,0.0,false,false,false,3.2773547,1.5986693,0.018723875,3.2852788,1.2791902,0.04011461
200,1.6601563,0,3.2193308,1.492565,0.036768124,0.0,0.0,0.0,0.0,0.0,0.0,false,false,false,3.2785683,1.5745244,0.01982233,3.1567676,1.4192078,0.037855588
201,1.668457,0,3.0643058,1.500466,0.038414493,0.0,0.0,0.0,0.0,0.0,0.0,false,false,false,3.0635798,1.6818361,0.06456268,3.0440361,1.5013304,0.03564923
202,1.6767578,0,2.9375582,1.4072694,0.03285182,0.0,0.0,0.0,0.0,0.0,0.0,false,false,false,2.824573,1.6407008,0.019963264,2.934309,1.4616454,0.034012906
203,1.6850586,0,2.8427906,1.2306976,0.034244187,0.0,0.0,0.0,0.0,0.0,0.0,false,false,false,2.819697,1.6366911,0.01997915,2.8293056,1.3138313,0.033982117
204,1.6933594,0,2.747907,0.98418605,0.03776163,0.0,0.0,0.0,0.0,0.0,0.0,false,false,false,2.6516013,1.3243797,0.055674136,2.7289214,1.1056403,0.035180174
205,1.7016602,0,2.6635687,0.7239777,0.037755575,0.0,0.0,0.0,0.0,0.0,0.0,false,false,false,2.656703,0.5461846,0.024370492,2.6382518,0.86234945,0.037976492
206,1.7099609,0,2.575419,0.55912477,0.04399441,0.0,0.0,0.0,0.0,0.0,0.0,false,false,false,2.6471577,0.5566645,0.023558617,2.555196,0.61233354,0.04284479
207,1.7182617,0,2.4539535,0.3916279,0.05093023,0.0,0.0,0.0,0.0,0.0,0.0,false,false,false,2.453628,0.29516187,0.059255272,2.4580069,0.39815202,0.04698009
208,1.7265625,0,2.312849,0.28072625,0.050686684,0.0,0.0,0.0,0.0,0.0,0.0,false,false,false,2.3445623,0.0628041,0.060390532,2.3243463,0.25127333,0.048792485
209,1.7348633,0,2.1489758,0.22998138,0.04789339,0.0,0.0,0.0,0.0,0.0,0.0,false,false,false,2.334853,0.07627696,0.05951467,2.1629193,0.17140253,0.049080703
210,1.7431641,0,1.972093,0.21139535,0.043255813,0.0,0.0,0.0,0.0,0.0,0.0,false,false,false,2.1179335,0.11133444,0.06037569,2.0043595,0.14156929,0.047013447
211,1.7514648,0,1.8191985,0.22297297,0.038210623,0.0,0.0,0.0,0.0,0.0,0.0,false,false,false,1.5724117,0.106529236,0.03194222,1.8686649,0.16077486,0.04351727
212,1.7597656,0,1.7576888,0.2642125,0.03765727,0.0,0.0,0.0,0.0,0.0,0.0,false,false,false,1.5674053,0.1110681,0.0316191,1.74907,0.21144038,0.040059824
213,1.7680664,0,1.6762791,0.3160465,0.036337208,0.0,0.0,0.0,0.0,0.0,0.0,false,false,false,1.6186146,0.2691002,0.02150318,1.6253796,0.26306286,0.036117073
214,1.7763672,0,1.5317165,0.33442163,0.03486474,0.0,0.0,0.0,0.0,0.0,0.0,false,false,false,1.6557804,0.43472612,0.04632926,1.4832435,0.2964448,0.03159954
215,1.784668,0,1.3178005,0.31314072,0.028133737,0.0,0.0,0.0,0.0,0.0,0.0,false,false,false,1.6539177,0.42814416,0.046542913,1.3178385,0.31074113,0.027501771
216,1.7929688,0,1.0392157,0.27217555,0.02001634,0.0,0.0,0.0,0.0,0.0,0.0,false,false,false,1.3175782,0.4133792,0.021278143,1.1058513,0.30093843,0.023297269
217,1.8012695,0,0.7548928,0.20363466,0.014926025,0.0,0.0,0.0,0.0,0.0,0.0,false,false,false,0.6120204,0.17822665,0.0073027015,0.85531104,0.25311366,0.018279769
218,1.8095703,0,0.5521901,0.15435694,0.011169035,0.0,0.0,0.0,0.0,0.0,0.0,false,false,false,0.6110936,0.17573762,0.0073815584,0.5952081,0.18158339,0.011863359
219,1.8178711,0,0.34665427,0.111524165,0.0054019517,0.0,0.0,0.0,0.0,0.0,0.0,false,false,false,0.08863433,0.21773261,0.0045564473,0.36101186,0.123226255,0.004343797
220,1.8261719,0,0.22969188,0.0712535,-5.5484433E-4,0.0,0.0,0.0,0.0,0.0,0.0,false,false,false,0.06931129,-0.09802284,0.0063768625,0.18403633,0.09058989,-0.001939015
221,1.8344727,0,0.13988373,0.07790697,-0.004934593,0.0,0.0,0.0,0.0,0.0,0.0,false,false,false,0.06856932,-0.09719637,0.0063216686,0.07432808,0.0661528,-0.004700579
222,1.8427734,0,0.07790697,0.07244186,-0.007601744,0.0,0.0,0.0,0.0,0.0,0.0,false,false,false,-0.08070645,0.17424393,-0.03289157,0.018667905,0.030869808,-0.0052246843
223,1.8510742,0,0.06582323,0.007892665,-0.002521572,0.0,0.0,0.0,0.0,0.0,0.0,false,false,false,-0.081032336,0.17504334,-0.032934785,0.0072947578,-0.009618219,-0.004861161
224,1.859375,0,0.07611732,-0.06773743,0.0042008553,0.0,0.0,0.0,0.0,0.0,0.0,false,false,false,-0.011891171,-0.0044992715,0.02218011,0.01783786,-0.04356399,-0.0033077572
225,1.8676758,0,0.08963586,-0.11531279,0.001721522,0.0,0.0,0.0,0.0,0.0,0.0,false,false,false,0.057687894,-0.16858521,0.0045484602,0.038892455,-0.078371614,-0.0011764508
226,1.8759766,0,0.09815593,-0.12686741,-1.582013E-4,0.0,0.0,0.0,0.0,0.0,0.0,false,false,false,0.10600723,-0.27173305,-3.066063E-4,0.06563257,-0.11410458,1.1514157E-4
227,1.8842773,0,0.09762348,-0.10391426,-0.0032145563,0.0,0.0,0.0,0.0,0.0,0.0,false,false,false,0.13193764,-0.22025818,0.024809182,0.08492627,-0.12926705,-0.0017738225
228,1.8925781,0,0.08772134,-0.0804986,-0.011853448,0.0,0.0,0.0,0.0,0.0,0.0,false,false,false,0.10766509,-0.083191276,-0.018383488,0.090585485,-0.12263252,-0.006583901
229,1.9008789,0,0.06875,-0.061273366,-0.0138726635,0.0,0.0,0.0,0.0,0.0,0.0,false,false,false,0.11072546,-0.09404163,-0.017844215,0.07847568,-0.09430565,-0.011225915
230,1.9091797,0,0.026090251,0.016499534,-0.014196595,0.0,0.0,0.0,0.0,0.0,0.0,false,false,false,0.04593946,0.029538989,-0.021568015,0.04124239,-0.007868681,-0.013754478
231,1.9174805,0,-0.021047108,0.11042444,-0.013176306,0.0,0.0,0.0,0.0,0.0,0.0,false,false,false,0.051555246,0.012073927,-0.020623133,-0.009087886,0.103976175,-0.015047403
232,1.9257813,0,-0.066124886,0.19130029,-0.011970884,0.0,0.0,0.0,0.0,0.0,0.0,false,false,false,0.034030743,-0.38995537,-0.029438496,-0.04893765,0.17754647,-0.014675172
233,1.934082,0,-0.097067036,0.30121043,-0.008219856,0.0,0.0,0.0,0.0,0.0,0.0,false,false,false,-0.26727533,0.9438122,0.019225866,-0.07069475,0.19830425,-0.012954416
234,1.9423828,0,-0.0666356,0.16192918,-0.010324441,0.0,0.0,0.0,0.0,0.0,0.0,false,false,false,-0.24880661,0.65246975,-0.021248922,-0.07697041,0.18592758,-0.009118078
235,1.9506836,0,-0.02446412,0.022279823,-0.0050530056,0.0,0.0,0.0,0.0,0.0,0.0,false,false,false,-0.010079287,-0.033765137,-0.013823584,-0.06973383,0.14655265,-0.0047514522
236,1.9589844,0,-0.014986653,-0.026752554,2.797303E-4,0.0,0.0,0.0,0.0,0.0,0.0,false,false,false,-0.0119225755,-0.029490367,-0.014103487,-0.049472384,0.07195478,-8.4024813E-4
237,1.9672852,0,-0.010707635,-0.059939478,0.0052083335,0.0,0.0,0.0,0.0,0.0,0.0,false,false,false,0.038199455,-0.20196259,0.023895174,-0.025076637,-0.01997282,0.0014995184
238,1.9755859,0,-0.023524629,-0.033921935,0.0016409154,0.0,0.0,0.0,0.0,0.0,0.0,false,false,false,0.06267296,-0.2801063,-0.0014692545,-0.016166432,-0.057237107,0.0022139633
239,1.9838867,0,-0.050185874,0.039323885,-7.215309E-4,0.0,0.0,0.0,0.0,0.0,0.0,false,false,false,-0.032760892,-0.11086092,0.023751974,-0.027845472,-0.02593353,3.0233501E-4
240,1.9921875,0,-0.07069767,0.116976745,-0.008270348,0.0,0.0,0.0,0.0,0.0,0.0,false,false,false,-0.07436276,0.12654176,0.0064350963,-0.051131383,0.044030152,-0.003342141
241,2.0004883,0,-0.08781279,0.1749305,-0.013525255,0.0,0.0,0.0,0.0,0.0,0.0,false,false,false,-0.094461896,0.19005644,-0.027967617,-0.078131154,0.13248858,-0.0076915864
242,2.008789,0,-0.09781598,0.21840149,-0.012967588,0.0,0.0,0.0,0.0,0.0,0.0,false,false,false,-0.0990867,0.20161492,-0.028663948,-0.09737728,0.20757289,-0.011543932
243,2.0170898,0,-0.09790698,0.24,-0.011322674,0.0,0.0,0.0,0.0,0.0,0.0,false,false,false,-0.13950801,0.35616538,-0.0111368,-0.10051215,0.24065402,-0.014383828
244,2.0253906,0,-0.079725325,0.20554003,-0.012118831,0.0,0.0,0.0,0.0,0.0,0.0,false,false,false,-0.14937413,0.38296887,-0.0126093775,-0.08894699,0.22800699,-0.01512813
245,2.0336914,0,-0.04492551,0.12756053,-0.012802607,0.0,0.0,0.0,0.0,0.0,0.0,false,false,false,-0.08506323,0.25190932,-0.0102740675,-0.06391193,0.17639136,-0.014461004
246,2.0419922,0,-0.0059793997,0.036254656,-0.012526187,0.0,0.0,0.0,0.0,0.0,0.0,false,false,false,-0.027805544,0.116200715,-0.010733783,-0.026671033,0.093062066,-0.012672013
247,2.050293,0,0.033054005,-0.05807728,-0.010925861,0.0,0.0,0.0,0.0,0.0,0.0,false,false,false,0.004137069,-0.0024575144,-0.01002495,0.01711468,-0.009844864,-0.010415946
248,2.0585938,0,0.07157821,-0.15083799,-0.009107309,0.0,0.0,0.0,0.0,0.0,0.0,false,false,false,0.08552988,-0.1930922,-0.03608264,0.059342146,-0.11691848,-0.008514663
249,2.0668945,0,0.09549907,-0.21735075,-0.0022920067,0.0,0.0,0.0,0.0,0.0,0.0,false,false,false,0.14266343,-0.29576042,0.009947389,0.092264146,-0.20950754,-0.0065096584
250,2.0751953,0,0.10354478,-0.25466418,-0.0020988807,0.0,0.0,0.0,0.0,0.0,0.0,false,false,false,0.1270457,-0.25171795,0.008852482,0.11184259,-0.27061856,-0.0035941529
251,2.083496,0,0.10672719,-0.2802607,-0.002967877,0.0,0.0,0.0,0.0,0.0,0.0,false,false,false,0.15766323,-0.41433004,-0.010281935,0.11873519,-0.29594147,-0.0015119665
252,2.0917969,0,0.10192486,-0.2671614,-0.0015400336,0.0,0.0,0.0,0.0,0.0,0.0,false,false,false,0.13483651,-0.41044223,-0.0018599927,0.11800832,-0.297953,-6.3750334E-4
253,2.1000977,0,0.09993004,-0.24673508,-0.0023211578,0.0,0.0,0.0,0.0,0.0,0.0,false,false,false,0.08204077,-0.24515918,0.024672955,0.11520706,-0.29093456,-0.002128372
254,2.1083984,0,0.107593454,-0.25186917,-0.008820093,0.0,0.0,0.0,0.0,0.0,0.0,false,false,false,0.07048935,-0.17965576,-0.034664795,0.11340018,-0.28086618,-0.0046235826
255,2.1166992,0,0.119413406,-0.273743,-0.007768855,0.0,0.0,0.0,0.0,0.0,0.0,false,false,false,0.12113066,-0.24865621,0.013523817,0.11441706,-0.2743711,-0.0083099
256,2.125,0,0.12662943,-0.29748604,-0.015392225,0.0,0.0,0.0,0.0,0.0,0.0,false,false,false,0.13106109,-0.27524197,-0.015739396,0.12074552,-0.2842384,-0.013155576
257,2.1333008,0,0.13314712,-0.3263501,-0.018563781,0.0,0.0,0.0,0.0,0.0,0.0,false,false,false,0.12767495,-0.26618376,-0.015780106,0.13096608,-0.3134609,-0.017378354
258,2.1416016,0,0.14135514,-0.36682242,-0.020560747,0.0,0.0,0.0,0.0,0.0,0.0,false,false,false,0.14886792,-0.384248,-0.029468223,0.14046443,-0.3493073,-0.019121623
259,2.1499023,0,0.14462617,-0.38598132,-0.018311916,0.0,0.0,0.0,0.0,0.0,0.0,false,false,false,0.1499616,-0.3880246,-0.029457793,0.14578815,-0.37928125,-0.019347869
260,2.1582031,0,0.14112149,-0.38878503,-0.014281542,0.0,0.0,0.0,0.0,0.0,0.0,false,false,false,0.15197378,-0.44994852,-0.026660383,0.14356728,-0.38977897,-0.0172606
261,2.166504,0,0.12826492,-0.3596082,-0.010887943,0.0,0.0,0.0,0.0,0.0,0.0,false,false,false,0.15606429,-0.43501708,-0.008043528,0.13208932,-0.37276548,-0.01497697
262,2.1748047,0,0.1042444,-0.3017724,-0.011033699,0.0,0.0,0.0,0.0,0.0,0.0,false,false,false,0.16640633,-0.46574244,-0.007766962,0.11212359,-0.32700816,-0.013237857
263,2.1831055,0,0.067056075,-0.20233645,-0.011594626,0.0,0.0,0.0,0.0,0.0,0.0,false,false,false,0.08757658,-0.27699235,0.013285458,0.08298308,-0.248512,-0.011804769
264,2.1914063,0,0.031835206,-0.0997191,-0.016356507,0.0,0.0,0.0,0.0,0.0,0.0,false,false,false,0.024560802,-0.104500026,-0.026515722,0.04675145,-0.14391746,-0.011705846
265,2.199707,0,-7.947073E-4,0.0031169984,-0.01507216,0.0,0.0,0.0,0.0,0.0,0.0,false,false,false,0.039194927,-0.14724036,-0.025568351,0.0067958157,-0.024622612,-0.013050731
266,2.2080078,0,-0.04300512,0.13756983,-0.012613478,0.0,0.0,0.0,0.0,0.0,0.0,false,false,false,-0.0724448,0.2161744,-0.003720969,-0.03448863,0.10294204,-0.013814436
267,2.2163086,0,-0.07156134,0.22537175,-0.012865938,0.0,0.0,0.0,0.0,0.0,0.0,false,false,false,-0.081806704,0.26093432,-0.021736503,-0.07133176,0.21710983,-0.013283945
268,2.2246094,0,-0.09788175,0.29189944,-0.01011115,0.0,0.0,0.0,0.0,0.0,0.0,false,false,false,-0.07041286,0.22696805,-0.02052562,-0.10110952,0.30070555,-0.01142155
269,2.2329102,0,-0.1208256,0.33024117,-0.007276206,0.0,0.0,0.0,0.0,0.0,0.0,false,false,false,-0.19136286,0.64088106,0.008930773,-0.1209608,0.33461154,-0.009675777
270,2.241211,0,-0.11520522,0.25699627,-0.009313783,0.0,0.0,0.0,0.0,0.0,0.0,false,false,false,-0.1490838,0.40509588,-0.011146024,-0.12597677,0.309581,-0.008552052
271,2.2495117,0,-0.106576495,0.18959887,-0.008687033,0.0,0.0,0.0,0.0,0.0,0.0,false,false,false,-0.14663102,0.39395633,-0.010687992,-0.12093768,0.254197,-0.00771248
272,2.2578125,0,-0.095670395,0.12942272,-0.007216015,0.0,0.0,0.0,0.0,0.0,0.0,false,false,false,-0.15171163,0.14767021,-0.0029636323,-0.11218067,0.20573409,-0.0068862834
273,2.2661133,0,-0.08232276,0.12709887,-0.0042852145,0.0,0.0,0.0,0.0,0.0,0.0,false,false,false,-0.032497987,-0.13938423,-0.010680571,-0.10123682,0.17267615,-0.004028224
274,2.274414,0,-0.088736005,0.18819962,0.0010312209,0.0,0.0,0.0,0.0,0.0,0.0,false,false,false,-0.03919393,-0.12176195,-0.011424422,-0.09186693,0.16427025,4.1927767E-4
275,2.2827148,0,-0.09591121,0.26214954,0.004015771,0.0,0.0,0.0,0.0,0.0,0.0,false,false,false,-0.11963261,0.3926505,-0.0071049333,-0.08584228,0.17881206,0.001822047
276,2.2910156,0,-0.09061338,0.2560409,0.0036593867,0.0,0.0,0.0,0.0,0.0,0.0,false,false,false,-0.08911842,0.32675135,0.034204632,-0.084765084,0.21491486,-1.37489715E-5
277,2.2993164,0,-0.084572494,0.23652416,-0.0038554252,0.0,0.0,0.0,0.0,0.0,0.0,false,false,false,-0.101502575,0.35680598,0.033121318,-0.083413444,0.23949651,-0.0014489109
278,2.3076172,0,-0.06775701,0.17313084,-0.011390187,0.0,0.0,0.0,0.0,0.0,0.0,false,false,false,-0.083438426,0.23686057,-0.03373055,-0.07228758,0.21201608,-0.002317757
279,2.315918,0,-0.042306796,0.086359404,-0.008467179,0.0,0.0,0.0,0.0,0.0,0.0,false,false,false,-0.1013582,0.2834709,-0.034961745,-0.04880111,0.12625706,-0.0049256613
280,2.3242188,0,0.0029696212,-0.05924721,-0.004632319,0.0,0.0,0.0,0.0,0.0,0.0,false,false,false,-0.025723211,0.04063168,-0.0027014017,-0.01207205,-0.0016246963,-0.008526663
281,2.3325195,0,0.05659722,-0.22592592,-0.0062355325,0.0,0.0,0.0,0.0,0.0,0.0,false,false,false,0.029068775,-0.17021878,0.00492844,0.04042465,-0.1701167,-0.010566749
282,2.3408203,0,0.11196462,-0.39013034,-0.011013152,0.0,0.0,0.0,0.0,0.0,0.0,false,false,false,0.046398498,-0.24875337,-0.011586025,0.09840384,-0.34955344,-0.011175574
283,2.349121,0,0.16124535,-0.5269517,-0.015276487,0.0,0.0,0.0,0.0,0.0,0.0,false,false,false,0.1662062,-0.5139102,0.0063471794,0.14435975,-0.48875,-0.01398424
284,2.3574219,0,0.18076208,-0.5864312,-0.022566218,0.0,0.0,0.0,0.0,0.0,0.0,false,false,false,0.30943888,-0.97325397,-0.02729392,0.17191547,-0.5643675,-0.018268637
285,2.3657227,0,0.16565984,-0.5315985,-0.024570167,0.0,0.0,0.0,0.0,0.0,0.0,false,false,false,0.29655278,-0.9379098,-0.02689606,0.18349415,-0.58805287,-0.022264946
286,2.3740234,0,0.1366171,-0.44516727,-0.026254646,0.0,0.0,0.0,0.0,0.0,0.0,false,false,false,0.13406894,-0.4666438,-0.049795657,0.17678937,-0.5660189,-0.025646344
287,2.3823242,0,0.11963619,-0.40018657,-0.022621268,0.0,0.0,0.0,0.0,0.0,0.0,false,false,false,0.125854,-0.35567588,-0.016932473,0.14900027,-0.49402896,-0.02702184
288,2.390625,0,0.097299814,-0.3621974,-0.021764431,0.0,0.0,0.0,0.0,0.0,0.0,false,false,false,0.123244956,-0.35338292,-0.016899303,0.11162456,-0.39848348,-0.02461837
289,2.3989258,0,0.07483706,-0.3244879,-0.018563781,0.0,0.0,0.0,0.0,0.0,0.0,false,false,false,0.06932241,-0.32245752,-0.04215771,0.08200412,-0.32578066,-0.019183103
290,2.4072266,0,0.062267225,-0.2932961,-0.00909276,0.0,0.0,0.0,0.0,0.0,0.0,false,false,false,0.027955532,-0.23429042,-0.008897871,0.064785,-0.28806657,-0.012505594
291,2.4155273,0,0.058185633,-0.27518657,-0.0027183418,0.0,0.0,0.0,0.0,0.0,0.0,false,false,false,0.030445352,-0.24452439,-0.009048581,0.05353924,-0.26379848,-0.005597608
292,2.4238281,0,0.05398787,-0.24906716,0.004897388,0.0,0.0,0.0,0.0,0.0,0.0,false,false,false,0.05143629,-0.28924328,0.006016314,0.04467965,-0.23627813,0.0020972544
293,2.432129,0,0.04349347,-0.2056903,0.009649021,0.0,0.0,0.0,0.0,0.0,0.0,false,false,false,0.049419664,-0.20871823,0.015697062,0.036553904,-0.20315929,0.008763092
294,2.4404297,0,0.030433768,-0.1639459,0.0065006996,0.0,0.0,0.0,0.0,0.0,0.0,false,false,false,0.0549227,-0.22858223,0.015499145,0.028234746,-0.16674282,0.008360734
295,2.4487305,0,0.012598929,-0.11126629,-0.001360277,0.0,0.0,0.0,0.0,0.0,0.0,false,false,false,0.035432383,-0.12120756,0.03269738,0.017118748,-0.124941535,8.7422563E-4
296,2.4570313,0,-0.010734954,-0.065046296,-9.1869215E-4,0.0,0.0,0.0,0.0,0.0,0.0,false,false,false,-0.030380853,-0.013780527,0.006396115,-0.0024658646,-0.07700564,0.0047820793
297,2.465332,0,-0.030258862,-0.031833023,0.012622435,0.0,0.0,0.0,0.0,0.0,0.0,false,false,false,-0.022009548,-0.041947473,0.0063539743,-0.02798032,-0.029749133,0.01885001
298,2.4736328,0,-0.05377095,0.009150954,0.023510242,0.0,0.0,0.0,0.0,0.0,0.0,false,false,false,0.009520076,-0.006871298,-0.19094062,-0.05278527,0.012820064,0.02672522
299,2.4819336,0,-0.08481308,0.049415886,0.0656542,0.0,0.0,0.0,0.0,0.0,0.0,false,false,false,-0.13496666,0.09656525,0.19852662,-0.074905,0.04957146,0.031058932
300,2.4902344,0,-0.09357542,0.07553538,0.047486033,0.0,0.0,0.0,0.0,0.0,0.0,false,false,false,-0.1255829,0.06910056,0.19876298,-0.09370565,0.08193229,0.039883558
301,2.4985352,0,-0.0973513,0.10408922,0.020968866,0.0,0.0,0.0,0.0,0.0,0.0,false,false,false,-0.08317891,0.09651588,-0.10129501,-0.10546272,0.10931106,0.04735774
302,2.506836,0,-0.10093458,0.12476636,0.037850466,0.0,0.0,0.0,0.0,0.0,0.0,false,false,false,-0.149003,0.17953068,0.07451972,-0.1071472,0.12701891,0.045452524
303,2.5151367,0,-0.08931903,0.1252332,0.026410915,0.0,0.0,0.0,0.0,0.0,0.0,false,false,false,-0.14412455,0.1643838,0.07475832,-0.099543095,0.13461606,0.030586667
304,2.5234375,0,-0.0726257,0.11499069,0.0107949255,0.0,0.0,0.0,0.0,0.0,0.0,false,false,false,-0.050984696,0.1523701,-0.06169939,-0.08842678,0.13033317,0.017063234
305,2.5317383,0,-0.06784387,0.0901487,0.015654042,0.0,0.0,0.0,0.0,0.0,0.0,false,false,false,-0.06761298,0.123140305,0.047855467,-0.07573041,0.107946746,0.011081182
306,2.540039,0,-0.060284514,0.05655317,0.0051597483,0.0,0.0,0.0,0.0,0.0,0.0,false,false,false,-0.069160916,0.12357703,0.04783252,-0.062698066,0.07239261,0.0047386633
307,2.5483398,0,-0.054818437,0.016672486,-0.0043427027,0.0,0.0,0.0,0.0,0.0,0.0,false,false,false,-0.03171045,0.05736375,-0.071418956,-0.05500984,0.036127675,0.0018824049
308,2.5566406,0,-0.057476636,-0.014106308,0.0056366823,0.0,0.0,0.0,0.0,0.0,0.0,false,false,false,-0.045875803,-0.08033545,0.004955739,-0.054204572,0.0045765843,0.0015852833
309,2.5649414,0,-0.06168377,-0.018131996,0.0056698928,0.0,0.0,0.0,0.0,0.0,0.0,false,false,false,-0.049152665,-0.0732159,0.004830539,-0.0567337,-0.01872449,6.2192215E-5
310,2.5732422,0,-0.0677472,-0.010086288,0.008614155,0.0,0.0,0.0,0.0,0.0,0.0,false,false,false,-0.059668757,-0.039545268,0.018227518,-0.062167466,-0.025577266,0.0034187683
311,2.581543,0,-0.07338483,0.002626112,0.009377926,0.0,0.0,0.0,0.0,0.0,0.0,false,false,false,-0.0740102,-0.04180023,-0.0013691783,-0.06917877,-0.015280203,0.009808726
312,2.5898438,0,-0.07254673,0.012908879,0.009550233,0.0,0.0,0.0,0.0,0.0,0.0,false,false,false,-0.07866179,-0.030206077,-0.0015310645,-0.07108476,-0.003315852,0.009340557
313,2.5981445,0,-0.06261704,0.010533708,0.009685159,0.0,0.0,0.0,0.0,0.0,0.0,false,false,false,-0.089844674,0.08420077,0.040551096,-0.063782014,-0.004642071,0.007074081
314,2.6064453,0,-0.04445996,-0.0229865,0.0037243948,0.0,0.0,0.0,0.0,0.0,0.0,false,false,false,-0.0966168,0.10181445,0.04036808,-0.05035095,-0.0193137,0.0066289455
315,2.614746,0,-0.019626169,-0.078504674,-0.0030008762,0.0,0.0,0.0,0.0,0.0,0.0,false,false,false,-0.043639414,-0.039458536,-0.076633066,-0.03290315,-0.0502981,0.006054105
316,2.6230469,0,0.002557751,-0.13320826,0.011257036,0.0,0.0,0.0,0.0,0.0,0.0,false,false,false,0.045918457,-0.15324068,0.028621912,-0.0111269355,-0.10249649,0.00607593
317,2.6313477,0,0.012933052,-0.1821161,0.010475188,0.0,0.0,0.0,0.0,0.0,0.0,false,false,false,0.00475765,-0.11126734,0.028499663,0.01221806,-0.16828388,0.0068471623
318,2.6396484,0,0.02839319,-0.24347015,0.0063403687,0.0,0.0,0.0,0.0,0.0,0.0,false,false,false,0.022510126,-0.24526238,-0.035967812,0.03052084,-0.22977515,0.0067266794
319,2.6479492,0,0.038129665,-0.27985075,0.011602146,0.0,0.0,0.0,0.0,0.0,0.0,false,false,false,0.06969558,-0.35880896,0.0510844,0.03973119,-0.27303457,0.0072406917
320,2.65625,0,0.036525972,-0.2796846,0.0022357665,0.0,0.0,0.0,0.0,0.0,0.0,false,false,false,0.06237085,-0.33959037,0.051183432,0.041632168,-0.29197544,0.004898329
321,2.6645508,0,0.03148321,-0.2602612,-0.007885378,0.0,0.0,0.0,0.0,0.0,0.0,false,false,false,0.040840447,-0.3654162,-0.082371175,0.040081743,-0.28317037,0.0022591471
322,2.6728516,0,0.026022306,-0.21468401,0.005300302,0.0,0.0,0.0,0.0,0.0,0.0,false,false,false,0.045265995,-0.3315646,0.031886697,0.03403137,-0.24886139,0.0019935414
323,2.6811523,0,0.019064832,-0.16604477,-1.15010276E-4,0.0,0.0,0.0,0.0,0.0,0.0,false,false,false,0.010093749,-0.18638964,-8.6557865E-4,0.026213199,-0.20654128,-0.0010975437
324,2.6894531,0,0.018784788,-0.14564008,-0.003268495,0.0,0.0,0.0,0.0,0.0,0.0,false,false,false,0.022779547,-0.08010425,-0.048041612,0.020875063,-0.17301944,-0.004573432
325,2.697754,0,0.019408504,-0.16173752,7.725855E-4,0.0,0.0,0.0,0.0,0.0,0.0,false,false,false,-0.0146501735,-0.015330121,0.08903164,0.020097876,-0.16291943,-0.0059394627
326,2.7060547,0,0.030843401,-0.21700743,-0.017135223,0.0,0.0,0.0,0.0,0.0,0.0,false,false,false,0.026163444,-0.14954865,-0.04309924,0.024860606,-0.18481107,-0.008356204
327,2.7143555,0,0.03980447,-0.26955307,-0.015304935,0.0,0.0,0.0,0.0,0.0,0.0,false,false,false,0.025638044,-0.15234596,-0.04312381,0.0343471,-0.23159328,-0.01123092
328,2.7226563,0,0.04407649,-0.31436568,-0.011077425,0.0,0.0,0.0,0.0,0.0,0.0,false,false,false,0.040003613,-0.35306716,-0.006695956,0.039437223,-0.2732869,-0.013248411
329,2.730957,0,0.033747677,-0.29182157,-0.01065869,0.0,0.0,0.0,0.0,0.0,0.0,false,false,false,0.06947558,-0.45959312,-0.008055627,0.031683397,-0.27860588,-0.01438047
330,2.7392578,0,0.0052909283,-0.21268657,-0.008249767,0.0,0.0,0.0,0.0,0.0,0.0,false,false,false,0.102667525,-0.44345465,-0.0396432,0.010892123,-0.24022211,-0.010198688
331,2.7475586,0,-0.041277986,-0.09421642,0.0018365205,0.0,0.0,0.0,0.0,0.0,0.0,false,false,false,0.017298475,-0.29434714,0.023011714,-0.019888274,-0.16021197,-0.0034139277
332,2.7558594,0,-0.08442164,0.031133395,0.0027912196,0.0,0.0,0.0,0.0,0.0,0.0,false,false,false,-0.12161075,0.11439273,-0.005093947,-0.058119915,-0.049258348,0.0023904012
333,2.7641602,0,-0.10611007,0.0988806,0.0065590017,0.0,0.0,0.0,0.0,0.0,0.0,false,false,false,-0.110635296,0.08108717,-0.0050112605,-0.09640051,0.064606175,0.005850855
334,2.772461,0,-0.12035316,0.15195167,0.009467937,0.0,0.0,0.0,0.0,0.0,0.0,false,false,false,-0.16767521,0.3125462,0.033379883,-0.12140393,0.14398989,0.0078753885
335,2.7807617,0,-0.11547398,0.13894051,0.00464684,0.0,0.0,0.0,0.0,0.0,0.0,false,false,false,-0.18617462,0.3078846,0.032408714,-0.12736794,0.17039809,0.006980308
336,2.7890625,0,-0.09804833,0.09456319,-0.0015174837,0.0,0.0,0.0,0.0,0.0,0.0,false,false,false,-0.16189907,0.25932628,-0.038394883,-0.11880698,0.14864898,0.0053609367
337,2.7973633,0,-0.07876394,0.035432156,0.0030494889,0.0,0.0,0.0,0.0,0.0,0.0,false,false,false,-0.051994897,0.06161657,0.037543356,-0.10383886,0.10056576,0.0025262493
338,2.805664,0,-0.07588454,-0.0020113187,-0.0042190407,0.0,0.0,0.0,0.0,0.0,0.0,false,false,false,-0.069455996,-0.013112143,-0.029678404,-0.08657587,0.041675113,-9.4492635E-4
339,2.8139648,0,-0.072897196,-0.022721963,-9.692611E-4,0.0,0.0,0.0,0.0,0.0,0.0,false,false,false,-0.051298603,-0.09798565,0.002567798,-0.074088626,-0.0057757827,-0.0029398624
340,2.8222656,0,-0.075093284,-0.019939365,-0.0021426072,0.0,0.0,0.0,0.0,0.0,0.0,false,false,false,-0.057756666,-0.08818783,-0.0010757446,-0.06973517,-0.030221239,-0.0030028278
341,2.8305664,0,-0.077336445,-0.007973131,-0.0022123249,0.0,0.0,0.0,0.0,0.0,0.0,false,false,false,-0.060400754,-0.08167271,-0.0011491776,-0.07068609,-0.031415764,-0.0031612215
342,2.8388672,0,-0.07859142,0.009065998,-0.0011624009,0.0,0.0,0.0,0.0,0.0,0.0,false,false,false,-0.10699841,0.036037624,-0.013109893,-0.071738,-0.019124003,-0.0010573545
343,2.847168,0,-0.06913408,0.0017749069,0.0016621567,0.0,0.0,0.0,0.0,0.0,0.0,false,false,false,-0.08611303,0.01525484,0.014158785,-0.07040732,-0.009679548,-2.908391E-5
344,2.8554688,0,-0.05796933,-0.018122677,0.0015428961,0.0,0.0,0.0,0.0,0.0,0.0,false,false,false,-0.058602244,0.022788249,-0.026301578,-0.063392036,-0.017507654,0.001873254
345,2.8637695,0,-0.046584573,-0.05204461,0.009032295,0.0,0.0,0.0,0.0,0.0,0.0,false,false,false,-0.064619265,0.058034927,0.048142076,-0.05121461,-0.041580547,0.0052043647
346,2.8720703,0,-0.033564813,-0.097222224,0.004296875,0.0,0.0,0.0,0.0,0.0,0.0,false,false,false,-0.050708197,-0.06451937,-0.036553636,-0.038344063,-0.072158866,0.007827019
347,2.880371,0,-0.021469908,-0.13148148,0.011950231,0.0,0.0,0.0,0.0,0.0,0.0,false,false,false,0.008239061,-0.2095488,0.029647201,-0.027176445,-0.10733299,0.008690813
348,2.8886719,0,-0.015566697,-0.15811567,0.008395523,0.0,0.0,0.0,0.0,0.0,0.0,false,false,false,-3.117323E-4,-0.18704587,0.029644221,-0.01463528,-0.15648054,0.008634101
349,2.8969727,0,-0.008073885,-0.19702603,-8.3271014E-5,0.0,0.0,0.0,0.0,0.0,0.0,false,false,false,-0.021908917,-0.14116447,-0.0035568774,-0.0030361265,-0.20736623,0.003887818
350,2.9052734,0,0.0021564243,-0.241171,-0.00749303,0.0,0.0,0.0,0.0,0.0,0.0,false,false,false,-0.029373296,-0.121276185,-0.003461033,0.0042552412,-0.24299604,-0.0041700224
351,2.9135742,0,0.012826492,-0.28264925,-0.014517258,0.0,0.0,0.0,0.0,0.0,0.0,false,false,false,0.06547272,-0.4503052,0.030474514,0.007934046,-0.26062274,-0.012554944
352,2.921875,0,0.0056326077,-0.26029962,-0.024227528,0.0,0.0,0.0,0.0,0.0,0.0,false,false,false,0.008654229,-0.3240639,-0.06151162,0.009681435,-0.2674134,-0.016625205
353,2.9301758,0,0.0022384129,-0.23782772,-0.015800562,0.0,0.0,0.0,0.0,0.0,0.0,false,false,false,0.0055212304,-0.31507355,-0.061414123,0.007838261,-0.2618398,-0.016043883
354,2.9384766,0,-0.005203475,-0.2028918,-0.0035637245,0.0,0.0,0.0,0.0,0.0,0.0,false,false,false,0.033556633,-0.24542595,-0.010895357,-1.1936625E-4,-0.237399,-0.012802427
355,2.9467773,0,-0.020172575,-0.1721082,0.0015450093,0.0,0.0,0.0,0.0,0.0,0.0,false,false,false,-0.024602368,-0.14392711,0.009230524,-0.011842822,-0.19816206,-0.008007216
356,2.9550781,0,-0.026585821,-0.15718284,0.0023976795,0.0,0.0,0.0,0.0,0.0,0.0,false,false,false,-0.024923123,-0.14555374,0.009212911,-0.021719448,-0.16415296,-0.0014967328
357,2.963379,0,-0.030317165,-0.14692163,0.0012534981,0.0,0.0,0.0,0.0,0.0,0.0,false,false,false,-0.052987598,-0.1068603,0.03706342,-0.028080335,-0.14465047,0.0022979917
358,2.9716797,0,-0.02700976,-0.1482342,-0.007188081,0.0,0.0,0.0,0.0,0.0,0.0,false,false,false,-0.042014737,-0.112158954,-0.013161093,-0.030638736,-0.13782594,4.303499E-4
359,2.9799805,0,-0.022537176,-0.15427509,-0.009235594,0.0,0.0,0.0,0.0,0.0,0.0,false,false,false,-0.04292565,-0.1114438,-0.013151303,-0.028474329,-0.14061764,-0.0045712367
360,2.9882813,0,-0.01719916,-0.16511194,-0.009357509,0.0,0.0,0.0,0.0,0.0,0.0,false,false,false,-0.009511888,-0.2015973,-0.0022452176,-0.024334598,-0.14913075,-0.008140204
361,2.996582,0,-0.018316947,-0.16151686,-0.00880735,0.0,0.0,0.0,0.0,0.0,0.0,false,false,false,-0.009199806,-0.15015243,-0.0277275,-0.021145837,-0.15809259,-0.008257737
362,3.0048828,0,-0.02253043,-0.16292135,-0.0023408239,0.0,0.0,0.0,0.0,0.0,0.0,false,false,false,-0.009340618,-0.15188125,-0.027746603,-0.021441864,-0.16186364,-0.0050723325
363,3.0131836,0,-0.030666977,-0.15625,0.005203475,0.0,0.0,0.0,0.0,0.0,0.0,false,false,false,-0.010639466,-0.218914,0.01662743,-0.026703795,-0.15618196,-0.001110746
364,3.0214844,0,-0.04139459,-0.1329291,0.006325793,0.0,0.0,0.0,0.0,0.0,0.0,false,false,false,-0.041282408,-0.13661638,0.014039725,-0.035174474,-0.14146666,0.003357422
365,3.0297852,0,-0.047807835,-0.114272386,0.007083722,0.0,0.0,0.0,0.0,0.0,0.0,false,false,false,-0.039405473,-0.14390197,0.0139651,-0.04384548,-0.12300141,0.007698242
366,3.038086,0,-0.053487826,-0.09246255,0.005749649,0.0,0.0,0.0,0.0,0.0,0.0,false,false,false,-0.07918005,-0.09794931,0.0059030354,-0.050844748,-0.10319585,0.008715352
367,3.0463867,0,-0.052434456,-0.078183524,0.0037745787,0.0,0.0,0.0,0.0,0.0,0.0,false,false,false,-0.059679296,-0.043941345,0.011828303,-0.05534403,-0.08443393,0.0058158836
368,3.0546875,0,-0.052668538,-0.073033705,-6.7435845E-5,0.0,0.0,0.0,0.0,0.0,0.0,false,false,false,-0.056704033,-0.05402074,0.01175338,-0.05681501,-0.0702198,0.0020327982
369,3.0629883,0,-0.052434456,-0.06858614,-0.0038330993,0.0,0.0,0.0,0.0,0.0,0.0,false,false,false,-0.053757083,-0.05944323,-0.010977998,-0.05618093,-0.06127782,-7.0894597E-4
370,3.071289,0,-0.05196629,-0.068117976,-0.0034380853,0.0,0.0,0.0,0.0,0.0,0.0,false,false,false,-0.051175993,-0.068217665,-0.011023909,-0.053990446,-0.060216565,-0.0024635908
371,3.0795898,0,-0.05048974,-0.07136194,-0.0028713853,0.0,0.0,0.0,0.0,0.0,0.0,false,false,false,-0.050353028,-0.04791072,-0.010613173,-0.051289808,-0.0673769,-0.0039877426
372,3.0878906,0,-0.04844331,-0.08108736,-0.0034560873,0.0,0.0,0.0,0.0,0.0,0.0,false,false,false,-0.05589252,-0.059913903,0.0011709034,-0.0487449,-0.07622651,-0.0060051866
373,3.0961914,0,-0.04582556,-0.09235074,-0.0060342816,0.0,0.0,0.0,0.0,0.0,0.0,false,false,false,-0.053726356,-0.06734878,0.0011514425,-0.046859715,-0.084612526,-0.0071612056
374,3.1044922,0,-0.04507435,-0.09921004,-0.007434944,0.0,0.0,0.0,0.0,0.0,0.0,false,false,false,-0.030469902,-0.14726648,0.0025908947,-0.046999604,-0.09049182,-0.0064604287
375,3.112793,0,-0.05192669,-0.0824718,-0.009604088,0.0,0.0,0.0,0.0,0.0,0.0,false,false,false,-0.042533375,-0.09423527,-0.026511237,-0.050448343,-0.08618361,-0.0066580097
376,3.1210938,0,-0.059222847,-0.06554307,-0.0073735956,0.0,0.0,0.0,0.0,0.0,0.0,false,false,false,-0.040699974,-0.101383016,-0.026513547,-0.056383453,-0.07205547,-0.008171061
377,3.1293945,0,-0.067397386,-0.048041046,-0.0030754432,0.0,0.0,0.0,0.0,0.0,0.0,false,false,false,-0.05619658,-0.1290274,0.030378073,-0.062134225,-0.05822707,-0.0078050946
378,3.1376953,0,-0.0701959,-0.031599812,-0.006223764,0.0,0.0,0.0,0.0,0.0,0.0,false,false,false,-0.09573,0.057125658,-0.023179218,-0.06518294,-0.050681658,-0.0046574366
379,3.145996,0,-0.06389405,-0.051463753,-7.660026E-4,0.0,0.0,0.0,0.0,0.0,0.0,false,false,false,-0.094324656,0.051832393,-0.023168787,-0.06484097,-0.050069533,-8.1919506E-4
380,3.1542969,0,-0.053703703,-0.07986111,0.0052662035,0.0,0.0,0.0,0.0,0.0,0.0,false,false,false,-0.06864362,-0.08101815,0.024061054,-0.061211966,-0.056967527,0.0015936665
381,3.1625977,0,-0.04482678,-0.09667603,0.0047694286,0.0,0.0,0.0,0.0,0.0,0.0,false,false,false,-0.034950953,-0.10513521,0.006130427,-0.0535532,-0.076048724,0.0039903456
382,3.1708984,0,-0.04111842,-0.11137218,0.0063293,0.0,0.0,0.0,0.0,0.0,0.0,false,false,false,-0.035354793,-0.10655986,0.006132275,-0.044383742,-0.1031438,0.007221682
383,3.1791992,0,-0.04197761,-0.11800373,0.005451259,0.0,0.0,0.0,0.0,0.0,0.0,false,false,false,-0.03631345,-0.1305081,0.00456506,-0.040819198,-0.11818937,0.0070291823
384,3.1875,0,-0.04890799,-0.108271375,0.0027518007,0.0,0.0,0.0,0.0,0.0,0.0,false,false,false,-0.023150139,-0.16629374,0.017366588,-0.04602017,-0.11280898,0.0032708354
385,3.1958008,0,-0.06342593,-0.08240741,-0.003153935,0.0,0.0,0.0,0.0,0.0,0.0,false,false,false,-0.022221215,-0.17083724,0.017381817,-0.057389617,-0.09469934,-7.52182E-4
386,3.2041016,0,-0.08178439,-0.04530669,-0.00929368,0.0,0.0,0.0,0.0,0.0,0.0,false,false,false,-0.081215546,-0.059883133,-0.028040186,-0.07071926,-0.06934188,-0.0040858514
387,3.2124023,0,-0.09038104,-0.021259293,-0.0065927044,0.0,0.0,0.0,0.0,0.0,0.0,false,false,false,-0.11015965,0.0076504424,-0.012783408,-0.08246318,-0.04056805,-0.005952359
388,3.2207031,0,-0.08958333,-0.011805556,-0.0038773147,0.0,0.0,0.0,0.0,0.0,0.0,false,false,false,-0.10848691,0.00286939,-0.0127559155,-0.090066224,-0.016112084,-0.005794203
389,3.229004,0,-0.083180144,-0.017693015,-5.457261E-4,0.0,0.0,0.0,0.0,0.0,0.0,false,false,false,-0.12577198,0.05490309,-0.018050909,-0.08900542,-0.011722425,-0.003965682
390,3.2373047,0,-0.06549816,-0.055581182,0.002515279,0.0,0.0,0.0,0.0,0.0,0.0,false,false,false,-0.07539582,0.0053221807,0.016391188,-0.07752209,-0.03646366,-0.0022418897
391,3.2456055,0,-0.050418217,-0.10083643,-0.0014376162,0.0,0.0,0.0,0.0,0.0,0.0,false,false,false,-0.076906934,0.008419074,0.016372591,-0.060391285,-0.0781536,-0.002197557
392,3.2539063,0,-0.03576389,-0.14861111,-0.005946181,0.0,0.0,0.0,0.0,0.0,0.0,false,false,false,-0.0316249,-0.12791802,0.0050238967,-0.04502567,-0.11690618,-0.0027390702
393,3.262207,0,-0.032060184,-0.16944444,-0.0074363425,0.0,0.0,0.0,0.0,0.0,0.0,false,false,false,0.0035681725,-0.2889552,-0.020011693,-0.036032766,-0.14644063,-0.0026601097
394,3.2705078,0,-0.039442886,-0.15730338,-0.0034673456,0.0,0.0,0.0,0.0,0.0,0.0,false,false,false,0.0017262846,-0.2852615,-0.020028204,-0.034572463,-0.16513802,-0.0025196914
395,3.2788086,0,-0.052396618,-0.12969925,0.0014978853,0.0,0.0,0.0,0.0,0.0,0.0,false,false,false,-0.03222215,-0.12067093,-0.01292789,-0.040153764,-0.16510104,-0.0017848731
396,3.2871094,0,-0.06598513,-0.10548327,0.005605251,0.0,0.0,0.0,0.0,0.0,0.0,false,false,false,-0.07112293,-0.12077963,0.017780185,-0.053249132,-0.1333556,2.0970716E-4
397,3.2954102,0,-0.07641509,-0.06768868,0.0049380898,0.0,0.0,0.0,0.0,0.0,0.0,false,false,false,-0.07099923,-0.121227555,0.017781973,-0.069889724,-0.08205545,0.0033987288
398,3.303711,0,-0.08364312,-0.029507436,0.003949814,0.0,0.0,0.0,0.0,0.0,0.0,false,false,false,-0.08251748,-0.11279848,0.0045981407,-0.08181637,-0.0408311,0.006308687
399,3.3120117,0,-0.083101854,-0.0057002315,0.00426794,0.0,0.0,0.0,0.0,0.0,0.0,false,false,false,-0.11386089,0.10940789,6.825626E-4,-0.08337099,-0.025521634,0.006963557
400,3.3203125,0,-0.07268518,-0.02824074,0.004890046,0.0,0.0,0.0,0.0,0.0,0.0,false,false,false,-0.11425767,0.10995439,6.7928433E-4,-0.0780206,-0.023864947,0.0056772735
401,3.3286133,0,-0.062268518,-0.05648148,0.005902778,0.0,0.0,0.0,0.0,0.0,0.0,false,false,false,-0.085876286,0.013339564,0.01495266,-0.07311419,-0.024778144,0.004971792
402,3.336914,0,-0.05901487,-0.07225836,0.005227695,0.0,0.0,0.0,0.0,0.0,0.0,false,false,false,-0.016372241,-0.15720576,9.4896555E-4,-0.07044956,-0.03387573,0.005808369
403,3.3452148,0,-0.06879664,-0.06273321,0.0060925838,0.0,0.0,0.0,0.0,0.0,0.0,false,false,false,-0.018105812,-0.15414673,9.377301E-4,-0.06885772,-0.05370969,0.0063775764
404,3.3535156,0,-0.08005618,-0.053604867,0.005969101,0.0,0.0,0.0,0.0,0.0,0.0,false,false,false,-0.08688764,0.0019092709,0.011061758,-0.06875005,-0.07200978,0.005245261
405,3.3618164,0,-0.07835821,-0.07486007,0.0046496037,0.0,0.0,0.0,0.0,0.0,0.0,false,false,false,-0.1009684,-0.05535655,0.011153847,-0.06981875,-0.08311832,0.0045579206
406,3.3701172,0,-0.067397386,-0.10027985,0.003206623,0.0,0.0,0.0,0.0,0.0,0.0,false,false,false,-0.10214335,-0.052516263,0.011146396,-0.06801866,-0.097304836,0.0045396867
407,3.378418,0,-0.050429184,-0.13572961,3.248223E-4,0.0,0.0,0.0,0.0,0.0,0.0,false,false,false,-0.077049896,-0.09550499,-0.025220588,-0.054587822,-0.12988412,0.0021164094
408,3.3867188,0,-0.03165064,-0.17628205,0.0022911658,0.0,0.0,0.0,0.0,0.0,0.0,false,false,false,-0.050475225,-0.1328494,0.021065027,-0.040563814,-0.16282633,-9.7635394E-4
409,3.3950195,0,-0.010609568,-0.22222222,-0.0055459104,0.0,0.0,0.0,0.0,0.0,0.0,false,false,false,0.01347772,-0.28772986,0.009615421,-0.02478366,-0.19828327,-0.003967251
410,3.4033203,0,-0.0037593986,-0.22556391,-0.017857144,0.0,0.0,0.0,0.0,0.0,0.0,false,false,false,-0.008936077,-0.21423467,-0.023030505,-0.0072107916,-0.236406,-0.006942948
