time,r0,r1,r2,r3,r4,r5,r6,r7,r8,wx,wy,wz,mx,my,mz,gx,gy,gz,ax,ay,az
762085.647066,0.999719,0.000082,-0.023709,0.000026,0.999990,0.004551,0.023709,-0.004550,0.999709,0.002611,0.001005,0.005660,0.000000,0.000000,0.000000,0.023709,-0.004551,-0.999709,-0.000592,0.000126,0.024763
762085.676186,0.999718,0.000097,-0.023730,0.000011,0.999990,0.004529,0.023730,-0.004528,0.999708,-0.002360,0.005723,0.002080,0.000000,0.000000,0.000000,0.023730,-0.004529,-0.999708,0.001325,-0.002979,0.038221
762085.685893,0.999718,0.000010,-0.023750,0.000097,0.999990,0.004482,0.023749,-0.004483,0.999708,-0.003475,0.004549,-0.006468,0.000000,0.000000,0.000000,0.023782,-0.004480,-0.999707,0.000221,0.002954,0.028668
762085.695599,0.999718,0.000010,-0.023750,0.000097,0.999990,0.004482,0.023749,-0.004483,0.999708,0.002777,-0.004996,-0.001609,0.000000,0.000000,0.000000,0.023750,-0.004482,-0.999708,-0.001624,0.002071,0.019972
762085.705305,0.999719,-0.000037,-0.023718,0.000144,0.999990,0.004503,0.023718,-0.004505,0.999709,0.003955,-0.000153,-0.004012,0.000000,0.000000,0.000000,0.023718,-0.004503,-0.999709,0.000330,0.002031,0.024809
762085.715012,0.999720,-0.000069,-0.023660,0.000176,0.999990,0.004520,0.023659,-0.004523,0.999710,0.006474,-0.003719,-0.004018,0.000000,0.000000,0.000000,0.023687,-0.004536,-0.999709,-0.001607,0.001042,0.031524
762085.724718,0.999720,-0.000069,-0.023660,0.000176,0.999990,0.004520,0.023659,-0.004523,0.999710,-0.004743,-0.001553,0.005681,0.000000,0.000000,0.000000,0.023660,-0.004520,-0.999710,0.000236,0.004917,0.034500
762085.734425,0.999720,-0.000043,-0.023657,0.000149,0.999990,0.004516,0.023657,-0.004519,0.999710,0.003879,-0.001404,0.004515,0.000000,0.000000,0.000000,0.023657,-0.004516,-0.999710,0.000269,0.004944,0.031601
762085.744132,0.999721,-0.000179,-0.023600,0.000285,0.999990,0.004520,0.023598,-0.004526,0.999711,-0.005816,-0.002706,-0.006524,0.000000,0.000000,0.000000,0.023624,-0.004482,-0.999711,-0.001713,0.008892,0.024903
762085.753838,0.999721,-0.000179,-0.023600,0.000285,0.999990,0.004520,0.023598,-0.004526,0.999711,0.006503,-0.001280,-0.010100,0.000000,0.000000,0.000000,0.023600,-0.004520,-0.999711,-0.001688,0.008930,0.024904
762085.763545,0.999720,-0.000237,-0.023652,0.000344,0.999990,0.004527,0.023651,-0.004534,0.999710,0.000169,0.008223,-0.007643,0.000000,0.000000,0.000000,0.023652,-0.004527,-0.999710,0.000381,0.001017,0.030563
762085.773252,0.999712,-0.000279,-0.023984,0.000364,0.999994,0.003538,0.023982,-0.003546,0.999706,0.001356,0.002163,0.004521,0.000000,0.000000,0.000000,0.023670,-0.004051,-0.999712,-0.000660,0.003578,0.023866
762085.782958,0.999712,-0.000279,-0.023984,0.000364,0.999994,0.003538,0.023982,-0.003546,0.999706,-0.002228,0.002161,-0.005255,0.000000,0.000000,0.000000,0.023984,-0.003538,-0.999706,0.001926,0.003981,0.025844
762085.792665,0.999710,-0.000325,-0.024078,0.000410,0.999994,0.003518,0.024077,-0.003527,0.999704,-0.004841,0.008104,-0.000359,0.000000,0.000000,0.000000,0.024078,-0.003518,-0.999704,-0.000015,0.000039,0.026712
762085.802372,0.999711,-0.000328,-0.024020,0.000398,0.999996,0.002874,0.024019,-0.002883,0.999707,-0.004644,0.000932,-0.007715,0.000000,0.000000,0.000000,0.024157,-0.003211,-0.999703,-0.000201,0.002677,0.029656
762085.812078,0.999711,-0.000328,-0.024020,0.000398,0.999996,0.002874,0.024019,-0.002883,0.999707,-0.001057,-0.001482,0.004484,0.000000,0.000000,0.000000,0.024020,-0.002874,-0.999707,-0.002047,0.003332,0.029660
762085.821785,0.999709,-0.000313,-0.024128,0.000383,0.999996,0.002894,0.024127,-0.002903,0.999705,-0.004570,-0.006302,-0.004100,0.000000,0.000000,0.000000,0.024128,-0.002894,-0.999705,0.000851,-0.000646,0.032511
762085.831492,0.999710,-0.000376,-0.024094,0.000439,0.999996,0.002618,0.024093,-0.002628,0.999706,0.002465,0.009407,0.003350,0.000000,0.000000,0.000000,0.024060,-0.002592,-0.999707,-0.002102,0.004057,0.027738
762085.841198,0.999710,-0.000376,-0.024094,0.000439,0.999996,0.002618,0.024093,-0.002628,0.999706,0.005199,0.001100,-0.008874,0.000000,0.000000,0.000000,0.024094,-0.002618,-0.999706,-0.002137,0.004083,0.027737
762085.850905,0.999710,-0.000453,-0.024090,0.000510,0.999997,0.002376,0.024089,-0.002388,0.999707,-0.001022,0.003389,-0.006460,0.000000,0.000000,0.000000,0.024090,-0.002376,-0.999707,-0.001171,0.003826,0.028699
762085.860612,0.999717,-0.000455,-0.023788,0.000508,0.999997,0.002233,0.023787,-0.002245,0.999714,-0.001197,0.010571,-0.001542,0.000000,0.000000,0.000000,0.023975,-0.002218,-0.999710,-0.003940,0.001714,0.030563
762085.870318,0.999717,-0.000455,-0.023788,0.000508,0.999997,0.002233,0.023787,-0.002245,0.999714,-0.005957,0.000866,-0.001628,0.000000,0.000000,0.000000,0.023788,-0.002233,-0.999714,-0.003693,-0.001246,0.032460
762085.880025,0.999717,-0.000426,-0.023775,0.000475,0.999998,0.002047,0.023774,-0.002058,0.999715,-0.001102,0.002129,0.002067,0.000000,0.000000,0.000000,0.023775,-0.002047,-0.999715,-0.000811,0.002520,0.026769
762085.889732,0.999715,-0.000405,-0.023879,0.000458,0.999997,0.002245,0.023878,-0.002255,0.999712,0.001607,-0.008615,-0.004077,0.000000,0.000000,0.000000,0.023762,-0.002182,-0.999715,0.000316,-0.002289,0.028631
762085.899438,0.999715,-0.000405,-0.023879,0.000458,0.999997,0.002245,0.023878,-0.002255,0.999712,-0.002293,0.000917,0.000833,0.000000,0.000000,0.000000,0.023879,-0.002245,-0.999712,0.001115,-0.001265,0.029635
762085.909144,0.999717,-0.000418,-0.023780,0.000469,0.999998,0.002120,0.023779,-0.002130,0.999715,0.002742,-0.003791,-0.002822,0.000000,0.000000,0.000000,0.023780,-0.002120,-0.999715,-0.001792,0.002593,0.027730
762085.918851,0.999714,-0.000394,-0.023894,0.000447,0.999997,0.002220,0.023894,-0.002230,0.999712,0.005121,-0.001367,0.000864,0.000000,0.000000,0.000000,0.023779,-0.002189,-0.999715,-0.001791,0.002662,0.027730
762085.928557,0.999714,-0.000394,-0.023894,0.000447,0.999997,0.002220,0.023894,-0.002230,0.999712,0.003757,0.000972,0.009405,0.000000,0.000000,0.000000,0.023894,-0.002220,-0.999712,0.001115,-0.000267,0.024828
762085.938264,0.999716,-0.000324,-0.023819,0.000378,0.999997,0.002250,0.023818,-0.002259,0.999714,-0.003507,-0.002731,0.004462,0.000000,0.000000,0.000000,0.023819,-0.002250,-0.999714,-0.001755,-0.000222,0.027683
762085.947971,0.999718,-0.000340,-0.023743,0.000399,0.999997,0.002465,0.023742,-0.002474,0.999715,-0.001058,-0.000276,0.002053,0.000000,0.000000,0.000000,0.023689,-0.002304,-0.999717,-0.002586,-0.001160,0.028617
762085.957677,0.999718,-0.000340,-0.023743,0.000399,0.999997,0.002465,0.023742,-0.002474,0.999715,0.008702,0.008331,-0.002714,0.000000,0.000000,0.000000,0.023743,-0.002465,-0.999715,-0.000687,-0.002021,0.033437
762085.967384,0.999717,-0.000310,-0.023808,0.000364,0.999997,0.002298,0.023807,-0.002306,0.999714,-0.008577,-0.000714,0.006313,0.000000,0.000000,0.000000,0.023808,-0.002298,-0.999714,0.000133,0.002740,0.028706
762085.977091,0.999712,-0.000251,-0.023988,0.000304,0.999997,0.002206,0.023988,-0.002212,0.999710,-0.006097,0.000550,0.002677,0.000000,0.000000,0.000000,0.023929,-0.002136,-0.999711,0.001980,0.002578,0.025850
762085.986797,0.999712,-0.000251,-0.023988,0.000304,0.999997,0.002206,0.023988,-0.002212,0.999710,0.003907,-0.007688,0.000250,0.000000,0.000000,0.000000,0.023988,-0.002206,-0.999710,0.002043,-0.001289,0.024826
762085.996504,0.999713,-0.000334,-0.023972,0.000387,0.999997,0.002212,0.023971,-0.002221,0.999710,0.002600,-0.000474,-0.003372,0.000000,0.000000,0.000000,0.023972,-0.002212,-0.999710,0.002060,-0.001282,0.024826
762086.006211,0.999710,-0.000292,-0.024068,0.000352,0.999997,0.002518,0.024067,-0.002526,0.999707,0.002559,-0.002919,0.003928,0.000000,0.000000,0.000000,0.024047,-0.002407,-0.999708,0.000993,-0.004078,0.035352
762086.015917,0.999710,-0.000292,-0.024068,0.000352,0.999997,0.002518,0.024067,-0.002526,0.999707,0.003860,-0.000439,-0.005803,0.000000,0.000000,0.000000,0.024068,-0.002518,-0.999707,0.000010,-0.001938,0.027661
762086.025624,0.999709,-0.000265,-0.024114,0.000326,0.999997,0.002529,0.024113,-0.002536,0.999706,0.005051,-0.006499,0.006361,0.000000,0.000000,0.000000,0.024114,-0.002529,-0.999706,0.001872,0.000011,0.026760
762086.035331,0.999710,-0.000275,-0.024070,0.000335,0.999997,0.002506,0.024069,-0.002513,0.999707,0.007572,-0.005214,-0.000932,0.000000,0.000000,0.000000,0.024027,-0.002524,-0.999708,-0.001063,0.002005,0.029646
762086.045037,0.999710,-0.000275,-0.024070,0.000335,0.999997,0.002506,0.024069,-0.002513,0.999707,0.002601,-0.000472,-0.003372,0.000000,0.000000,0.000000,0.024070,-0.002506,-0.999707,-0.000114,0.001956,0.030606
762086.054744,0.999710,-0.000336,-0.024095,0.000398,0.999997,0.002591,0.024094,-0.002600,0.999706,-0.001079,0.000683,-0.005826,0.000000,0.000000,0.000000,0.024095,-0.002591,-0.999706,-0.001024,-0.003879,0.036297
762086.064450,0.999709,-0.000421,-0.024129,0.000484,0.999997,0.002592,0.024128,-0.002603,0.999705,-0.001039,-0.001721,-0.005840,0.000000,0.000000,0.000000,0.024086,-0.002605,-0.999707,-0.000023,-0.000859,0.025753
762086.074156,0.999709,-0.000421,-0.024129,0.000484,0.999997,0.002592,0.024128,-0.002603,0.999705,-0.002328,0.001866,-0.005827,0.000000,0.000000,0.000000,0.024129,-0.002592,-0.999705,-0.000066,-0.000872,0.025752
762086.083864,0.999709,-0.000467,-0.024117,0.000529,0.999996,0.002598,0.024115,-0.002610,0.999706,0.001374,-0.000492,-0.003380,0.000000,0.000000,0.000000,0.024117,-0.002598,-0.999706,-0.000038,-0.000850,0.023830
762086.093570,0.999707,-0.000477,-0.024183,0.000542,0.999996,0.002668,0.024182,-0.002681,0.999704,0.001216,0.006702,0.000320,0.000000,0.000000,0.000000,0.024218,-0.002754,-0.999703,0.000883,-0.003670,0.026680
762086.103276,0.999707,-0.000477,-0.024183,0.000542,0.999996,0.002668,0.024182,-0.002681,0.999704,-0.001150,0.004284,-0.004586,0.000000,0.000000,0.000000,0.024183,-0.002668,-0.999704,-0.002180,0.002150,0.029642
762086.112983,0.999709,-0.000512,-0.024132,0.000576,0.999996,0.002632,0.024130,-0.002645,0.999705,-0.002256,-0.004160,-0.003423,0.000000,0.000000,0.000000,0.024132,-0.002632,-0.999705,-0.002144,0.001060,0.036372
762086.122690,0.999708,-0.000519,-0.024150,0.000576,0.999997,0.002347,0.024148,-0.002360,0.999706,-0.002428,0.000489,0.001496,0.000000,0.000000,0.000000,0.024100,-0.002405,-0.999707,-0.001318,0.006723,0.036465
762086.132396,0.999708,-0.000519,-0.024150,0.000576,0.999997,0.002347,0.024148,-0.002360,0.999706,0.009822,0.001881,0.004017,0.000000,0.000000,0.000000,0.024150,-0.002347,-0.999706,-0.000193,0.002805,0.026775
762086.142103,0.999711,-0.000579,-0.024042,0.000635,0.999997,0.002314,0.024041,-0.002329,0.999708,0.000264,-0.007838,-0.007072,0.000000,0.000000,0.000000,0.024042,-0.002314,-0.999708,-0.002039,0.001795,0.029646
762086.151810,0.999711,-0.000543,-0.024032,0.000599,0.999997,0.002312,0.024030,-0.002326,0.999709,0.002549,-0.003037,0.001505,0.000000,0.000000,0.000000,0.024021,-0.002324,-0.999709,-0.001026,0.000813,0.029631
762086.161516,0.999711,-0.000543,-0.024032,0.000599,0.999997,0.002312,0.024030,-0.002326,0.999709,-0.002464,-0.000742,0.006365,0.000000,0.000000,0.000000,0.024032,-0.002312,-0.999709,-0.001037,0.000802,0.029631
762086.171223,0.999713,-0.000534,-0.023966,0.000590,0.999997,0.002315,0.023964,-0.002329,0.999710,0.001414,-0.005435,-0.003393,0.000000,0.000000,0.000000,0.023966,-0.002315,-0.999710,-0.001917,-0.000187,0.031540
762086.180930,0.999714,-0.000548,-0.023922,0.000603,0.999997,0.002312,0.023920,-0.002325,0.999711,-0.004781,-0.001923,-0.004629,0.000000,0.000000,0.000000,0.023885,-0.002282,-0.999712,-0.002844,0.000772,0.030565
762086.190636,0.999714,-0.000548,-0.023922,0.000603,0.999997,0.002312,0.023920,-0.002325,0.999711,0.000082,-0.004294,0.003921,0.000000,0.000000,0.000000,0.023922,-0.002312,-0.999711,0.003010,-0.000221,0.028688
762086.200343,0.999715,-0.000528,-0.023848,0.000582,0.999997,0.002245,0.023847,-0.002258,0.999713,0.001339,-0.004260,0.001491,0.000000,0.000000,0.000000,0.023848,-0.002245,-0.999713,-0.001830,0.000704,0.033481
762086.210050,0.999715,-0.000507,-0.023876,0.000564,0.999997,0.002364,0.023875,-0.002377,0.999712,0.002506,0.003002,-0.003336,0.000000,0.000000,0.000000,0.023846,-0.002312,-0.999713,-0.001812,-0.001228,0.036349
762086.219756,0.999715,-0.000507,-0.023876,0.000564,0.999997,0.002364,0.023875,-0.002377,0.999712,-0.000177,0.006484,0.011299,0.000000,0.000000,0.000000,0.023876,-0.002364,-0.999712,-0.001797,-0.001115,0.029604
762086.229463,0.999712,-0.000552,-0.023977,0.000610,0.999997,0.002410,0.023975,-0.002424,0.999710,-0.002333,-0.001888,-0.003394,0.000000,0.000000,0.000000,0.023977,-0.002410,-0.999710,0.003001,-0.002106,0.030578
762086.239170,0.999713,-0.000547,-0.023962,0.000604,0.999997,0.002378,0.023961,-0.002392,0.999710,0.000118,-0.003064,-0.000948,0.000000,0.000000,0.000000,0.023975,-0.002386,-0.999710,0.003002,-0.002130,0.030578
762086.248876,0.999713,-0.000547,-0.023962,0.000604,0.999997,0.002378,0.023961,-0.002392,0.999710,-0.001165,-0.000686,0.000278,0.000000,0.000000,0.000000,0.023962,-0.002378,-0.999710,0.000071,0.000882,0.024826
762086.258583,0.999712,-0.000549,-0.024012,0.000608,0.999997,0.002458,0.024011,-0.002472,0.999709,0.004886,0.005427,0.000350,0.000000,0.000000,0.000000,0.024012,-0.002458,-0.999709,0.000020,-0.001036,0.029616
762086.268290,0.999711,-0.000603,-0.024036,0.000664,0.999997,0.002535,0.024034,-0.002550,0.999708,-0.002333,-0.001887,-0.003394,0.000000,0.000000,0.000000,0.023986,-0.002477,-0.999709,-0.000030,-0.000102,0.038299
762086.277996,0.999711,-0.000603,-0.024036,0.000664,0.999997,0.002535,0.024034,-0.002550,0.999708,0.004993,0.000632,-0.002116,0.000000,0.000000,0.000000,0.024036,-0.002535,-0.999708,-0.000003,-0.000960,0.029615
762086.287703,0.999711,-0.000668,-0.024050,0.000729,0.999997,0.002533,0.024048,-0.002550,0.999708,0.006230,0.000583,-0.005774,0.000000,0.000000,0.000000,0.024050,-0.002533,-0.999708,-0.000063,0.002030,0.025800
762086.297409,0.999711,-0.000631,-0.024013,0.000694,0.999996,0.002619,0.024012,-0.002635,0.999708,0.001175,0.000433,0.006386,0.000000,0.000000,0.000000,0.024059,-0.002613,-0.999707,0.000034,-0.001827,0.025739
762086.307115,0.999711,-0.000631,-0.024013,0.000694,0.999996,0.002619,0.024012,-0.002635,0.999708,-0.001125,-0.006802,0.002672,0.000000,0.000000,0.000000,0.024013,-0.002619,-0.999708,-0.000988,0.000132,0.028639
762086.316822,0.999711,-0.000664,-0.024019,0.000728,0.999996,0.002631,0.024017,-0.002647,0.999708,-0.002298,-0.004368,-0.005855,0.000000,0.000000,0.000000,0.024019,-0.002631,-0.999708,-0.000001,-0.000894,0.032499
762086.326529,0.999713,-0.000703,-0.023949,0.000764,0.999996,0.002534,0.023947,-0.002551,0.999710,-0.009818,-0.000924,0.001435,0.000000,0.000000,0.000000,0.023992,-0.002557,-0.999709,0.000025,-0.000968,0.032500
762086.336235,0.999713,-0.000703,-0.023949,0.000764,0.999996,0.002534,0.023947,-0.002551,0.999710,-0.000045,0.004053,0.000304,0.000000,0.000000,0.000000,0.023949,-0.002534,-0.999710,-0.002907,0.001023,0.031540
762086.345942,0.999712,-0.000701,-0.023972,0.000762,0.999997,0.002521,0.023970,-0.002538,0.999709,0.008720,-0.005423,0.000301,0.000000,0.000000,0.000000,0.023972,-0.002521,-0.999709,0.000900,0.002917,0.032577
762086.355649,0.999715,-0.000743,-0.023868,0.000798,0.999997,0.002324,0.023866,-0.002343,0.999712,-0.004929,-0.000858,0.003904,0.000000,0.000000,0.000000,0.023892,-0.002433,-0.999712,-0.002895,0.002906,0.028673
762086.365355,0.999715,-0.000743,-0.023868,0.000798,0.999997,0.002324,0.023866,-0.002343,0.999712,-0.002441,0.001622,-0.002163,0.000000,0.000000,0.000000,0.023868,-0.002324,-0.999712,-0.001941,0.003744,0.032565
762086.375062,0.999715,-0.000765,-0.023856,0.000820,0.999997,0.002282,0.023854,-0.002301,0.999713,-0.006058,-0.002040,-0.003426,0.000000,0.000000,0.000000,0.023856,-0.002282,-0.999713,-0.000845,0.000772,0.028659
762086.384769,-0.924327,0.380856,-0.023825,-0.381013,-0.924567,0.002285,-0.021158,0.011190,0.999714,-0.002284,-0.007997,-0.002219,-22.714849,-9.746466,-32.141487,0.023825,-0.002285,-0.999714,0.001123,0.000744,0.029667
762086.394475,-0.924319,0.380875,-0.023867,-0.381033,-0.924558,0.002321,-0.021182,0.011239,0.999712,0.000004,0.001656,-0.000929,-22.714849,-9.746466,-32.141487,0.023867,-0.002321,-0.999712,0.001158,-0.001174,0.026736
762086.404182,-0.924337,0.380826,-0.023919,-0.380985,-0.924578,0.002327,-0.021229,0.011263,0.999711,0.001138,0.001628,0.007613,-22.714849,-9.746466,-32.141487,0.023919,-0.002327,-0.999711,0.001106,-0.001167,0.026735
762086.413889,-0.924305,0.380898,-0.024015,-0.381059,-0.924548,0.002360,-0.021304,0.011332,0.999709,0.003748,0.001745,-0.005783,-22.711599,-9.747045,-32.143612,0.023939,-0.002365,-0.999711,-0.000944,0.000839,0.031556
762086.423595,-0.924305,0.380898,-0.024015,-0.381059,-0.924548,0.002360,-0.021304,0.011332,0.999709,-0.008666,0.011182,-0.009460,-22.711599,-9.747045,-32.143612,0.024015,-0.002360,-0.999709,0.000033,-0.001119,0.027678
762086.433302,-0.924287,0.380945,-0.023973,-0.381108,-0.924527,0.002432,-0.021237,0.011384,0.999710,0.007488,-0.004262,-0.003371,-22.708090,-9.749347,-32.145393,0.023973,-0.002432,-0.999710,-0.001817,-0.001993,0.024765
762086.443009,-0.924277,0.380978,-0.023851,-0.381138,-0.924515,0.002415,-0.021130,0.011323,0.999713,0.001309,-0.006803,0.002673,-22.708090,-9.749347,-32.145393,0.023887,-0.002359,-0.999712,-0.001929,0.004785,0.026796
762086.452715,-0.924277,0.380978,-0.023851,-0.381138,-0.924515,0.002415,-0.021130,0.011323,0.999713,0.002501,-0.001953,-0.000949,-22.708090,-9.749347,-32.145393,0.023851,-0.002415,-0.999713,-0.000764,-0.001018,0.023822
762086.462422,-0.924283,0.380964,-0.023819,-0.381125,-0.924520,0.002473,-0.021079,0.011364,0.999713,0.003699,0.001688,-0.003358,-22.712553,-9.753118,-32.141094,0.023819,-0.002473,-0.999713,-0.001754,0.000001,0.027683
762086.472128,-0.924256,0.381026,-0.023867,-0.381188,-0.924494,0.002476,-0.021122,0.011386,0.999712,-0.006173,0.002722,-0.002193,-22.712553,-9.753118,-32.141094,0.023898,-0.002439,-0.999711,0.002057,-0.000109,0.030610
762086.481834,-0.924256,0.381026,-0.023867,-0.381188,-0.924494,0.002476,-0.021122,0.011386,0.999712,0.006177,-0.001899,0.000293,-22.712553,-9.753118,-32.141094,0.023867,-0.002476,-0.999712,0.002088,-0.000072,0.030611
762086.491542,-0.924256,0.381030,-0.023833,-0.381191,-0.924493,0.002458,-0.021096,0.011357,0.999713,-0.002481,-0.003278,0.006329,-22.711514,-9.756298,-32.140862,0.023833,-0.002458,-0.999713,-0.001753,0.000002,0.025760
762086.501248,-0.924277,0.380988,-0.023667,-0.381148,-0.924511,0.002442,-0.020950,0.011278,0.999717,-0.001230,-0.002035,0.002686,-22.711514,-9.756298,-32.140862,0.023816,-0.002416,-0.999713,-0.000821,0.000890,0.031559
762086.510954,-0.924277,0.380988,-0.023667,-0.381148,-0.924511,0.002442,-0.020950,0.011278,0.999717,0.000083,-0.010459,0.007521,-22.711514,-9.756298,-32.140862,0.023667,-0.002442,-0.999717,-0.002625,0.000931,0.030570
762086.520661,-0.924297,0.380942,-0.023647,-0.381099,-0.924531,0.002363,-0.020962,0.011196,0.999718,-0.003763,0.001524,0.003911,-22.718353,-9.754197,-32.136665,0.023647,-0.002363,-0.999718,-0.000652,0.000837,0.030586
762086.530368,-0.924319,0.380880,-0.023762,-0.381039,-0.924556,0.002357,-0.021072,0.011233,0.999715,0.005983,0.006489,0.005219,-22.720116,-9.749515,-32.136841,0.023697,-0.002361,-0.999716,0.000274,0.001827,0.028693
762086.540074,-0.924319,0.380880,-0.023762,-0.381039,-0.924556,0.002357,-0.021072,0.011233,0.999715,0.001197,0.001627,0.000284,-22.720116,-9.749515,-32.136841,0.023762,-0.002357,-0.999715,0.001186,0.000816,0.029668
762086.549781,-0.924305,0.380911,-0.023804,-0.381069,-0.924544,0.002345,-0.021115,0.011239,0.999714,-0.003594,-0.002026,-0.005863,-22.720116,-9.749515,-32.136841,0.023804,-0.002345,-0.999714,0.000244,-0.001149,0.028645
762086.559488,-0.924301,0.380923,-0.023796,-0.381081,-0.924539,0.002329,-0.021113,0.011220,0.999714,0.003724,-0.000723,-0.002153,-22.715172,-9.749450,-32.140354,0.023779,-0.002352,-0.999714,0.000269,-0.001143,0.028645
762086.569194,-0.924301,0.380923,-0.023796,-0.381081,-0.924539,0.002329,-0.021113,0.011220,0.999714,-0.003730,0.000330,0.002685,-22.715172,-9.749450,-32.140354,0.023796,-0.002329,-0.999714,0.000222,0.000818,0.026753
762086.578901,-0.924315,0.380886,-0.023841,-0.381045,-0.924553,0.002362,-0.021142,0.011268,0.999713,-0.002505,0.001561,0.001480,-22.715172,-9.749450,-32.140354,0.023841,-0.002362,-0.999713,0.001153,-0.001147,0.029635
762086.588608,-0.924330,0.380838,-0.024004,-0.381001,-0.924572,0.002448,-0.021261,0.011408,0.999709,-0.001219,0.000286,-0.003414,-22.712372,-9.750406,-32.142044,0.023889,-0.002399,-0.999712,0.000205,-0.003063,0.029588
762086.598314,-0.924330,0.380838,-0.024004,-0.381001,-0.924572,0.002448,-0.021261,0.011408,0.999709,0.003400,0.011127,0.007651,-22.712372,-9.750406,-32.142044,0.024004,-0.002448,-0.999709,0.002012,-0.001046,0.025786
762086.608021,-0.924330,0.380840,-0.024004,-0.381004,-0.924570,0.002492,-0.021244,0.011449,0.999709,0.002490,-0.003281,0.000245,-22.712372,-9.750406,-32.142044,0.024004,-0.002492,-0.999709,-0.001879,-0.001963,0.028609
762086.617728,-0.924326,0.380852,-0.023958,-0.381017,-0.924565,0.002577,-0.021170,0.011511,0.999710,0.000038,-0.002106,-0.002202,-22.709146,-9.753067,-32.143517,0.023937,-0.002506,-0.999710,-0.002880,0.000018,0.031525
762086.627434,-0.924326,0.380852,-0.023958,-0.381017,-0.924565,0.002577,-0.021170,0.011511,0.999710,0.003531,0.001493,0.010033,-22.709146,-9.753067,-32.143517,0.023958,-0.002577,-0.999710,0.000074,-0.000932,0.031539
762086.637141,-0.924339,0.380822,-0.023925,-0.380986,-0.924577,0.002553,-0.021148,0.011475,0.999711,-0.001225,-0.000930,-0.000983,-22.709146,-9.753067,-32.143517,0.023925,-0.002553,-0.999711,0.000108,-0.000956,0.031540
762086.646848,-0.924343,0.380818,-0.023839,-0.380982,-0.924579,0.002589,-0.021055,0.011476,0.999712,0.003706,-0.003269,0.001471,-22.713820,-9.753939,-32.139950,0.023844,-0.002579,-0.999712,-0.003779,0.000091,0.033434
762086.656554,-0.924343,0.380818,-0.023839,-0.380982,-0.924579,0.002589,-0.021055,0.011476,0.999712,0.001123,0.005113,0.000286,-22.713820,-9.753939,-32.139950,0.023839,-0.002589,-0.999712,-0.002782,0.000117,0.029604
762086.666261,-0.924348,0.380805,-0.023852,-0.380968,-0.924585,0.002523,-0.021092,0.011419,0.999712,0.001155,0.003918,-0.000940,-22.714613,-9.754648,-32.139175,0.023852,-0.002523,-0.999712,0.000120,0.002004,0.027727
762086.675968,-0.924324,0.380863,-0.023833,-0.381026,-0.924561,0.002524,-0.021074,0.011414,0.999713,-0.001127,-0.006944,-0.001018,-22.714613,-9.754648,-32.139175,0.023860,-0.002529,-0.999712,0.000157,0.000042,0.027697
762086.685674,-0.924324,0.380863,-0.023833,-0.381026,-0.924561,0.002524,-0.021074,0.011414,0.999713,0.000132,-0.004483,-0.007092,-22.714613,-9.754648,-32.139175,0.023833,-0.002524,-0.999713,0.000200,0.000037,0.026736
762086.695380,-0.924328,0.380854,-0.023839,-0.381018,-0.924564,0.002568,-0.021063,0.011457,0.999713,-0.001185,-0.003336,-0.000997,-22.714327,-9.753687,-32.139668,0.023839,-0.002568,-0.999713,0.000193,-0.001949,0.034426
762086.705087,-0.924281,0.380964,-0.023903,-0.381127,-0.924519,0.002488,-0.021151,0.011410,0.999711,0.000065,-0.002091,-0.004640,-22.714327,-9.753687,-32.139668,0.023854,-0.002513,-0.999712,0.002025,0.002910,0.031634
762086.714793,-0.924281,0.380964,-0.023903,-0.381127,-0.924519,0.002488,-0.021151,0.011410,0.999711,0.007326,0.007670,-0.008196,-22.714327,-9.753687,-32.139668,0.023903,-0.002488,-0.999711,0.000053,0.002946,0.026780
762086.724500,-0.924263,0.381007,-0.023913,-0.381171,-0.924501,0.002543,-0.021139,0.011465,0.999711,0.001206,-0.000903,0.001470,-22.710997,-9.755140,-32.141579,0.023913,-0.002543,-0.999711,0.000043,0.003000,0.026780
762086.734207,-0.924277,0.380969,-0.023968,-0.381132,-0.924518,0.002446,-0.021227,0.011395,0.999710,-0.001319,0.003873,0.000264,-22.710997,-9.755140,-32.141579,0.023964,-0.002539,-0.999710,0.001076,-0.000940,0.024810
762086.743913,-0.924277,0.380969,-0.023968,-0.381132,-0.924518,0.002446,-0.021227,0.011395,0.999710,-0.003608,-0.005779,-0.001026,-22.710997,-9.755140,-32.141579,0.023968,-0.002446,-0.999710,-0.000073,0.003865,0.030639
762086.753620,-0.924264,0.381001,-0.023946,-0.381163,-0.924504,0.002451,-0.021205,0.011393,0.999710,-0.004958,-0.001096,0.001417,-22.708853,-9.753911,-32.143471,0.023946,-0.002451,-0.999710,0.001048,-0.001074,0.030579
762086.763327,-0.924252,0.381038,-0.023851,-0.381198,-0.924490,0.002402,-0.021135,0.011312,0.999713,-0.006000,-0.005870,-0.008371,-22.708853,-9.753911,-32.143471,0.023933,-0.002326,-0.999711,0.000954,0.002753,0.029694
762086.773033,-0.924252,0.381038,-0.023851,-0.381198,-0.924490,0.002402,-0.021135,0.011312,0.999713,-0.000023,0.001418,-0.003416,-22.708853,-9.753911,-32.143471,0.023851,-0.002402,-0.999713,-0.002733,-0.002039,0.029574
762086.782740,-0.924257,0.381023,-0.023879,-0.381185,-0.924496,0.002461,-0.021139,0.011377,0.999712,0.001151,-0.001015,0.005112,-22.711910,-9.754212,-32.141216,0.023879,-0.002461,-0.999712,0.000215,-0.003017,0.031511
762086.792447,-0.924255,0.381025,-0.023918,-0.381185,-0.924496,0.002335,-0.021223,0.011275,0.999711,-0.001473,0.009771,0.003940,-22.710613,-9.753909,-32.142223,0.023893,-0.002390,-0.999712,-0.003858,0.001902,0.029619
762086.802153,-0.924255,0.381025,-0.023918,-0.381185,-0.924496,0.002335,-0.021223,0.011275,0.999711,-0.003632,-0.001027,-0.007109,-22.710613,-9.753909,-32.142223,0.023918,-0.002335,-0.999711,0.000023,0.001770,0.033509
762086.811860,-0.924254,0.381029,-0.023915,-0.381189,-0.924494,0.002384,-0.021201,0.011319,0.999711,0.006163,-0.003312,0.000252,-22.710613,-9.753909,-32.142223,0.023915,-0.002384,-0.999711,0.000026,0.001819,0.033509
762086.821567,-0.924256,0.381026,-0.023888,-0.381185,-0.924496,0.002332,-0.021196,0.011261,0.999712,0.001220,0.001444,-0.004627,-22.712168,-9.752598,-32.141525,0.023857,-0.002373,-0.999713,-0.001823,0.000863,0.029635
762086.831273,-0.924256,0.381026,-0.023888,-0.381185,-0.924496,0.002332,-0.021196,0.011261,0.999712,-0.003782,0.001322,0.002657,-22.712168,-9.752598,-32.141525,0.023888,-0.002332,-0.999712,0.001091,0.000822,0.025804
762086.840980,-0.924249,0.381039,-0.023940,-0.381200,-0.924490,0.002357,-0.021235,0.011304,0.999711,0.000029,-0.000980,-0.004649,-22.712168,-9.752598,-32.141525,0.023940,-0.002357,-0.999711,0.002076,-0.001153,0.026749
762086.850687,-0.924232,0.381082,-0.023921,-0.381242,-0.924472,0.002368,-0.021211,0.011308,0.999711,-0.000004,0.000216,-0.003422,-22.709404,-9.753881,-32.143089,0.023921,-0.002368,-0.999711,-0.000880,-0.001111,0.029603
762086.860393,-0.924237,0.381069,-0.023915,-0.381229,-0.924478,0.002319,-0.021225,0.011260,0.999711,-0.000185,0.006185,0.003927,-22.709404,-9.753881,-32.143089,0.023915,-0.002319,-0.999711,-0.001897,0.001815,0.027711
762086.870100,-0.924243,0.381057,-0.023896,-0.381215,-0.924484,0.002255,-0.021232,0.011194,0.999712,-0.004866,-0.005898,0.000170,-22.709404,-9.753881,-32.143089,0.023896,-0.002255,-0.999712,0.000106,0.000730,0.028673
762086.879806,-0.924260,0.381008,-0.024010,-0.381165,-0.924505,0.002158,-0.021375,0.011146,0.999709,-0.000116,0.006221,-0.002168,-22.709671,-9.750582,-32.143902,0.023996,-0.002267,-0.999709,0.001975,-0.000251,0.027725
762086.889512,-0.924260,0.381008,-0.024010,-0.381165,-0.924505,0.002158,-0.021375,0.011146,0.999709,-0.003851,0.001289,0.008753,-22.709671,-9.750582,-32.143902,0.024010,-0.002158,-0.999709,-0.000114,0.003577,0.031616
762086.899219,-0.924262,0.381000,-0.024058,-0.381156,-0.924508,0.002126,-0.021432,0.011135,0.999708,-0.003799,0.004894,-0.002208,-22.707104,-9.745642,-32.147213,0.024058,-0.002126,-0.999708,-0.000163,0.003545,0.031614
762086.908926,-0.924241,0.381054,-0.023991,-0.381209,-0.924486,0.002091,-0.021382,0.011078,0.999710,0.003671,0.000212,-0.003410,-22.707104,-9.745642,-32.147213,0.024045,-0.002099,-0.999709,-0.002042,0.001580,0.029646
762086.918632,-0.924241,0.381054,-0.023991,-0.381209,-0.924486,0.002091,-0.021382,0.011078,0.999710,0.004919,-0.003395,0.000234,-22.707104,-9.745642,-32.147213,0.023991,-0.002091,-0.999710,-0.001057,0.002549,0.029663
762086.928339,-0.924224,0.381097,-0.023988,-0.381252,-0.924469,0.002063,-0.021390,0.011052,0.999710,-0.003647,-0.001091,-0.007119,-22.707228,-9.744682,-32.147415,0.023988,-0.002063,-0.999710,0.000029,-0.000439,0.028656
762086.938046,-0.924226,0.381102,-0.023836,-0.381255,-0.924468,0.002043,-0.021257,0.010975,0.999714,0.001213,-0.005889,0.005074,-22.707228,-9.744682,-32.147415,0.023898,-0.001966,-0.999712,-0.003940,0.004392,0.030612
762086.947752,-0.924226,0.381102,-0.023836,-0.381255,-0.924468,0.002043,-0.021257,0.010975,0.999714,0.002559,-0.007022,-0.003459,-22.707228,-9.744682,-32.147415,0.023836,-0.002043,-0.999714,0.000182,-0.001482,0.033466
762086.957459,-0.924202,0.381164,-0.023771,-0.381315,-0.924443,0.002011,-0.021208,0.010923,0.999715,0.002501,-0.000990,-0.007081,-22.711737,-9.744293,-32.144344,0.023771,-0.002011,-0.999715,-0.002790,0.002469,0.030599
762086.967166,-0.924256,0.381047,-0.023554,-0.381193,-0.924494,0.001876,-0.021060,0.010713,0.999721,-0.001334,-0.002339,0.007518,-22.711737,-9.744293,-32.144344,0.023671,-0.001935,-0.999718,-0.005650,0.003415,0.031563
762086.976872,-0.924256,0.381047,-0.023554,-0.381193,-0.924494,0.001876,-0.021060,0.010713,0.999721,-0.002553,-0.004778,0.009935,-22.711737,-9.744293,-32.144344,0.023554,-0.001876,-0.999721,-0.002588,0.003356,0.027736
762086.986579,-0.924256,0.381044,-0.023578,-0.381190,-0.924495,0.001832,-0.021100,0.010681,0.999720,-0.003699,-0.002331,-0.001031,-22.721413,-9.737452,-32.139584,0.023578,-0.001832,-0.999720,-0.002613,0.003312,0.027735
762086.996286,-0.924292,0.381104,-0.021083,-0.381220,-0.924483,0.001679,-0.018851,0.009590,0.999776,-0.004803,-0.008366,-0.003511,-22.721413,-9.737452,-32.139584,0.022311,-0.001766,-0.999750,-0.058901,0.002972,0.020349
762087.005992,-0.924292,0.381104,-0.021083,-0.381220,-0.924483,0.001679,-0.018851,0.009590,0.999776,-0.009985,0.008375,-0.004663,-22.721413,-9.737452,-32.139584,0.021083,-0.001679,-0.999776,-0.060558,0.000886,0.026098
762087.015699,-0.924285,0.381177,-0.020025,-0.381284,-0.924457,0.001649,-0.017883,0.009159,0.999798,-0.002308,-0.007128,-0.008365,-22.800425,-9.731936,-32.085251,0.020025,-0.001649,-0.999798,-0.050664,-0.002196,0.029064
762087.025406,-0.924262,0.381280,-0.019098,-0.381385,-0.924414,0.002037,-0.016877,0.009167,0.999816,0.000049,-0.004729,-0.002241,-22.834980,-9.733133,-32.060307,0.019145,-0.002074,-0.999815,-0.039439,-0.021516,0.024061
762087.035112,-0.924262,0.381280,-0.019098,-0.381385,-0.924414,0.002037,-0.016877,0.009167,0.999816,-0.004896,-0.002399,-0.003476,-22.834980,-9.733133,-32.060307,0.019098,-0.002037,-0.999816,-0.061304,-0.005531,0.020201
762087.044819,-0.924301,0.381188,-0.019080,-0.381293,-0.924452,0.002038,-0.016861,0.009158,0.999816,-0.000168,-0.002415,0.013621,-22.834980,-9.733133,-32.060307,0.019080,-0.002038,-0.999816,-0.087164,0.010415,0.027862
762087.054526,-0.924524,0.380657,-0.018866,-0.380761,-0.924671,0.002106,-0.016644,0.009130,0.999820,0.004758,-0.009641,0.022138,-22.866552,-9.743283,-32.034710,0.018983,-0.002083,-0.999818,-0.087068,0.010461,0.027863
762087.064232,-0.924524,0.380657,-0.018866,-0.380761,-0.924671,0.002106,-0.016644,0.009130,0.999820,0.002128,-0.008555,0.035540,-22.866552,-9.743283,-32.034710,0.018866,-0.002106,-0.999820,-0.189505,0.008667,0.028583
762087.073938,-0.924655,0.380340,-0.018828,-0.380444,-0.924802,0.002139,-0.016599,0.009141,0.999820,0.002057,-0.002530,0.033137,-22.866552,-9.743283,-32.034710,0.018828,-0.002139,-0.999820,-0.241759,-0.006360,0.021946
762087.083645,-0.924938,0.379654,-0.018757,-0.379758,-0.925084,0.002157,-0.016533,0.009118,0.999822,0.003373,-0.006103,0.030685,-22.882822,-9.723140,-32.029209,0.018791,-0.002172,-0.999821,-0.270057,-0.009013,0.029286
762087.093351,-0.924938,0.379654,-0.018757,-0.379758,-0.925084,0.002157,-0.016533,0.009118,0.999822,-0.009189,-0.002803,0.048917,-22.882822,-9.723140,-32.029209,0.018757,-0.002157,-0.999822,-0.277958,-0.004023,0.030233
762087.103058,-0.925157,0.379123,-0.018727,-0.379224,-0.925303,0.002044,-0.016553,0.008993,0.999823,-0.015487,-0.000555,0.058647,-22.882822,-9.723140,-32.029209,0.018727,-0.002044,-0.999823,-0.261418,-0.000398,0.030508
762087.112765,-0.925797,0.377564,-0.018594,-0.377664,-0.925941,0.002051,-0.016443,0.008921,0.999825,0.005267,-0.002712,0.075829,-22.900200,-9.684558,-32.028481,0.018710,-0.002067,-0.999823,-0.244845,0.006492,0.010565
762087.122471,-0.925797,0.377564,-0.018594,-0.377664,-0.925941,0.002051,-0.016443,0.008921,0.999825,-0.007189,-0.012693,0.103738,-22.900200,-9.684558,-32.028481,0.018594,-0.002051,-0.999825,-0.237298,0.017035,0.026238
762087.132178,-0.926294,0.376343,-0.018577,-0.376442,-0.926438,0.002023,-0.016449,0.008867,0.999825,-0.002864,-0.000790,0.139192,-22.917336,-9.653378,-32.025635,0.018577,-0.002023,-0.999825,-0.233406,0.019967,0.020562
762087.141885,-0.927514,0.373334,-0.018434,-0.373433,-0.927655,0.002121,-0.016308,0.008851,0.999828,0.004474,-0.009174,0.155037,-22.917336,-9.653378,-32.025635,0.018500,-0.002078,-0.999827,-0.233329,0.020022,0.020563
762087.151591,-0.927514,0.373334,-0.018434,-0.373433,-0.927655,0.002121,-0.016308,0.008851,0.999828,-0.001947,-0.006989,0.175738,-22.917336,-9.653378,-32.025635,0.018434,-0.002121,-0.999828,-0.243989,0.018188,0.023296
762087.161298,-0.928215,0.371590,-0.018353,-0.371689,-0.928355,0.002141,-0.016243,0.008809,0.999829,0.001545,-0.005816,0.191616,-22.965998,-9.548174,-32.022316,0.018353,-0.002141,-0.999829,-0.265835,-0.001124,0.019834
762087.171005,-0.929598,0.368122,-0.018245,-0.368218,-0.929737,0.002057,-0.016206,0.008630,0.999831,-0.008315,-0.007202,0.195207,-22.965998,-9.548174,-32.022316,0.018313,-0.002118,-0.999830,-0.287265,-0.001895,0.019560
762087.180711,-0.929598,0.368122,-0.018245,-0.368218,-0.929737,0.002057,-0.016206,0.008630,0.999831,-0.008108,-0.004672,0.173276,-22.965998,-9.548174,-32.022316,0.018245,-0.002057,-0.999831,-0.299708,-0.012744,0.033706
762087.190418,-0.930212,0.366573,-0.018184,-0.366669,-0.930349,0.002105,-0.016146,0.008626,0.999832,0.008028,-0.006757,0.163607,-23.024897,-9.413738,-32.019821,0.018184,-0.002105,-0.999832,-0.309292,-0.011414,0.010483
762087.200125,-0.931322,0.363751,-0.018028,-0.363844,-0.931458,0.002053,-0.016045,0.008471,0.999835,-0.007876,-0.006980,0.156195,-23.024897,-9.413738,-32.019821,0.018112,-0.002129,-0.999834,-0.306626,-0.002708,0.025102
762087.209831,-0.931322,0.363751,-0.018028,-0.363844,-0.931458,0.002053,-0.016045,0.008471,0.999835,-0.013902,-0.007019,0.145185,-23.024897,-9.413738,-32.019821,0.018028,-0.002053,-0.999835,-0.304771,0.003091,0.028140
762087.219538,-0.931849,0.362398,-0.018009,-0.362489,-0.931986,0.001958,-0.016074,0.008352,0.999836,-0.011581,0.001423,0.144026,-23.075506,-9.302584,-32.015877,0.018009,-0.001958,-0.999836,-0.290363,0.014653,0.022709
762087.229244,-0.932838,0.359858,-0.017745,-0.359944,-0.932972,0.001818,-0.015901,0.008083,0.999841,-0.006406,-0.014127,0.143965,-23.075506,-9.302584,-32.015877,0.017907,-0.001900,-0.999838,-0.290261,0.014595,0.022711
762087.238950,-0.932838,0.359858,-0.017745,-0.359944,-0.932972,0.001818,-0.015901,0.008083,0.999841,-0.007452,-0.015266,0.129321,-23.075506,-9.302584,-32.015877,0.017745,-0.001818,-0.999841,-0.262450,0.001360,0.029565
762087.248658,-0.933297,0.358675,-0.017572,-0.358759,-0.933429,0.001760,-0.015771,0.007947,0.999844,-0.009837,-0.016481,0.124423,-23.122950,-9.196139,-32.012398,0.017572,-0.001760,-0.999844,-0.262079,0.001532,0.002591
762087.258365,-0.933878,0.357166,-0.017459,-0.357244,-0.934010,0.001463,-0.015784,0.007603,0.999847,-0.024475,-0.013028,0.108505,-23.147585,-9.149240,-32.008030,0.017429,-0.001590,-0.999847,-0.273822,0.005374,0.009262
762087.268070,-0.933878,0.357166,-0.017459,-0.357244,-0.934010,0.001463,-0.015784,0.007603,0.999847,-0.011410,0.006961,0.012381,-23.147585,-9.149240,-32.008030,0.017459,-0.001463,-0.999847,-0.283084,0.129072,0.016982
762087.277777,-0.933653,0.357758,-0.017331,-0.357835,-0.933784,0.001448,-0.015665,0.007554,0.999849,-0.000087,-0.023646,-0.074297,-23.147585,-9.149240,-32.008030,0.017331,-0.001448,-0.999849,-0.273755,0.083952,-0.007735
762087.287484,-0.933542,0.358067,-0.016982,-0.358138,-0.933668,0.001272,-0.015400,0.007269,0.999855,-0.009120,-0.024003,-0.036557,-23.159254,-9.136085,-32.003345,0.017056,-0.001363,-0.999854,-0.185590,0.002004,0.031439
762087.297190,-0.933542,0.358067,-0.016982,-0.358138,-0.933668,0.001272,-0.015400,0.007269,0.999855,-0.005193,-0.003814,0.022109,-23.159254,-9.136085,-32.003345,0.016982,-0.001272,-0.999855,-0.202986,-0.003825,0.035957
762087.306897,-0.933734,0.357572,-0.016821,-0.357642,-0.933858,0.001240,-0.015265,0.007173,0.999858,-0.001702,-0.022038,0.065915,-23.159254,-9.136085,-32.003345,0.016821,-0.001240,-0.999858,-0.197348,-0.022488,0.023204
762087.316604,-0.934034,0.356798,-0.016600,-0.356862,-0.934157,0.000932,-0.015174,0.006795,0.999862,-0.010217,-0.026983,0.064616,-23.182133,-9.112033,-31.993639,0.016552,-0.001204,-0.999862,-0.223705,-0.021501,0.054702
762087.326310,-0.934034,0.356798,-0.016600,-0.356862,-0.934157,0.000932,-0.015174,0.006795,0.999862,-0.031067,0.024830,-0.015675,-23.182133,-9.112033,-31.993639,0.016600,-0.000932,-0.999862,-0.223753,-0.021773,0.054702
762087.336017,-0.933153,0.359096,-0.016590,-0.359158,-0.933276,0.000814,-0.015191,0.006718,0.999862,0.003159,-0.039577,-0.229216,-23.182133,-9.112033,-31.993639,0.016590,-0.000814,-0.999862,-0.201405,0.096883,0.036697
762087.345724,-0.932130,0.361772,-0.015996,-0.361830,-0.932244,0.000821,-0.014615,0.006553,0.999872,0.012403,-0.046990,-0.165803,-23.174168,-9.160708,-31.985508,0.015970,-0.000915,-0.999872,-0.037256,-0.108445,-0.061163
762087.355430,-0.932130,0.361772,-0.015996,-0.361830,-0.932244,0.000821,-0.014615,0.006553,0.999872,-0.011124,0.019830,-0.139946,-23.174168,-9.160708,-31.985508,0.015996,-0.000821,-0.999872,-0.350911,0.047513,0.035120
762087.365137,-0.931671,0.362952,-0.015967,-0.363009,-0.931785,0.000741,-0.014609,0.006486,0.999872,-0.000786,-0.019761,-0.126706,-23.160242,-9.212490,-31.980722,0.015967,-0.000741,-0.999872,-0.196280,0.008553,0.013117
762087.374844,-0.930595,0.365725,-0.015427,-0.365779,-0.930702,0.000698,-0.014102,0.006292,0.999881,0.008311,-0.046043,-0.131683,-23.160242,-9.212490,-31.980722,0.015526,-0.000815,-0.999879,-0.116936,-0.059229,0.029313
762087.384550,-0.930595,0.365725,-0.015427,-0.365779,-0.930702,0.000698,-0.014102,0.006292,0.999881,-0.020373,0.000569,-0.164501,-23.160242,-9.212490,-31.980722,0.015427,-0.000698,-0.999881,-0.105316,-0.056675,0.045871
762087.394257,-0.930008,0.367215,-0.015440,-0.367267,-0.930116,0.000524,-0.014168,0.006158,0.999881,-0.006742,-0.008854,-0.159597,-23.139290,-9.308863,-31.967978,0.015440,-0.000524,-0.999881,-0.086119,-0.030069,-0.008390
762087.403964,-0.929007,0.369762,-0.014923,-0.369811,-0.929107,0.000564,-0.013656,0.006042,0.999888,0.013186,-0.039922,-0.136495,-23.139290,-9.308863,-31.967978,0.015077,-0.000598,-0.999886,-0.085756,-0.029996,-0.008384
762087.413670,-0.929007,0.369762,-0.014923,-0.369811,-0.929107,0.000564,-0.013656,0.006042,0.999888,-0.009605,-0.007886,-0.125470,-23.139290,-9.308863,-31.967978,0.014923,-0.000564,-0.999888,-0.065185,-0.033433,0.016841
762087.423377,-0.928654,0.370651,-0.014835,-0.370696,-0.928754,0.000334,-0.013654,0.005809,0.999890,-0.017463,-0.008251,-0.082846,-23.114895,-9.406985,-31.956902,0.014835,-0.000334,-0.999890,-0.074374,-0.028048,0.064053
762087.433083,-0.928455,0.371167,-0.014376,-0.371211,-0.928549,0.000411,-0.013196,0.005718,0.999897,0.008192,-0.026096,-0.041342,-23.114895,-9.406985,-31.956902,0.014591,-0.000335,-0.999893,-0.066318,-0.013947,0.013306
762087.442789,-0.928455,0.371167,-0.014376,-0.371211,-0.928549,0.000411,-0.013196,0.005718,0.999897,-0.001095,-0.016883,0.004987,-23.114895,-9.406985,-31.956902,0.014376,-0.000411,-0.999897,-0.058978,-0.023743,0.008426
762087.452497,-0.928541,0.370957,-0.014236,-0.371000,-0.928633,0.000389,-0.013076,0.005643,0.999899,-0.002672,-0.013442,0.030602,-23.118158,-9.437706,-31.945482,0.014236,-0.000389,-0.999899,-0.056320,-0.049507,0.026327
762087.462204,-0.928955,0.369933,-0.013843,-0.369972,-0.929043,0.000267,-0.012762,0.005370,0.999904,-0.006522,-0.017220,0.050065,-23.118158,-9.437706,-31.945482,0.014083,-0.000355,-0.999901,-0.057906,-0.059399,0.033852
762087.471910,-0.928955,0.369933,-0.013843,-0.369972,-0.929043,0.000267,-0.012762,0.005370,0.999904,-0.010384,-0.021006,0.070746,-23.118158,-9.437706,-31.945482,0.013843,-0.000267,-0.999904,-0.065616,-0.053474,0.029033
762087.481616,-0.929240,0.369226,-0.013627,-0.369263,-0.929325,0.000216,-0.012584,0.005233,0.999907,-0.004324,-0.019737,0.076886,-23.147730,-9.401710,-31.934681,0.013627,-0.000216,-0.999907,-0.065400,-0.053525,0.029036
762087.491323,-0.929862,0.367668,-0.013290,-0.367701,-0.929944,0.000076,-0.012331,0.004958,0.999912,-0.005622,-0.019792,0.082975,-23.168770,-9.373338,-31.927765,0.013424,-0.000208,-0.999910,-0.054485,-0.047582,0.011949
762087.501029,-0.929862,0.367668,-0.013290,-0.367701,-0.929944,0.000076,-0.012331,0.004958,0.999912,-0.018146,-0.010411,0.089050,-23.168770,-9.373338,-31.927765,0.013290,-0.000076,-0.999912,-0.032257,-0.043381,0.049854
762087.510736,-0.930234,0.366733,-0.013120,-0.366764,-0.930314,-0.000043,-0.012221,0.004772,0.999914,-0.005961,-0.015115,0.106166,-23.168770,-9.373338,-31.927765,0.013120,0.000043,-0.999914,-0.002973,-0.033887,0.035894
762087.520443,-0.931267,0.364117,-0.012695,-0.364146,-0.931342,-0.000039,-0.011838,0.004586,0.999919,0.007452,-0.022223,0.126932,-23.211414,-9.297207,-31.919044,0.012916,-0.000017,-0.999917,0.035272,-0.026243,0.016228
762087.530149,-0.931267,0.364117,-0.012695,-0.364146,-0.931342,-0.000039,-0.011838,0.004586,0.999919,-0.010245,-0.022750,0.169495,-23.211414,-9.297207,-31.919044,0.012695,0.000039,-0.999919,0.049881,-0.019678,0.028072
762087.539856,-0.931983,0.362289,-0.012395,-0.362316,-0.932055,-0.000070,-0.011578,0.004426,0.999923,-0.005532,-0.033684,0.203598,-23.211414,-9.297207,-31.919044,0.012395,0.000070,-0.999923,0.031581,-0.016488,0.021163
762087.549563,-0.933690,0.357885,-0.011870,-0.357906,-0.933758,-0.000404,-0.011228,0.003871,0.999929,-0.015803,-0.026792,0.231619,-23.284361,-9.170485,-31.902573,0.012128,0.000169,-0.999926,0.038592,-0.018815,0.042422
762087.559269,-0.933690,0.357885,-0.011870,-0.357906,-0.933758,-0.000404,-0.011228,0.003871,0.999929,-0.022313,-0.023439,0.258423,-23.284361,-9.170485,-31.902573,0.011870,0.000404,-0.999929,0.058747,-0.023933,0.010763
762087.568976,-0.934641,0.355403,-0.011610,-0.355422,-0.934706,-0.000405,-0.010996,0.003747,0.999933,0.001022,-0.027918,0.268292,-23.284361,-9.170485,-31.902573,0.011610,0.000405,-0.999933,0.059008,-0.023934,0.010766
762087.578683,-0.936680,0.350007,-0.011204,-0.350023,-0.936741,-0.000572,-0.010696,0.003386,0.999937,-0.012835,-0.019822,0.285325,-23.378933,-8.976922,-31.888456,0.011401,0.000470,-0.999935,0.085690,-0.031277,0.024441
762087.588389,-0.936680,0.350007,-0.011204,-0.350023,-0.936741,-0.000572,-0.010696,0.003386,0.999937,-0.010452,-0.021033,0.293867,-23.378933,-8.976922,-31.888456,0.011204,0.000572,-0.999937,0.109386,-0.037697,0.041960
762087.598096,-0.937663,0.347373,-0.010998,-0.347388,-0.937721,-0.000552,-0.010504,0.003303,0.999939,-0.000384,-0.025604,0.280489,-23.427271,-8.868687,-31.883268,0.010998,0.000552,-0.999939,0.103077,-0.044314,0.022522
762087.607803,-0.939627,0.342034,-0.010707,-0.342046,-0.939683,-0.000736,-0.010313,0.002971,0.999942,-0.026553,-0.009232,0.286524,-23.427271,-8.868687,-31.883268,0.010890,0.000700,-0.999940,0.092259,-0.043516,0.041673
762087.617509,-0.939627,0.342034,-0.010707,-0.342046,-0.939683,-0.000736,-0.010313,0.002971,0.999942,-0.002975,-0.018437,0.281735,-23.427271,-8.868687,-31.883268,0.010707,0.000736,-0.999942,0.092488,-0.041477,0.028217
762087.627216,-0.940595,0.339368,-0.010484,-0.339380,-0.940649,-0.000667,-0.010088,0.002930,0.999945,0.003225,-0.023159,0.284183,-23.517784,-8.660981,-31.873732,0.010484,0.000667,-0.999945,0.109786,-0.032055,0.063254
762087.636923,-0.942514,0.334013,-0.010175,-0.334021,-0.942565,-0.000946,-0.009907,0.002507,0.999948,-0.025169,-0.012770,0.277977,-23.517784,-8.660981,-31.873732,0.010323,0.000834,-0.999946,0.142433,-0.029292,0.020332
762087.646629,-0.942514,0.334013,-0.010175,-0.334021,-0.942565,-0.000946,-0.009907,0.002507,0.999948,-0.004362,-0.017324,0.293926,-23.517784,-8.660981,-31.873732,0.010175,0.000946,-0.999948,0.142581,-0.029404,0.020334
762087.656336,-0.943374,0.331580,-0.010032,-0.331589,-0.943424,-0.000843,-0.009744,0.002531,0.999949,0.012261,-0.017951,0.239156,-23.607903,-8.450581,-31.863585,0.010032,0.000843,-0.999949,0.152108,-0.006535,-0.011953
762087.666042,-0.944965,0.327027,-0.009735,-0.327032,-0.945013,-0.001118,-0.009565,0.002127,0.999952,-0.020960,-0.014871,0.235317,-23.607903,-8.450581,-31.863585,0.009881,0.000956,-0.999951,0.161262,0.006491,0.049099
762087.675748,-0.944965,0.327027,-0.009735,-0.327032,-0.945013,-0.001118,-0.009565,0.002127,0.999952,-0.013784,-0.010002,0.246361,-23.607903,-8.450581,-31.863585,0.009735,0.001118,-0.999952,0.191178,-0.010685,0.047224
762087.685455,-0.945777,0.324674,-0.009634,-0.324679,-0.945824,-0.001084,-0.009464,0.002102,0.999953,-0.000238,-0.013407,0.250081,-19.496807,-5.158490,-38.789871,0.009634,0.001084,-0.999953,0.187418,-0.002442,0.008773
762087.695162,-0.947330,0.320127,-0.009237,-0.320130,-0.947373,-0.001206,-0.009136,0.001815,0.999957,-0.012320,-0.022009,0.241420,-19.496807,-5.158490,-38.789871,0.009447,0.001160,-0.999955,0.191176,0.005126,0.029175
762087.704868,-0.947330,0.320127,-0.009237,-0.320130,-0.947373,-0.001206,-0.009136,0.001815,0.999957,-0.007365,-0.018273,0.232937,-19.496807,-5.158490,-38.789871,0.009237,0.001206,-0.999957,0.190638,0.000320,0.013674
762087.714575,-0.948089,0.317873,-0.009128,-0.317875,-0.948132,-0.001290,-0.009065,0.001679,0.999958,-0.011174,-0.013545,0.236600,-19.553532,-5.009997,-38.780777,0.009128,0.001290,-0.999958,0.232235,0.016349,0.025974
762087.724282,-0.949725,0.312960,-0.008883,-0.312961,-0.949765,-0.001275,-0.008835,0.001569,0.999960,0.006973,-0.010968,0.259890,-19.577757,-4.935446,-38.778118,0.009021,0.001245,-0.999959,0.232342,0.016394,0.025975
762087.733988,-0.949725,0.312960,-0.008883,-0.312961,-0.949765,-0.001275,-0.008835,0.001569,0.999960,-0.012781,-0.014968,0.271940,-19.577757,-4.935446,-38.778118,0.008883,0.001275,-0.999960,0.253630,0.025824,0.037954
762087.743695,-0.950572,0.310382,-0.008766,-0.310381,-0.950611,-0.001447,-0.008782,0.001345,0.999961,-0.011638,-0.011355,0.274406,-19.577757,-4.935446,-38.778118,0.008766,0.001447,-0.999961,0.262581,0.023547,0.043799
762087.753402,-0.952176,0.305432,-0.008474,-0.305432,-0.952213,-0.001372,-0.008488,0.001282,0.999963,0.004442,-0.015894,0.273257,-19.630987,-4.767516,-38.772213,0.008646,0.001435,-0.999962,0.266791,0.023742,0.016868
762087.763108,-0.952176,0.305432,-0.008474,-0.305432,-0.952213,-0.001372,-0.008488,0.001282,0.999963,0.001175,-0.018165,0.239085,-19.630987,-4.767516,-38.772213,0.008474,0.001372,-0.999963,0.257304,0.015947,0.029153
762087.772815,-0.952862,0.303289,-0.008348,-0.303288,-0.952898,-0.001470,-0.008401,0.001131,0.999964,-0.015975,-0.012354,0.224385,-19.630987,-4.767516,-38.772213,0.008348,0.001470,-0.999964,0.250441,0.015773,0.048350
762087.782522,-0.954067,0.299486,-0.007993,-0.299484,-0.954100,-0.001552,-0.008091,0.000913,0.999967,-0.008474,-0.012170,0.213459,-19.682198,-4.622233,-38.763844,0.008223,0.001549,-0.999965,0.285325,0.040138,0.014461
762087.792228,-0.954067,0.299486,-0.007993,-0.299484,-0.954100,-0.001552,-0.008091,0.000913,0.999967,0.000902,-0.022551,0.161026,-19.682198,-4.622233,-38.763844,0.007993,0.001552,-0.999967,0.243045,0.058293,0.018125
762087.801935,-0.954301,0.298748,-0.007740,-0.298744,-0.954332,-0.001724,-0.007902,0.000667,0.999969,-0.022327,-0.027115,0.046250,-19.682198,-4.622233,-38.763844,0.007740,0.001724,-0.999969,0.243298,0.058121,0.018127
762087.811642,-0.954110,0.299372,-0.007154,-0.299365,-0.954137,-0.001997,-0.007424,0.000236,0.999972,-0.029887,-0.036425,-0.033101,-19.727484,-4.534639,-38.751167,0.007368,0.002044,-0.999971,0.198458,0.094376,0.053865
762087.821348,-0.954110,0.299372,-0.007154,-0.299365,-0.954137,-0.001997,-0.007424,0.000236,0.999972,0.015451,-0.013935,-0.049764,-19.727484,-4.534639,-38.751167,0.007154,0.001997,-0.999972,0.252856,0.058962,-0.010663
762087.831055,-0.953890,0.300072,-0.007179,-0.300067,-0.953917,-0.001743,-0.007371,0.000491,0.999973,0.022805,0.007996,-0.078852,-19.727484,-4.534639,-38.751167,0.007179,0.001743,-0.999973,0.243905,0.050061,0.040164
762087.840762,-0.953268,0.302039,-0.007266,-0.302033,-0.953295,-0.002003,-0.007531,0.000285,0.999972,-0.011390,0.006336,-0.098576,-19.732746,-4.576176,-38.743603,0.007229,0.001821,-0.999972,0.228138,0.042964,0.077472
762087.850468,-0.953268,0.302039,-0.007266,-0.302033,-0.953295,-0.002003,-0.007531,0.000285,0.999972,-0.013780,0.008756,-0.108331,-19.732746,-4.576176,-38.743603,0.007266,0.002003,-0.999972,0.227476,0.042187,0.032137
762087.860175,-0.952925,0.303116,-0.007405,-0.303111,-0.952954,-0.001798,-0.007602,0.000531,0.999971,0.023190,0.010615,-0.116631,-19.722572,-4.599196,-38.746059,0.007405,0.001798,-0.999971,0.244578,0.031771,-0.015074
762087.869881,-0.952484,0.304502,-0.007216,-0.304496,-0.952512,-0.001915,-0.007456,0.000374,0.999972,-0.013383,-0.021351,-0.099971,-19.722572,-4.599196,-38.746059,0.007263,0.001879,-0.999972,0.290817,0.009077,0.043887
762087.879587,-0.952484,0.304502,-0.007216,-0.304496,-0.952512,-0.001915,-0.007456,0.000374,0.999972,0.003712,0.004940,-0.018023,-19.722572,-4.599196,-38.746059,0.007216,0.001915,-0.999972,0.524751,-0.036674,0.024646
762087.889294,-0.952539,0.304329,-0.007279,-0.304326,-0.952567,-0.001641,-0.007433,0.000653,0.999972,0.030093,0.011107,0.033380,-19.712358,-4.654283,-38.744678,0.007279,0.001641,-0.999972,0.524688,-0.036400,0.024646
762087.899001,-0.951895,0.306347,-0.006899,-0.306344,-0.951920,-0.001480,-0.007021,0.000704,0.999975,0.017790,-0.004867,-0.160648,-19.712358,-4.654283,-38.744678,0.007449,0.001425,-0.999971,0.466702,-0.053854,-0.017744
762087.908707,-0.951895,0.306347,-0.006899,-0.306344,-0.951920,-0.001480,-0.007021,0.000704,0.999975,-0.009142,-0.054957,-0.100144,-19.712358,-4.654283,-38.744678,0.006899,0.001480,-0.999975,0.354932,-0.123352,0.098333
762087.918414,-0.951614,0.307216,-0.006995,-0.307211,-0.951640,-0.001700,-0.007179,0.000531,0.999974,-0.030488,0.034797,-0.082674,-19.715416,-4.709833,-38.736408,0.006995,0.001700,-0.999974,0.278527,-0.103553,0.038991
762087.928121,-0.950230,0.311456,-0.007634,-0.311453,-0.950260,-0.001530,-0.007731,0.000924,0.999970,0.004784,0.049125,-0.176258,-19.715416,-4.709833,-38.736408,0.007599,0.001841,-0.999969,0.306030,-0.035471,-0.050156
762087.937827,-0.950230,0.311456,-0.007634,-0.311453,-0.950260,-0.001530,-0.007731,0.000924,0.999970,0.032336,-0.022924,-0.332580,-19.715416,-4.709833,-38.736408,0.007634,0.001530,-0.999970,0.421046,-0.067067,-0.033935
762087.947534,-0.949220,0.314531,-0.007160,-0.314528,-0.949247,-0.001529,-0.007278,0.000801,0.999973,-0.004450,-0.045299,-0.310987,-19.661041,-4.815191,-38.751087,0.007160,0.001529,-0.999973,0.625240,-0.082187,0.089619
762087.957241,-0.948139,0.317785,-0.006802,-0.317783,-0.948163,-0.001443,-0.006908,0.000793,0.999976,-0.000346,-0.012289,-0.177870,-19.662374,-4.901891,-38.739540,0.006969,0.001604,-0.999974,0.545796,-0.048433,0.031438
762087.966947,-0.948139,0.317785,-0.006802,-0.317783,-0.948163,-0.001443,-0.006908,0.000793,0.999976,0.016374,-0.017105,-0.126590,-19.662374,-4.901891,-38.739540,0.006802,0.001443,-0.999976,0.545963,-0.048272,0.031439
762087.976654,-0.947870,0.318588,-0.006701,-0.318584,-0.947893,-0.001586,-0.006857,0.000631,0.999976,-0.027456,-0.008516,-0.070719,-19.662374,-4.901891,-38.739540,0.006701,0.001586,-0.999976,0.036360,0.013337,0.032340
762087.986361,-0.947560,0.319508,-0.006657,-0.319505,-0.947584,-0.001521,-0.006794,0.000685,0.999977,-0.005662,0.002587,-0.055890,-19.659803,-4.961298,-38.733284,0.006687,0.001781,-0.999976,0.002621,0.018986,0.084082
762087.996067,-0.947560,0.319508,-0.006657,-0.319505,-0.947584,-0.001521,-0.006794,0.000685,0.999977,0.026251,-0.006614,-0.036244,-19.659803,-4.961298,-38.733284,0.006657,0.001521,-0.999977,-0.127766,0.034535,-0.040551
762088.005774,-0.947530,0.319598,-0.006706,-0.319595,-0.947553,-0.001474,-0.006825,0.000747,0.999976,-0.000193,0.009619,-0.005827,-19.659803,-4.961298,-38.733284,0.006706,0.001474,-0.999976,-0.006324,0.029364,0.067756
762088.015481,-0.947517,0.319634,-0.006818,-0.319631,-0.947541,-0.001557,-0.006958,0.000704,0.999976,-0.000312,0.014407,-0.002142,-19.650406,-4.987838,-38.734642,0.006880,0.001502,-0.999975,0.026415,-0.023810,0.033529
762088.025187,-0.947517,0.319634,-0.006818,-0.319631,-0.947541,-0.001557,-0.006958,0.000704,0.999976,-0.008535,-0.010998,0.000097,-19.650406,-4.987838,-38.734642,0.006818,0.001557,-0.999976,-0.017301,0.007095,0.032568
762088.034894,-0.947515,0.319638,-0.006818,-0.319634,-0.947540,-0.001577,-0.006964,0.000685,0.999976,0.004723,0.004848,0.001490,-19.650406,-4.987838,-38.734642,0.006818,0.001577,-0.999976,0.015216,0.005015,0.001105
762088.044601,-0.947506,0.319668,-0.006783,-0.319665,-0.947529,-0.001449,-0.006890,0.000796,0.999976,0.013636,-0.009402,-0.004636,-19.649736,-4.987973,-38.734966,0.006771,0.001454,-0.999976,-0.001232,-0.004673,0.022910
762088.054307,-0.947506,0.319668,-0.006783,-0.319665,-0.947529,-0.001449,-0.006890,0.000796,0.999976,-0.006292,0.002268,0.000189,-19.649736,-4.987973,-38.734966,0.006783,0.001449,-0.999976,0.011207,0.000977,0.033759
762088.064013,-0.947518,0.319631,-0.006723,-0.319629,-0.947542,-0.001394,-0.006816,0.000828,0.999976,0.010935,-0.002292,0.006362,-19.649736,-4.987973,-38.734966,0.006723,0.001394,-0.999976,0.011267,0.001032,0.033759
762088.073720,-0.947516,0.319638,-0.006735,-0.319637,-0.947539,-0.001371,-0.006820,0.000854,0.999976,0.007169,0.004882,0.002724,-19.652113,-4.993429,-38.733055,0.006790,0.001310,-0.999976,-0.002548,0.006258,0.025977
762088.083426,-0.947516,0.319638,-0.006735,-0.319637,-0.947539,-0.001371,-0.006820,0.000854,0.999976,-0.006013,-0.009714,-0.007195,-19.652113,-4.993429,-38.733055,0.006735,0.001371,-0.999976,0.006281,0.000033,0.048133
762088.093133,-0.947520,0.319625,-0.006734,-0.319623,-0.947544,-0.001409,-0.006831,0.000817,0.999976,0.002289,0.002396,0.002680,-19.653107,-4.993236,-38.732578,0.006734,0.001409,-0.999976,0.004283,0.007029,0.028953
762088.102840,-0.947519,0.319626,-0.006788,-0.319624,-0.947543,-0.001369,-0.006870,0.000872,0.999976,-0.000241,0.008381,0.000262,-19.653107,-4.993236,-38.732578,0.006801,0.001380,-0.999976,0.041356,0.005639,0.032248
762088.112546,-0.947519,0.319626,-0.006788,-0.319624,-0.947543,-0.001369,-0.006870,0.000872,0.999976,0.002449,-0.004797,-0.001019,-19.653107,-4.993236,-38.732578,0.006788,0.001369,-0.999976,0.014543,-0.014705,0.035453
762088.122253,-0.947507,0.319665,-0.006729,-0.319663,-0.947530,-0.001326,-0.006800,0.000895,0.999976,0.004924,-0.002324,-0.005866,-19.651114,-4.993064,-38.733612,0.006729,0.001326,-0.999976,-0.000549,0.007204,0.025047
762088.131960,-0.947495,0.319700,-0.006785,-0.319699,-0.947518,-0.001187,-0.006808,0.001044,0.999976,0.010966,0.002573,-0.003363,-19.651114,-4.993064,-38.733612,0.006754,0.001247,-0.999976,-0.005228,-0.003521,0.033485
762088.141666,-0.947495,0.319700,-0.006785,-0.319699,-0.947518,-0.001187,-0.006808,0.001044,0.999976,0.003594,0.001242,-0.002196,-19.651114,-4.993064,-38.733612,0.006785,0.001187,-0.999976,-0.005259,-0.003461,0.033485
762088.151373,-0.947483,0.319733,-0.006784,-0.319732,-0.947507,-0.001243,-0.006825,0.000991,0.999976,-0.003824,0.003525,-0.002227,-19.650860,-5.001659,-38.732632,0.006784,0.001243,-0.999976,-0.005349,-0.003624,0.046012
762088.161080,-0.947477,0.319751,-0.006833,-0.319751,-0.947501,-0.001111,-0.006830,0.001132,0.999976,0.008566,-0.001074,-0.003398,-19.650860,-5.001659,-38.732632,0.006790,0.001189,-0.999976,0.008179,0.009278,0.015540
762088.170786,-0.947477,0.319751,-0.006833,-0.319751,-0.947501,-0.001111,-0.006830,0.001132,0.999976,0.004798,0.003674,-0.003393,-19.650860,-5.001659,-38.732632,0.006833,0.001111,-0.999976,0.005389,0.000522,0.023063
762088.180493,-0.947448,0.319836,-0.006821,-0.319836,-0.947472,-0.001136,-0.006826,0.001105,0.999976,-0.005007,0.002316,-0.004680,-19.648703,-5.005689,-38.733204,0.006821,0.001136,-0.999976,0.000519,-0.002524,0.034553
762088.190200,-0.947444,0.319848,-0.006840,-0.319849,-0.947468,-0.001064,-0.006821,0.001179,0.999976,0.006058,-0.002353,0.002675,-19.648703,-5.005689,-38.733204,0.006815,0.001100,-0.999976,0.002432,0.000518,0.027854
762088.199906,-0.947444,0.319848,-0.006840,-0.319849,-0.947468,-0.001064,-0.006821,0.001179,0.999976,-0.000123,0.001167,0.000220,-19.648703,-5.005689,-38.733204,0.006840,0.001064,-0.999976,-0.000721,0.004368,0.045234
762088.209613,-0.947458,0.319801,-0.007136,-0.319800,-0.947484,-0.001341,-0.007190,0.001011,0.999974,-0.009979,-0.001424,0.005022,-19.647940,-5.009542,-38.733093,0.007136,0.001341,-0.999974,0.004965,0.003160,0.028889
762088.219320,-0.947439,0.319851,-0.007382,-0.319848,-0.947468,-0.001675,-0.007529,0.000774,0.999971,-0.001174,-0.004820,-0.007137,-19.636948,-4.996979,-38.740288,0.007105,0.001372,-0.999974,0.004995,0.003129,0.028889
762088.229026,-0.947439,0.319851,-0.007382,-0.319848,-0.947468,-0.001675,-0.007529,0.000774,0.999971,-0.003798,-0.000090,0.000190,-19.636948,-4.996979,-38.740288,0.007382,0.001675,-0.999971,0.004673,0.004825,0.027956
762088.238733,-0.947432,0.319871,-0.007478,-0.319869,-0.947461,-0.001571,-0.007587,0.000904,0.999971,0.001195,-0.003607,-0.001019,-19.636948,-4.996979,-38.740288,0.007478,0.001571,-0.999971,0.001861,-0.001906,0.024934
762088.248440,-0.947402,0.319952,-0.007803,-0.319951,-0.947433,-0.001297,-0.007808,0.001268,0.999969,0.006089,-0.001112,-0.002194,-19.616341,-4.992175,-38.751347,0.007643,0.001507,-0.999970,0.003587,0.000095,0.024994
762088.258146,-0.947402,0.319952,-0.007803,-0.319951,-0.947433,-0.001297,-0.007808,0.001268,0.999969,0.002462,-0.002352,-0.005881,-19.616341,-4.992175,-38.751347,0.007803,0.001297,-0.999969,0.003534,-0.003632,0.024932
762088.267853,-0.947382,0.320000,-0.008154,-0.320001,-0.947416,-0.001280,-0.008134,0.001397,0.999966,-0.000175,0.008432,-0.005834,-19.616341,-4.992175,-38.751347,0.008154,0.001280,-0.999966,0.006037,0.000338,0.020199
762088.277559,-0.947371,0.320024,-0.008538,-0.320025,-0.947408,-0.001199,-0.008473,0.001596,0.999963,-0.007409,-0.003740,-0.001072,-19.596331,-5.003926,-38.759956,0.008241,0.001085,-0.999965,0.002104,-0.005434,0.032589
762088.287265,-0.947371,0.320024,-0.008538,-0.320025,-0.947408,-0.001199,-0.008473,0.001596,0.999963,0.001066,0.003613,0.000242,-19.596331,-5.003926,-38.759956,0.008538,0.001199,-0.999963,0.006552,0.002325,0.024102
762088.296972,-0.947341,0.320112,-0.008592,-0.320116,-0.947378,-0.000972,-0.008451,0.001830,0.999963,0.001336,-0.005949,-0.009567,-19.596331,-5.003926,-38.759956,0.008592,0.000972,-0.999963,0.001769,-0.005305,0.031625
762088.306679,-0.947302,0.320222,-0.008765,-0.320228,-0.947340,-0.000846,-0.008574,0.002005,0.999961,0.003782,-0.005916,-0.008333,-19.578732,-5.020508,-38.766705,0.008551,0.000941,-0.999963,0.001810,-0.005275,0.031625
762088.316385,-0.947302,0.320222,-0.008765,-0.320228,-0.947340,-0.000846,-0.008574,0.002005,0.999961,-0.002508,-0.002449,-0.001035,-19.578732,-5.020508,-38.766705,0.008765,0.000846,-0.999961,0.005457,-0.002250,0.027854
762088.326092,-0.947288,0.320263,-0.008762,-0.320266,-0.947327,-0.001078,-0.008646,0.001785,0.999961,-0.006303,0.004711,-0.002235,-19.571331,-5.025929,-38.769737,0.008762,0.001078,-0.999961,-0.000614,0.004445,0.030769
762088.335799,-0.947281,0.320278,-0.008995,-0.320279,-0.947322,-0.001365,-0.008958,0.001588,0.999959,-0.006265,0.002308,-0.002249,-19.571331,-5.025929,-38.769737,0.008914,0.001199,-0.999960,0.003262,0.001349,0.026922
762088.345505,-0.947281,0.320278,-0.008995,-0.320279,-0.947322,-0.001365,-0.008958,0.001588,0.999959,-0.000072,-0.001204,-0.001013,-19.571331,-5.025929,-38.769737,0.008995,0.001365,-0.999959,0.002144,0.004159,0.025044
762088.355212,-0.947271,0.320298,-0.009360,-0.320299,-0.947315,-0.001444,-0.009329,0.001630,0.999955,-0.000059,-0.001192,-0.002232,-17.541182,-5.158493,-44.276127,0.009360,0.001444,-0.999955,0.009622,0.002020,0.026063
762088.364919,-0.947279,0.320270,-0.009525,-0.320272,-0.947325,-0.001347,-0.009454,0.001775,0.999954,-0.001355,-0.001247,0.003856,-17.541182,-5.158493,-44.276127,0.009415,0.001197,-0.999955,0.001892,-0.006614,0.041245
762088.374625,-0.947279,0.320270,-0.009525,-0.320272,-0.947325,-0.001347,-0.009454,0.001775,0.999954,-0.003887,0.004739,0.001437,-17.541182,-5.158493,-44.276127,0.009525,0.001347,-0.999954,0.001629,0.003185,0.025024
762088.384332,-0.947273,0.320285,-0.009564,-0.320287,-0.947320,-0.001341,-0.009489,0.001793,0.999953,-0.000011,-0.002379,-0.004678,-17.517763,-5.159153,-44.285320,0.009564,0.001341,-0.999953,0.000675,-0.000746,0.028792
762088.394039,-0.947264,0.320309,-0.009666,-0.320312,-0.947311,-0.001358,-0.009592,0.001810,0.999952,-0.006240,-0.000097,-0.001044,-17.517763,-5.159153,-44.285320,0.009551,0.001385,-0.999953,0.000688,-0.000790,0.028793
762088.403745,-0.947264,0.320309,-0.009666,-0.320312,-0.947311,-0.001358,-0.009592,0.001810,0.999952,-0.006196,-0.006134,0.003798,-17.517763,-5.159153,-44.285320,0.009666,0.001358,-0.999952,0.004555,-0.001740,0.024015
762088.413452,-0.947260,0.320320,-0.009656,-0.320321,-0.947308,-0.001418,-0.009602,0.001750,0.999952,-0.000087,-0.003628,0.003849,-17.511272,-5.159401,-44.287857,0.009656,0.001418,-0.999952,0.000537,0.001146,0.027861
762088.423159,-0.947219,0.320437,-0.009842,-0.320438,-0.947268,-0.001517,-0.009809,0.001717,0.999950,0.003687,0.001327,-0.010729,-17.511272,-5.159401,-44.287857,0.009776,0.001545,-0.999951,0.003210,0.004879,0.034711
762088.432865,-0.947219,0.320437,-0.009842,-0.320438,-0.947268,-0.001517,-0.009809,0.001717,0.999950,0.002461,-0.002327,-0.005881,-17.511272,-5.159401,-44.287857,0.009842,0.001517,-0.999950,0.001312,0.000009,0.034618
762088.442572,-0.947233,0.320389,-0.009999,-0.320390,-0.947285,-0.001524,-0.009960,0.001760,0.999949,-0.000183,-0.001246,0.008740,-17.502773,-5.154798,-44.291756,0.009999,0.001524,-0.999949,0.006069,-0.000014,0.031763
762088.452279,-0.947247,0.320344,-0.010173,-0.320346,-0.947300,-0.001540,-0.010130,0.001800,0.999947,-0.002601,-0.001266,0.005068,-17.497087,-5.153678,-44.294132,0.010019,0.001582,-0.999949,0.001151,0.001973,0.025965
762088.461985,-0.947247,0.320344,-0.010173,-0.320346,-0.947300,-0.001540,-0.010130,0.001800,0.999947,0.003769,-0.007111,-0.005902,-17.497087,-5.153678,-44.294132,0.010173,0.001540,-0.999947,0.005894,-0.000014,0.029839
762088.471691,-0.947248,0.320343,-0.010089,-0.320344,-0.947300,-0.001528,-0.010047,0.001785,0.999948,0.001259,-0.010814,0.003815,-17.497087,-5.153678,-44.294132,0.010089,0.001528,-0.999948,0.005978,-0.000002,0.029840
762088.481398,-0.947254,0.320326,-0.010063,-0.320330,-0.947305,-0.001262,-0.009937,0.002028,0.999949,0.006127,-0.005910,0.001435,-17.492998,-5.157294,-44.295326,0.010044,0.001394,-0.999949,0.000256,-0.001730,0.023966
762088.491104,-0.947254,0.320326,-0.010063,-0.320330,-0.947305,-0.001262,-0.009937,0.002028,0.999949,0.003624,-0.002336,0.000222,-17.492998,-5.157294,-44.295326,0.010063,0.001262,-0.999949,0.002220,-0.003612,0.027796
762088.500811,-0.947235,0.320382,-0.010092,-0.320385,-0.947287,-0.001348,-0.009992,0.001957,0.999948,-0.003886,0.007175,-0.002206,-17.492998,-5.157294,-44.295326,0.010092,0.001348,-0.999948,0.000085,0.002207,0.026910
762088.510518,-0.947211,0.320453,-0.010096,-0.320457,-0.947262,-0.001309,-0.009983,0.001995,0.999948,0.008584,0.000192,-0.007048,-17.491194,-5.161779,-44.295513,0.010108,0.001305,-0.999948,-0.000846,0.001289,0.024957
762088.520224,-0.947211,0.320453,-0.010096,-0.320457,-0.947262,-0.001309,-0.009983,0.001995,0.999948,-0.000128,-0.001215,0.003864,-17.491194,-5.161779,-44.295513,0.010096,0.001309,-0.999948,0.000051,0.002216,0.031732
762088.529931,-0.947217,0.320435,-0.010064,-0.320437,-0.947269,-0.001419,-0.009988,0.001881,0.999948,0.003579,-0.002357,0.003879,-17.491194,-5.161779,-44.295513,0.010064,0.001419,-0.999948,-0.000008,0.004028,0.037546
762088.539638,-0.947233,0.320393,-0.009901,-0.320394,-0.947283,-0.001529,-0.009869,0.001723,0.999950,0.002400,-0.007201,0.006282,-17.494055,-5.160049,-44.294586,0.009909,0.001523,-0.999950,-0.003653,0.005084,0.023052
762088.549344,-0.947233,0.320393,-0.009901,-0.320394,-0.947283,-0.001529,-0.009869,0.001723,0.999950,0.002336,0.000041,0.001447,-17.494055,-5.160049,-44.294586,0.009901,0.001529,-0.999950,0.000338,0.001080,0.023036
762088.559051,-0.947224,0.320420,-0.009871,-0.320421,-0.947274,-0.001524,-0.009839,0.001720,0.999950,0.001248,-0.003545,-0.005896,-17.500439,-5.153407,-44.292839,0.009871,0.001524,-0.999950,0.000368,0.001086,0.023037
762088.568758,-0.947241,0.320371,-0.009880,-0.320371,-0.947291,-0.001638,-0.009884,0.001614,0.999950,-0.000071,-0.002398,0.000199,-17.500439,-5.153407,-44.292839,0.009835,0.001638,-0.999950,-0.000649,0.003916,0.025005
762088.578464,-0.947241,0.320371,-0.009880,-0.320371,-0.947291,-0.001638,-0.009884,0.001614,0.999950,-0.001397,-0.002466,0.008725,-17.500439,-5.153407,-44.292839,0.009880,0.001638,-0.999950,0.002266,-0.000097,0.033641
762088.588171,-0.947235,0.320385,-0.010008,-0.320386,-0.947286,-0.001548,-0.009976,0.001740,0.999949,0.001206,-0.003563,-0.002238,-17.501451,-5.148182,-44.293045,0.010008,0.001548,-0.999949,0.005175,-0.002997,0.030741
762088.597878,-0.947216,0.320430,-0.010329,-0.320434,-0.947270,-0.001353,-0.010218,0.002028,0.999946,-0.001437,0.006003,0.000241,-17.501451,-5.148182,-44.293045,0.010211,0.001399,-0.999947,0.007001,-0.005793,0.029763
762088.607584,-0.947216,0.320430,-0.010329,-0.320434,-0.947270,-0.001353,-0.010218,0.002028,0.999946,0.000073,-0.005956,-0.007136,-17.501451,-5.148182,-44.293045,0.010329,0.001353,-0.999946,0.006791,-0.001796,0.027885
762088.617291,-0.947192,0.320496,-0.010460,-0.320501,-0.947247,-0.001237,-0.010304,0.002181,0.999945,0.003700,0.001348,-0.011948,-17.481237,-5.161939,-44.299427,0.010460,0.001237,-0.999945,0.004830,-0.004579,0.023001
762088.626998,-0.947148,0.320619,-0.010680,-0.320623,-0.947206,-0.001353,-0.010551,0.002143,0.999942,0.001034,0.009690,-0.005819,-17.481237,-5.161939,-44.299427,0.010625,0.001235,-0.999943,0.003490,0.000306,0.029820
762088.636704,-0.947148,0.320619,-0.010680,-0.320623,-0.947206,-0.001353,-0.010551,0.002143,0.999942,-0.004927,-0.003650,-0.003495,-17.481237,-5.161939,-44.299427,0.010680,0.001353,-0.999942,0.002351,0.004094,0.032748
762088.646411,-0.947149,0.320617,-0.010662,-0.320621,-0.947207,-0.001397,-0.010547,0.002095,0.999942,-0.000110,-0.002408,0.003856,-17.464630,-5.165511,-44.305561,0.010662,0.001397,-0.999942,0.002369,0.004050,0.032749
762088.656118,-0.947147,0.320627,-0.010571,-0.320629,-0.947204,-0.001548,-0.010510,0.001923,0.999943,0.001096,0.002448,-0.000984,-17.464630,-5.165511,-44.305561,0.010557,0.001441,-0.999943,-0.004255,0.001138,0.030690
762088.665824,-0.947147,0.320627,-0.010571,-0.320629,-0.947204,-0.001548,-0.010510,0.001923,0.999943,0.001154,-0.001159,-0.001005,-17.464630,-5.165511,-44.305561,0.010571,0.001548,-0.999943,-0.000440,0.003976,0.026936
762088.675531,-0.947160,0.320592,-0.010402,-0.320592,-0.947216,-0.001669,-0.010388,0.001754,0.999945,-0.004933,-0.008504,0.003791,-17.469425,-5.157033,-44.304657,0.010402,0.001669,-0.999945,-0.004177,0.003870,0.030737
762088.685237,-0.947140,0.320653,-0.010334,-0.320652,-0.947195,-0.001830,-0.010375,0.001580,0.999945,0.002547,-0.009542,-0.003485,-17.478037,-5.150151,-44.302059,0.010330,0.001804,-0.999945,-0.000275,0.004666,0.032736
762088.694943,-0.947140,0.320653,-0.010334,-0.320652,-0.947195,-0.001830,-0.010375,0.001580,0.999945,-0.003742,-0.003653,0.000169,-17.478037,-5.150151,-44.302059,0.010334,0.001830,-0.999945,0.001828,0.000718,0.027869
762088.704650,-0.947115,0.320726,-0.010431,-0.320725,-0.947171,-0.001779,-0.010451,0.001660,0.999944,0.004796,0.003705,-0.004610,-17.478037,-5.150151,-44.302059,0.010431,0.001779,-0.999944,0.003790,-0.002176,0.024968
762088.714357,-0.947104,0.320756,-0.010481,-0.320756,-0.947160,-0.001781,-0.010498,0.001675,0.999943,-0.001375,0.002381,-0.000998,-17.473492,-5.148849,-44.304005,0.010571,0.001800,-0.999942,0.003574,0.000733,0.025013
762088.724063,-0.947104,0.320756,-0.010481,-0.320756,-0.947160,-0.001781,-0.010498,0.001675,0.999943,0.004991,-0.010743,-0.001036,-17.473492,-5.148849,-44.304005,0.010481,0.001781,-0.999943,0.003664,0.000752,0.025014
762088.733770,-0.947095,0.320782,-0.010531,-0.320783,-0.947151,-0.001647,-0.010503,0.001818,0.999943,0.003750,-0.008343,-0.003468,-17.473492,-5.148849,-44.304005,0.010531,0.001647,-0.999943,0.005658,-0.004043,0.027836
762088.743477,-0.947081,0.320818,-0.010641,-0.320820,-0.947139,-0.001577,-0.010585,0.001920,0.999942,0.008449,0.000114,0.003926,-17.465836,-5.158677,-44.305882,0.010629,0.001549,-0.999942,0.004461,-0.001061,0.035587
762088.753183,-0.947081,0.320818,-0.010641,-0.320820,-0.947139,-0.001577,-0.010585,0.001920,0.999942,-0.001301,-0.001216,-0.002237,-17.465836,-5.158677,-44.305882,0.010641,0.001577,-0.999942,0.001474,0.001932,0.030765
762088.762890,-0.947106,0.320742,-0.010672,-0.320743,-0.947165,-0.001710,-0.010657,0.001803,0.999942,-0.001406,-0.002480,0.008727,-17.465836,-5.158677,-44.305882,0.010672,0.001710,-0.999942,0.002389,0.004805,0.024096
762088.772597,-0.947105,0.320746,-0.010656,-0.320746,-0.947164,-0.001734,-0.010649,0.001775,0.999942,-0.001310,-0.002432,0.000194,-17.464298,-5.151287,-44.307346,0.010656,0.001734,-0.999942,-0.000433,-0.000117,0.025912
762088.782303,-0.947097,0.320773,-0.010612,-0.320774,-0.947154,-0.001705,-0.010598,0.001789,0.999942,0.008630,-0.003430,-0.007067,-17.464298,-5.151287,-44.307346,0.010612,0.001705,-0.999942,-0.000434,0.000828,0.030734
762088.792010,-0.947089,0.320795,-0.010607,-0.320795,-0.947147,-0.001739,-0.010604,0.001756,0.999942,-0.000061,-0.003613,0.000194,-17.464298,-5.151287,-44.307346,0.010607,0.001739,-0.999942,0.000501,0.002747,0.030780
762088.801717,-0.947067,0.320861,-0.010608,-0.320860,-0.947125,-0.001829,-0.010634,0.001671,0.999942,-0.002529,0.003616,-0.009532,-17.466568,-5.151484,-44.306431,0.010631,0.001765,-0.999942,0.000478,0.002721,0.030780
762088.811423,-0.947067,0.320861,-0.010608,-0.320860,-0.947125,-0.001829,-0.010634,0.001671,0.999942,0.001190,-0.002370,-0.003448,-17.466568,-5.151484,-44.306431,0.010608,0.001829,-0.999942,-0.000476,0.002702,0.027881
762088.821130,-0.947066,0.320864,-0.010618,-0.320863,-0.947124,-0.001823,-0.010642,0.001681,0.999942,-0.005118,0.004721,0.000213,-17.466499,-5.148994,-44.306744,0.010618,0.001823,-0.999942,-0.000395,-0.001228,0.029758
762088.830836,-0.947039,0.320942,-0.010692,-0.320939,-0.947098,-0.001972,-0.010760,0.001564,0.999941,-0.001395,0.006014,-0.004634,-17.466499,-5.148994,-44.306744,0.010743,0.001909,-0.999940,0.003310,0.002562,0.028886
762088.840542,-0.947039,0.320942,-0.010692,-0.320939,-0.947098,-0.001972,-0.010760,0.001564,0.999941,-0.008689,-0.002553,0.000148,-17.466499,-5.148994,-44.306744,0.010692,0.001972,-0.999941,-0.001385,-0.002338,0.028749
762088.850250,-0.947035,0.320950,-0.010731,-0.320949,-0.947095,-0.001849,-0.010757,0.001693,0.999941,0.003506,0.007297,-0.004597,-17.462318,-5.144218,-44.308945,0.010731,0.001849,-0.999941,0.000576,-0.004215,0.028749
762088.859956,-0.947044,0.320922,-0.010858,-0.320922,-0.947104,-0.001776,-0.010853,0.001803,0.999940,0.002193,0.004810,0.006354,-17.462318,-5.144218,-44.308945,0.010800,0.001807,-0.999940,0.001422,-0.001196,0.025911
762088.869662,-0.947044,0.320922,-0.010858,-0.320922,-0.947104,-0.001776,-0.010853,0.001803,0.999940,0.007401,-0.003448,-0.007075,-17.462318,-5.144218,-44.308945,0.010858,0.001776,-0.999940,0.002280,0.000742,0.028840
762088.879369,-0.947054,0.320889,-0.010891,-0.320891,-0.947115,-0.001635,-0.010840,0.001946,0.999939,0.002279,-0.001207,0.007538,-17.455095,-5.152543,-44.310825,0.010891,0.001635,-0.999939,0.003360,-0.005023,0.029740
762088.889076,-0.947060,0.320869,-0.011009,-0.320871,-0.947122,-0.001557,-0.010926,0.002058,0.999938,-0.003833,0.002348,-0.001013,-17.455095,-5.152543,-44.310825,0.011009,0.001557,-0.999938,0.004189,-0.003983,0.031692
762088.898782,-0.947037,0.320936,-0.011010,-0.320939,-0.947099,-0.001527,-0.010918,0.002087,0.999938,0.003628,0.002511,-0.008282,-17.455095,-5.152543,-44.310825,0.011010,0.001527,-0.999938,0.004188,-0.003953,0.031692
762088.908489,-0.947008,0.321019,-0.011101,-0.321023,-0.947070,-0.001490,-0.010992,0.002152,0.999937,0.001202,0.001276,-0.009523,-17.448284,-5.163819,-44.312199,0.011101,0.001490,-0.999937,0.002067,-0.000941,0.031706
762088.918196,-0.947008,0.321018,-0.011111,-0.321021,-0.947071,-0.001588,-0.011033,0.002063,0.999937,-0.008728,-0.002570,0.003806,-17.442656,-5.164954,-44.314281,0.011111,0.001588,-0.999937,0.001035,0.000930,0.030745
762088.927902,-0.946997,0.321052,-0.011047,-0.321054,-0.947060,-0.001652,-0.010993,0.001982,0.999938,0.003671,-0.003527,-0.003440,-17.442656,-5.164954,-44.314281,0.011047,0.001652,-0.999938,-0.001892,0.002879,0.029799
762088.937609,-0.947025,0.320970,-0.011064,-0.320971,-0.947088,-0.001795,-0.011054,0.001851,0.999937,-0.001366,-0.004880,0.008714,-17.442656,-5.164954,-44.314281,0.011064,0.001795,-0.999937,0.001967,0.005697,0.024107
762088.947316,-0.947028,0.320955,-0.011200,-0.320955,-0.947093,-0.001840,-0.011198,0.001852,0.999936,0.006017,0.002519,-0.002171,-17.441698,-5.150647,-44.316322,0.011170,0.001799,-0.999936,0.002884,0.002687,0.027921
762088.957022,-0.947028,0.320955,-0.011200,-0.320955,-0.947093,-0.001840,-0.011198,0.001852,0.999936,-0.001309,-0.000000,-0.003449,-17.441698,-5.150647,-44.316322,0.011200,0.001840,-0.999936,0.001846,0.002616,0.033688
762088.966729,-0.947025,0.320965,-0.011163,-0.320964,-0.947089,-0.001858,-0.011168,0.001824,0.999936,-0.000040,-0.002385,-0.003456,-17.441698,-5.150647,-44.316322,0.011163,0.001858,-0.999936,-0.000939,-0.001278,0.031674
762088.976436,-0.947013,0.321002,-0.011143,-0.321001,-0.947077,-0.001922,-0.011170,0.001757,0.999936,-0.001270,-0.002405,-0.003464,-17.441391,-5.149309,-44.316601,0.011177,0.001907,-0.999936,0.000984,0.001648,0.024991
762088.986142,-0.947013,0.321002,-0.011143,-0.321001,-0.947077,-0.001922,-0.011170,0.001757,0.999936,-0.009846,-0.006168,-0.001099,-17.441391,-5.149309,-44.316601,0.011143,0.001922,-0.999936,0.000103,-0.002334,0.031674
762088.995849,-0.947014,0.321000,-0.011125,-0.320999,-0.947078,-0.001953,-0.011163,0.001721,0.999936,-0.002505,-0.001216,-0.004683,-17.441391,-5.149309,-44.316601,0.011125,0.001953,-0.999936,0.000121,-0.002365,0.031674
762089.005556,-0.947017,0.320990,-0.011137,-0.320988,-0.947081,-0.001987,-0.011186,0.001693,0.999936,-0.007486,-0.002541,0.002594,-17.440741,-5.148160,-44.316990,0.011157,0.001955,-0.999936,0.002042,-0.002382,0.030713
762089.015262,-0.947017,0.320990,-0.011137,-0.320988,-0.947081,-0.001987,-0.011186,0.001693,0.999936,0.001091,0.001223,0.000230,-17.440741,-5.148160,-44.316990,0.011137,0.001987,-0.999936,-0.000959,0.000546,0.030728
762089.024969,-0.947043,0.320913,-0.011176,-0.320911,-0.947107,-0.001995,-0.011226,0.001697,0.999936,0.001034,-0.001230,0.008750,-17.440741,-5.148160,-44.316990,0.011176,0.001995,-0.999936,0.000985,0.000553,0.027859
762089.034676,-0.947000,0.321041,-0.011151,-0.321040,-0.947064,-0.001925,-0.011179,0.001757,0.999936,0.003667,0.002535,-0.011939,-17.442537,-5.144782,-44.316673,0.011152,0.001939,-0.999936,-0.000883,-0.001298,0.023969
762089.044382,-0.947000,0.321041,-0.011151,-0.321040,-0.947064,-0.001925,-0.011179,0.001757,0.999936,-0.002506,-0.003640,-0.001040,-17.442537,-5.144782,-44.316673,0.011151,0.001925,-0.999936,0.001041,-0.001345,0.029767
762089.054088,-0.946990,0.321067,-0.011251,-0.321067,-0.947055,-0.001843,-0.011247,0.001867,0.999935,0.004914,-0.003496,-0.004652,-17.441446,-5.148205,-44.316708,0.011251,0.001843,-0.999935,0.005839,-0.001309,0.027889
762089.063795,-0.946980,0.321099,-0.011199,-0.321098,-0.947044,-0.001866,-0.011205,0.001829,0.999936,0.003681,-0.008368,0.002627,-17.441446,-5.148205,-44.316708,0.011230,0.001790,-0.999935,0.000947,-0.000219,0.028805
762089.073501,-0.946980,0.321099,-0.011199,-0.321098,-0.947044,-0.001866,-0.011205,0.001829,0.999936,-0.002424,-0.003597,-0.008354,-17.441446,-5.148205,-44.316708,0.011199,0.001866,-0.999936,-0.000090,0.002621,0.030774
762089.083208,-0.947008,0.321016,-0.011144,-0.321016,-0.947072,-0.001890,-0.011161,0.001787,0.999936,-0.003847,-0.006140,0.012349,-17.439020,-5.151917,-44.317230,0.011144,0.001890,-0.999936,-0.000035,0.002596,0.030774
762089.092915,-0.947006,0.321025,-0.011116,-0.321023,-0.947069,-0.001950,-0.011154,0.001722,0.999936,-0.005197,0.009539,0.000241,-17.439020,-5.151917,-44.317230,0.011160,0.001978,-0.999936,0.000009,0.002599,0.021145
762089.102621,-0.947006,0.321025,-0.011116,-0.321023,-0.947069,-0.001950,-0.011154,0.001722,0.999936,0.004852,-0.002315,-0.000988,-17.439020,-5.151917,-44.317230,0.011116,0.001950,-0.999936,-0.001900,0.000614,0.029767
762089.112328,-0.947018,0.320989,-0.011128,-0.320986,-0.947082,-0.002061,-0.011201,0.001620,0.999936,-0.003871,0.001122,0.003857,-17.443075,-5.146787,-44.316227,0.011128,0.002061,-0.999936,-0.000035,0.003417,0.030789
762089.122035,-0.947025,0.320965,-0.011181,-0.320965,-0.947089,-0.001909,-0.011202,0.001781,0.999936,0.001119,0.001239,-0.002208,-17.443075,-5.146787,-44.316227,0.011179,0.001893,-0.999936,0.001181,-0.007233,0.030621
762089.131741,-0.947025,0.320965,-0.011181,-0.320965,-0.947089,-0.001909,-0.011202,0.001781,0.999936,0.001045,0.004838,-0.000968,-17.443075,-5.146787,-44.316227,0.011181,0.001909,-0.999936,-0.001965,0.000654,0.029767
762089.141448,-0.947030,0.320951,-0.011164,-0.320951,-0.947094,-0.001880,-0.011177,0.001803,0.999936,0.001058,0.002419,0.001456,-17.440535,-5.147458,-44.317150,0.011164,0.001880,-0.999936,-0.002878,-0.001239,0.027783
762089.151155,-0.946981,0.321097,-0.011141,-0.321097,-0.947044,-0.001830,-0.011138,0.001844,0.999936,0.007463,-0.004624,-0.010739,-17.440535,-5.147458,-44.317150,0.011183,0.001781,-0.999936,0.002046,-0.002177,0.026868
762089.160861,-0.946981,0.321097,-0.011141,-0.321097,-0.947044,-0.001830,-0.011138,0.001844,0.999936,-0.007257,-0.009697,-0.007200,-17.440535,-5.147458,-44.317150,0.011141,0.001830,-0.999936,0.002089,-0.002227,0.026868
762089.170568,-0.946971,0.321124,-0.011168,-0.321124,-0.947035,-0.001816,-0.011159,0.001866,0.999936,-0.002505,-0.003639,-0.001040,-17.441595,-5.153449,-44.316036,0.011168,0.001816,-0.999936,0.003008,-0.002259,0.030728
762089.180275,-0.946995,0.321056,-0.011136,-0.321057,-0.947058,-0.001773,-0.011115,0.001896,0.999936,-0.006200,-0.002490,-0.002274,-17.438660,-5.154449,-44.317078,0.011192,0.001847,-0.999936,0.002968,-0.001283,0.027859
762089.189981,-0.946995,0.321056,-0.011136,-0.321057,-0.947058,-0.001773,-0.011115,0.001896,0.999936,0.006115,-0.008340,0.005081,-17.438660,-5.154449,-44.317078,0.011136,0.001773,-0.999936,0.001056,-0.001209,0.030713
762089.199688,-0.946998,0.321048,-0.011100,-0.321050,-0.947061,-0.001715,-0.011063,0.001940,0.999937,0.003631,-0.003543,0.000217,-17.438660,-5.154449,-44.317078,0.011100,0.001715,-0.999937,-0.000862,-0.001104,0.027815
762089.209395,-0.946966,0.321143,-0.011074,-0.321144,-0.947029,-0.001705,-0.011035,0.001942,0.999937,0.001367,-0.009546,-0.008366,-17.444939,-5.158560,-44.314129,0.011093,0.001647,-0.999937,0.003082,-0.002090,0.030729
762089.219101,-0.946966,0.321143,-0.011074,-0.321144,-0.947029,-0.001705,-0.011035,0.001942,0.999937,-0.005005,0.004787,-0.009540,-17.444939,-5.158560,-44.314129,0.011074,0.001705,-0.999937,-0.001842,0.000859,0.028792
762089.228808,-0.946982,0.321094,-0.011133,-0.321096,-0.947045,-0.001730,-0.011099,0.001937,0.999937,0.001090,-0.003624,0.007517,-17.444939,-5.158560,-44.314129,0.011133,0.001730,-0.999937,0.002005,0.000803,0.027875
762089.238515,-0.946973,0.321125,-0.011008,-0.321127,-0.947035,-0.001667,-0.010961,0.001957,0.999938,0.006105,-0.003495,-0.000987,-17.443279,-5.158385,-44.314800,0.011074,0.001685,-0.999937,-0.000881,-0.000113,0.030714
762089.248221,-0.946973,0.321125,-0.011008,-0.321127,-0.947035,-0.001667,-0.010961,0.001957,0.999938,0.001225,-0.005981,-0.001031,-17.443279,-5.158385,-44.314800,0.011008,0.001667,-0.999938,-0.000816,-0.000095,0.030715
762089.257928,-0.946981,0.321100,-0.011018,-0.321102,-0.947043,-0.001640,-0.010961,0.001985,0.999938,-0.000237,0.004792,0.003901,-17.443279,-5.158385,-44.314800,0.011018,0.001640,-0.999938,-0.000764,-0.002021,0.029738
762089.267634,-0.946970,0.321131,-0.011025,-0.321133,-0.947033,-0.001715,-0.010992,0.001916,0.999938,0.004902,-0.003501,-0.003432,-17.445753,-5.158516,-44.313812,0.011033,0.001680,-0.999938,0.000106,0.001845,0.029814
762089.277340,-0.946970,0.321131,-0.011025,-0.321133,-0.947033,-0.001715,-0.010992,0.001916,0.999938,0.003725,-0.005919,-0.004673,-17.445753,-5.158516,-44.313812,0.011025,0.001715,-0.999938,0.001045,0.003778,0.029845
762089.287047,-0.946984,0.321096,-0.010921,-0.321096,-0.947045,-0.001749,-0.010904,0.001851,0.999939,-0.002595,-0.004895,0.008706,-17.446529,-5.159193,-44.313427,0.010921,0.001749,-0.999939,-0.002696,0.001837,0.026871
762089.296754,-0.946971,0.321135,-0.010932,-0.321135,-0.947032,-0.001805,-0.010933,0.001801,0.999939,-0.003785,0.003591,-0.007101,-17.446529,-5.159193,-44.313427,0.010932,0.001805,-0.999939,0.000207,0.001720,0.029815
762089.306460,-0.946963,0.321155,-0.010977,-0.321156,-0.947025,-0.001770,-0.010964,0.001849,0.999938,0.007392,-0.007081,-0.001000,-17.446529,-5.159193,-44.313427,0.010977,0.001770,-0.999938,0.005106,-0.000229,0.027892
762089.316167,-0.946994,0.321060,-0.011072,-0.321061,-0.947057,-0.001679,-0.011024,0.001965,0.999937,0.002165,0.002381,0.012436,-17.448542,-5.157215,-44.312862,0.011072,0.001679,-0.999937,0.003150,-0.003083,0.027830
762089.325874,-0.947004,0.321026,-0.011188,-0.321028,-0.947068,-0.001595,-0.011108,0.002081,0.999936,-0.005106,-0.000111,0.006281,-17.448542,-5.157215,-44.312862,0.011053,0.001717,-0.999937,0.003168,-0.003120,0.027831
762089.335580,-0.947004,0.321026,-0.011188,-0.321028,-0.947068,-0.001595,-0.011108,0.002081,0.999936,0.009656,0.004985,-0.000915,-17.448542,-5.157215,-44.312862,0.011188,0.001595,-0.999936,0.004940,-0.002053,0.030744
762089.345287,-0.947002,0.321029,-0.011288,-0.321032,-0.947067,-0.001595,-0.011202,0.002113,0.999935,0.002343,0.002473,-0.003413,-17.439882,-5.162518,-44.315659,0.011288,0.001595,-0.999935,0.001789,0.002906,0.027904
762089.354994,-0.946968,0.321128,-0.011333,-0.321132,-0.947033,-0.001473,-0.011206,0.002245,0.999935,0.007328,-0.002261,-0.002191,-17.439882,-5.162518,-44.315659,0.011314,0.001566,-0.999935,0.001824,0.000952,0.028835
762089.364700,-0.946968,0.321128,-0.011333,-0.321132,-0.947033,-0.001473,-0.011206,0.002245,0.999935,0.006113,0.000150,-0.007061,-17.439882,-5.162518,-44.315659,0.011333,0.001473,-0.999935,-0.000118,-0.001916,0.034572
762089.374407,-0.946955,0.321167,-0.011329,-0.321171,-0.947020,-0.001464,-0.011200,0.002252,0.999935,-0.002477,-0.003619,-0.003478,-17.432878,-5.169876,-44.317554,0.011329,0.001464,-0.999935,0.001839,0.000107,0.026897
762089.384114,-0.946967,0.321130,-0.011332,-0.321133,-0.947033,-0.001636,-0.011257,0.002089,0.999934,0.004854,-0.002308,-0.000987,-17.432878,-5.169876,-44.317554,0.011335,0.001536,-0.999935,0.001696,0.004949,0.027934
762089.393820,-0.946967,0.321130,-0.011332,-0.321133,-0.947033,-0.001636,-0.011257,0.002089,0.999934,-0.001351,-0.002437,0.003851,-17.432878,-5.169876,-44.317554,0.011332,0.001636,-0.999934,0.000753,0.004879,0.025035
762089.403527,-0.946966,0.321134,-0.011343,-0.321136,-0.947032,-0.001656,-0.011274,0.002074,0.999934,-0.005017,0.001151,-0.003465,-17.432947,-5.162673,-44.318367,0.011343,0.001656,-0.999934,0.000742,0.004859,0.025035
762089.413234,-0.946952,0.321169,-0.011491,-0.321172,-0.947020,-0.001663,-0.011416,0.002116,0.999933,-0.003920,0.008378,-0.002196,-17.429806,-5.159870,-44.319931,0.011444,0.001721,-0.999933,0.000733,0.000828,0.026895
762089.422940,-0.946952,0.321169,-0.011491,-0.321172,-0.947020,-0.001663,-0.011416,0.002116,0.999933,0.004807,0.001307,-0.002185,-17.429806,-5.159870,-44.319931,0.011491,0.001663,-0.999933,0.000747,-0.002044,0.027810
762089.432647,-0.946945,0.321190,-0.011462,-0.321193,-0.947012,-0.001637,-0.011381,0.002131,0.999933,0.001217,-0.004766,-0.002243,-17.429806,-5.159870,-44.319931,0.011462,0.001637,-0.999933,-0.000278,-0.000081,0.030725
762089.442354,-0.946942,0.321198,-0.011559,-0.321200,-0.947010,-0.001692,-0.011490,0.002111,0.999932,-0.005092,0.002326,0.001418,-17.424707,-5.162395,-44.321640,0.011522,0.001694,-0.999932,0.002577,0.000794,0.031747
762089.452060,-0.946942,0.321198,-0.011559,-0.321200,-0.947010,-0.001692,-0.011490,0.002111,0.999932,0.001271,-0.004737,-0.007119,-17.424707,-5.162395,-44.321640,0.011559,0.001692,-0.999932,0.003547,-0.000166,0.028847
762089.461766,-0.946938,0.321208,-0.011582,-0.321210,-0.947007,-0.001747,-0.011529,0.002066,0.999931,-0.001340,-0.004853,0.006276,-17.424707,-5.162395,-44.321640,0.011582,0.001747,-0.999931,0.003509,0.001762,0.025032
762089.471473,-0.946947,0.321181,-0.011579,-0.321183,-0.947016,-0.001721,-0.011518,0.002089,0.999932,0.000087,-0.008370,-0.005929,-17.421675,-5.160571,-44.323044,0.011573,0.001695,-0.999932,0.001611,-0.001130,0.028801
762089.481179,-0.946947,0.321181,-0.011579,-0.321183,-0.947016,-0.001721,-0.011518,0.002089,0.999932,-0.001518,0.003543,0.009982,-17.421675,-5.160571,-44.323044,0.011579,0.001721,-0.999932,0.001605,-0.001156,0.028801
762089.490886,-0.946947,0.321178,-0.011697,-0.321181,-0.947016,-0.001748,-0.011639,0.002101,0.999930,0.001072,0.004863,-0.003406,-17.421675,-5.160571,-44.323044,0.011697,0.001748,-0.999930,0.003348,0.002738,0.026007
762089.500593,-0.946948,0.321168,-0.011852,-0.321171,-0.947020,-0.001733,-0.011781,0.002166,0.999928,0.003590,0.001298,-0.003412,-17.412493,-5.158172,-44.326927,0.011795,0.001736,-0.999929,0.002335,0.000782,0.026922
762089.510299,-0.946948,0.321168,-0.011852,-0.321171,-0.947020,-0.001733,-0.011781,0.002166,0.999928,0.001175,-0.004782,0.001414,-17.412493,-5.158172,-44.326927,0.011852,0.001733,-0.999928,0.004200,-0.000237,0.033665
762089.520006,-0.946944,0.321184,-0.011787,-0.321186,-0.947015,-0.001723,-0.011716,0.002154,0.999929,-0.002448,-0.007234,-0.001060,-17.409645,-5.159144,-44.327934,0.011787,0.001723,-0.999929,-0.000649,-0.000228,0.038442
762089.529713,-0.946972,0.321099,-0.011783,-0.321101,-0.947043,-0.001785,-0.011733,0.002093,0.999929,-0.006324,-0.000115,0.005055,-17.409645,-5.159144,-44.327934,0.011806,0.001786,-0.999929,0.001179,-0.000412,0.051946
762089.539419,-0.946972,0.321099,-0.011783,-0.321101,-0.947043,-0.001785,-0.011733,0.002093,0.999929,-0.009997,0.002257,0.000169,-17.409645,-5.159144,-44.327934,0.011783,0.001785,-0.999929,-0.001652,-0.004333,0.053777
762089.549126,-0.946953,0.321155,-0.011853,-0.321155,-0.947025,-0.001891,-0.011832,0.002015,0.999928,-0.011106,-0.002552,-0.003524,-17.413088,-5.155500,-44.327003,0.011853,0.001891,-0.999928,0.002338,-0.001312,0.024968
762089.558833,-0.946942,0.321185,-0.011930,-0.321185,-0.947015,-0.001902,-0.011909,0.002031,0.999927,-0.003980,0.009566,0.001468,-17.413088,-5.155500,-44.327003,0.011942,0.001949,-0.999927,0.002249,-0.001370,0.024966
762089.568539,-0.946942,0.321185,-0.011930,-0.321185,-0.947015,-0.001902,-0.011909,0.002031,0.999927,0.003698,-0.003496,-0.005878,-17.413088,-5.155500,-44.327003,0.011930,0.001902,-0.999927,0.001391,-0.001169,0.009540
762089.578246,-0.946931,0.321217,-0.011880,-0.321219,-0.947003,-0.001845,-0.011842,0.002069,0.999928,0.007388,-0.003435,-0.005856,-17.406101,-5.151974,-44.330162,0.011880,0.001845,-0.999928,-0.000527,0.000887,0.004734
762089.587953,-0.946928,0.321231,-0.011747,-0.321233,-0.946998,-0.001775,-0.011695,0.002093,0.999929,0.004832,-0.003525,0.002663,-17.406101,-5.151974,-44.330162,0.011791,0.001833,-0.999929,-0.002483,0.001860,0.013387
762089.597659,-0.946928,0.321231,-0.011747,-0.321233,-0.946998,-0.001775,-0.011695,0.002093,0.999929,0.009937,-0.010623,-0.003444,-17.406101,-5.151974,-44.330162,0.011747,0.001775,-0.999929,0.001375,0.001750,0.026922
762089.607366,-0.946931,0.321224,-0.011707,-0.321226,-0.947001,-0.001732,-0.011643,0.002121,0.999930,0.008561,-0.003443,-0.000972,-17.413956,-5.158468,-44.326321,0.011707,0.001732,-0.999930,-0.000523,0.001824,0.024985
762089.617073,-0.946933,0.321212,-0.011856,-0.321217,-0.947004,-0.001500,-0.011709,0.002388,0.999929,0.009638,0.002561,0.003947,-17.416567,-5.163435,-44.324715,0.011734,0.001626,-0.999930,0.001373,-0.000115,0.035559
762089.626779,-0.946933,0.321212,-0.011856,-0.321217,-0.947004,-0.001500,-0.011709,0.002388,0.999929,0.013512,-0.006981,0.001476,-17.416567,-5.163435,-44.324715,0.011856,0.001500,-0.999929,0.006012,-0.000188,0.052968
762089.636486,-0.946949,0.321170,-0.011738,-0.321175,-0.947019,-0.001469,-0.011588,0.002379,0.999930,-0.000155,-0.001215,0.005085,-17.416567,-5.163435,-44.324715,0.011738,0.001469,-0.999930,-0.004566,-0.001011,0.049948
