Serial,Time,Imid,ax,ay,az,vx,vy,vz,dx,dy,dz,mx,my,mz,0.03875141,0.020906128,0.054910872
0,0.0,0,9.707719,0.289962,-0.13201827,0.0,0.0,0.0,0.0,0.0,0.0,false,false,false
1,0.009924999,0,9.732311,0.27960527,-0.11826732,0.0,0.0,0.0,0.0,0.0,0.0,false,false,false
2,0.030013997,0,9.730986,0.2863249,-0.11433281,0.0,0.0,0.0,0.0,0.0,0.0,false,false,false
3,0.050466996,0,9.718696,0.29190472,-0.117506824,0.0,0.0,0.0,0.0,0.0,0.0,false,false,false
4,0.060108997,0,9.717866,0.2915722,-0.1237064,0.0,0.0,0.0,0.0,0.0,0.0,false,false,false
5,0.08006,0,9.717275,0.29543102,-0.12940118,0.0,0.0,0.0,0.0,0.0,0.0,false,false,false
6,0.090051994,0,9.716866,0.29532585,-0.13086052,0.0,0.0,0.0,0.0,0.0,0.0,false,false,false
7,0.11015699,0,9.716756,0.2955194,-0.12921509,0.0,0.0,0.0,0.0,0.0,0.0,false,false,false
8,0.12999499,0,9.71912,0.29340538,-0.1253935,0.0,0.0,0.0,0.0,0.0,0.0,false,false,false
9,0.140114,0,9.721218,0.29339904,-0.12405247,0.0,0.0,0.0,0.0,0.0,0.0,false,false,false
10,0.16003999,0,9.721312,0.29377294,-0.122760214,0.0,0.0,0.0,0.0,0.0,0.0,false,false,false
11,0.170544,0,9.721321,0.29383335,-0.12342521,0.0,0.0,0.0,0.0,0.0,0.0,false,false,false
12,0.189992,0,9.723326,0.29423347,-0.124118835,0.0,0.0,0.0,0.0,0.0,0.0,false,false,false
13,0.19998999,0,9.723328,0.29434156,-0.1248517,0.0,0.0,0.0,0.0,0.0,0.0,false,false,false
14,0.22140199,0,9.721535,0.29671392,-0.12574969,0.0,0.0,0.0,0.0,0.0,0.0,false,false,false
15,0.24012199,0,9.721497,0.29724255,-0.12486748,0.0,0.0,0.0,0.0,0.0,0.0,false,false,false
16,0.252237,0,9.723205,0.29755148,-0.1240751,0.0,0.0,0.0,0.0,0.0,0.0,false,false,false
17,0.27047998,0,9.721418,0.29806888,-0.12500946,0.0,0.0,0.0,0.0,0.0,0.0,false,false,false
18,0.28061998,0,9.721372,0.2983155,-0.12603001,0.0,0.0,0.0,0.0,0.0,0.0,false,false,false
19,0.30100197,0,9.723183,0.2989,-0.12551224,0.0,0.0,0.0,0.0,0.0,0.0,false,false,false
20,0.32055998,0,9.723302,0.2994608,-0.12670769,0.0,0.0,0.0,0.0,0.0,0.0,false,false,false
21,0.33017498,0,9.721393,0.29976153,-0.12818828,0.0,0.0,0.0,0.0,0.0,0.0,false,false,false
22,0.35019398,0,9.721359,0.30036876,-0.12980454,0.0,0.0,0.0,0.0,0.0,0.0,false,false,false
23,0.36134398,0,9.723101,0.30072045,-0.12988105,0.0,0.0,0.0,0.0,0.0,0.0,false,false,false
24,0.39006498,0,9.723199,0.3015871,-0.13095798,0.0,0.0,0.0,0.0,0.0,0.0,false,false,false
25,0.40999398,0,9.72324,0.3022332,-0.13353467,0.0,0.0,0.0,0.0,0.0,0.0,false,false,false
26,0.42997497,0,9.721308,0.30279204,-0.1369691,0.0,0.0,0.0,0.0,0.0,0.0,false,false,false
27,0.44008997,0,9.721155,0.30314815,-0.1414961,0.0,0.0,0.0,0.0,0.0,0.0,false,false,false
28,0.46016198,0,9.720933,0.303717,-0.14365466,0.0,0.0,0.0,0.0,0.0,0.0,false,false,false
29,0.47205898,0,9.722623,0.3041633,-0.14495566,0.0,0.0,0.0,0.0,0.0,0.0,false,false,false
30,0.49043998,0,9.723968,0.30290222,-0.14597522,0.0,0.0,0.0,0.0,0.0,0.0,false,false,false
31,0.510045,0,9.723846,0.3034976,-0.14834858,0.0,0.0,0.0,0.0,0.0,0.0,false,false,false
32,0.520667,0,9.721727,0.30394763,-0.15191387,0.0,0.0,0.0,0.0,0.0,0.0,false,false,false
33,0.540367,0,9.721371,0.30459338,-0.1548264,0.0,0.0,0.0,0.0,0.0,0.0,false,false,false
34,0.550075,0,9.720963,0.30503675,-0.16024503,0.0,0.0,0.0,0.0,0.0,0.0,false,false,false
35,0.570747,0,9.718566,0.3057351,-0.16558465,0.0,0.0,0.0,0.0,0.0,0.0,false,false,false
36,0.580032,0,9.719894,0.30620128,-0.16581605,0.0,0.0,0.0,0.0,0.0,0.0,false,false,false
37,0.600757,0,9.721022,0.30509156,-0.16651243,0.0,0.0,0.0,0.0,0.0,0.0,false,false,false
38,0.621905,0,9.720441,0.30571488,-0.16860557,0.0,0.0,0.0,0.0,0.0,0.0,false,false,false
39,0.63093704,0,9.718194,0.30607426,-0.17071962,0.0,0.0,0.0,0.0,0.0,0.0,false,false,false
40,0.65140903,0,9.717483,0.30664322,-0.17474791,0.0,0.0,0.0,0.0,0.0,0.0,false,false,false
41,0.66016203,0,9.719026,0.30693015,-0.17386736,0.0,0.0,0.0,0.0,0.0,0.0,false,false,false
42,0.68005705,0,9.716868,0.30741835,-0.17572065,0.0,0.0,0.0,0.0,0.0,0.0,false,false,false
43,0.69996905,0,9.716291,0.3080296,-0.17766184,0.0,0.0,0.0,0.0,0.0,0.0,false,false,false
44,0.71028507,0,9.717876,0.3085593,-0.18002209,0.0,0.0,0.0,0.0,0.0,0.0,false,false,false
45,0.7300721,0,9.719311,0.30745995,-0.18392363,0.0,0.0,0.0,0.0,0.0,0.0,false,false,false
46,0.7399891,0,9.719159,0.30812463,-0.18476571,0.0,0.0,0.0,0.0,0.0,0.0,false,false,false
47,0.7600501,0,9.718854,0.3071014,-0.1859337,0.0,0.0,0.0,0.0,0.0,0.0,false,false,false
48,0.77149713,0,9.718602,0.3079313,-0.1874863,0.0,0.0,0.0,0.0,0.0,0.0,false,false,false
49,0.8115021,0,9.71822,0.3094826,-0.19148742,0.0,0.0,0.0,0.0,0.0,0.0,false,false,false
50,0.8205821,0,9.717895,0.31039396,-0.19471951,0.0,0.0,0.0,0.0,0.0,0.0,false,false,false
51,0.8401701,0,9.719454,0.3117937,-0.19729145,0.0,0.0,0.0,0.0,0.0,0.0,false,false,false
52,0.8501771,0,9.721104,0.31092373,-0.19867639,0.0,0.0,0.0,0.0,0.0,0.0,false,false,false
53,0.8706941,0,9.720845,0.312489,-0.20104147,0.0,0.0,0.0,0.0,0.0,0.0,false,false,false
54,0.8901171,0,9.718655,0.31403297,-0.20206763,0.0,0.0,0.0,0.0,0.0,0.0,false,false,false
55,0.8999991,0,9.720064,0.315194,-0.20177771,0.0,0.0,0.0,0.0,0.0,0.0,false,false,false
56,0.92075706,0,9.719873,0.3167617,-0.20116776,0.0,0.0,0.0,0.0,0.0,0.0,false,false,false
57,0.93033504,0,9.719574,0.3177576,-0.2009731,0.0,0.0,0.0,0.0,0.0,0.0,false,false,false
58,0.95007503,0,9.717482,0.31932685,-0.20662224,0.0,0.0,0.0,0.0,0.0,0.0,false,false,false
59,0.960214,0,9.713596,0.32021898,-0.2111358,0.0,0.0,0.0,0.0,0.0,0.0,false,false,false
60,0.980005,0,9.718563,0.31785625,-0.20984691,0.0,0.0,0.0,0.0,0.0,0.0,false,false,false
61,1.0001221,0,9.720096,0.31703869,-0.20833954,0.0,0.0,0.0,0.0,0.0,0.0,false,false,false
62,1.010364,0,9.718145,0.3179302,-0.20838763,0.0,0.0,0.0,0.0,0.0,0.0,false,false,false
63,1.0302941,0,9.716108,0.31896475,-0.20711437,0.0,0.0,0.0,0.0,0.0,0.0,false,false,false
64,1.0399821,0,9.7175,0.3181184,-0.20368265,0.0,0.0,0.0,0.0,0.0,0.0,false,false,false
65,1.0601771,1,9.720641,0.31752682,-0.20040622,0.0,0.0,0.0,0.0,0.0,0.0,false,false,false
66,1.0705001,1,9.718683,0.31845906,-0.20144963,0.10032597,0.003287453,0.0,0.0010356649,3.393638E-5,0.0,true,true,false
67,1.0900521,1,9.718416,0.31783488,-0.20784165,0.28956425,0.009479569,0.0,0.0066972254,2.192809E-4,0.0,true,true,false
68,1.1101891,1,9.718182,0.3171502,-0.21271612,0.4828372,0.015796773,0.0,0.016420119,5.373805E-4,0.0,true,true,false
69,1.1221141,1,9.719699,0.3162729,-0.21402106,0.59653395,0.019505123,0.0,0.023533786,7.699791E-4,0.0,true,true,false
70,1.1402041,1,9.719416,0.31729627,-0.21223193,0.7679023,0.025117613,0.0,0.037425138,0.0012243567,0.0,true,true,false
71,1.150392,1,9.71723,0.31836006,-0.20824316,0.863807,0.028272592,0.0,0.046225604,0.0015123978,0.0,true,true,false
72,1.171844,1,9.7184,0.31778702,-0.20625229,1.0643924,0.034864068,0.0,0.06905895,0.0022603017,0.0,true,true,false
73,1.190089,1,9.719758,0.31878698,-0.20580825,1.2335452,0.04044634,0.0,0.09156498,0.0029982452,0.0,true,true,false
74,1.221809,1,9.717489,0.32002267,-0.2100876,1.5243373,0.050098643,0.0,0.13991696,0.004587374,0.0,true,true,false
75,1.23006,1,9.717098,0.32095516,-0.21255702,1.5993053,0.052597947,0.0,0.15311283,0.00502136,0.0,true,true,false
76,1.250187,1,9.7166195,0.32213315,-0.21372342,1.7810084,0.058685154,0.0,0.18895918,0.006202516,0.0,true,true,false
77,1.26029,1,9.716257,0.3212125,-0.21156701,1.8715929,0.06171367,0.0,0.20786789,0.006826009,0.0,true,true,false
78,1.280372,1,9.717594,0.3204569,-0.20955855,2.050446,0.067683175,0.0,0.24904494,0.008185223,0.0,true,true,false
79,1.301952,1,9.717151,0.3214475,-0.20735961,2.2408054,0.07406715,0.0,0.29740152,0.009783592,0.0,true,true,false
80,1.33033,1,9.716584,0.3207436,-0.20680961,2.4882364,0.0823599,0.0,0.3680127,0.012120801,0.0,true,true,false
81,1.33998,1,9.71813,0.31973216,-0.20629352,2.5716457,0.085148804,0.0,0.3928291,0.012942487,0.0,true,true,false
82,1.360654,1,9.717734,0.31882012,-0.20551424,2.7490592,0.09106846,0.0,0.44966313,0.014825237,0.0,true,true,false
83,1.380372,1,9.715324,0.3198234,-0.20789403,2.9166043,0.09668793,0.0,0.5071727,0.01673173,0.0,true,true,false
84,1.390202,1,9.7149725,0.32086354,-0.20818189,2.999537,0.09948277,0.0,0.53665817,0.017709645,0.0,true,true,false
85,1.4101571,1,9.714367,0.32203582,-0.20721225,3.166673,0.10514519,0.0,0.5998491,0.019807817,0.0,true,true,false
86,1.420719,1,9.715944,0.32128903,-0.20536844,3.2544987,0.108115666,0.0,0.6342231,0.020949734,0.0,true,true,false
87,1.441955,1,9.717207,0.32069552,-0.20464016,3.4297373,0.114036314,0.0,0.707057,0.02337141,0.0,true,true,false
88,1.4503239,1,9.71856,0.31993577,-0.20356084,3.498306,0.11634887,0.0,0.7363343,0.024345133,0.0,true,true,false
89,1.4714149,1,9.718102,0.3192636,-0.20285012,3.6698377,0.12212657,0.0,0.8137349,0.026920905,0.0,true,true,false
90,1.5012919,1,9.717655,0.32024807,-0.20058681,3.90972,0.13025214,0.0,0.93054557,0.030812448,0.0,true,true,false
91,1.5212219,1,9.7155485,0.32115296,-0.19984788,4.0676804,0.13563287,0.0,1.0116144,0.03351561,0.0,true,true,false
92,1.5302949,1,9.715198,0.32200935,-0.1985921,4.139054,0.1380749,0.0,1.0491681,0.03476836,0.0,true,true,false
93,1.5502149,1,9.714732,0.3229984,-0.19503644,4.2945733,0.14342262,0.0,1.134716,0.03762534,0.0,true,true,false
94,1.5716889,1,9.716047,0.32228,-0.19306195,4.4604483,0.1491205,0.0,1.2304997,0.040827554,0.0,true,true,false
95,1.5800049,1,9.71569,0.32326534,-0.19462566,4.5241795,0.15132086,0.0,1.2681228,0.04208594,0.0,true,true,false
96,1.600634,1,9.717105,0.3226277,-0.19313015,4.681089,0.15673137,0.0,1.364689,0.045319147,0.0,true,true,false
97,1.611784,1,9.716876,0.3219801,-0.19326955,4.7651772,0.15962796,0.0,1.4178207,0.047098998,0.0,true,true,false
98,1.63055,1,9.716615,0.321346,-0.19155084,4.9055567,0.16445857,0.0,1.5098784,0.050185226,0.0,true,true,false
99,1.640082,1,9.716361,0.3223193,-0.19147749,4.976311,0.16690587,0.0,1.5573126,0.05177617,0.0,true,true,false
100,1.661324,1,9.716119,0.32178435,-0.19264182,5.132654,0.17231031,0.0,1.6663405,0.055436388,0.0,true,true,false
101,1.680329,1,9.715823,0.3228879,-0.19394715,5.2709737,0.17712218,0.0,1.7665154,0.058802593,0.0,true,true,false
102,1.691087,1,9.715533,0.32235172,-0.1958395,5.348618,0.17982164,0.0,1.8240558,0.060737114,0.0,true,true,false
103,1.712315,1,9.716958,0.32184353,-0.19578874,5.5004797,0.18509808,0.0,1.94082,0.064666376,0.0,true,true,false
104,1.720627,1,9.718426,0.32301414,-0.19507444,5.5594563,0.1871596,0.0,1.9870301,0.06622205,0.0,true,true,false
105,1.760157,1,9.718464,0.32284373,-0.19521533,5.8360963,0.19684717,0.0,2.217731,0.07400342,0.0,true,true,false
106,1.790102,1,9.718444,0.3243421,-0.19431765,6.0414343,0.20410988,0.0,2.3986418,0.08011549,0.0,true,true,false
107,1.800454,1,9.718225,0.32566145,-0.19471844,6.1115704,0.20661004,0.0,2.4619088,0.08225432,0.0,true,true,false
108,1.82639,1,9.718126,0.325356,-0.19512415,6.285376,0.21281141,0.0,2.6249263,0.0877738,0.0,true,true,false
109,1.850195,1,9.717865,0.32693687,-0.19766934,6.4424915,0.21847214,0.0,2.7782898,0.09297453,0.0,true,true,false
110,1.881412,1,9.717576,0.32677573,-0.19858123,6.64503,0.22579066,0.0,2.9857278,0.10002304,0.0,true,true,false
111,1.900429,1,9.7189245,0.3261737,-0.19537835,6.7664995,0.23018213,0.0,3.1144063,0.10440041,0.0,true,true,false
112,1.9102321,1,9.718559,0.32556862,-0.19422144,6.828539,0.23242354,0.0,3.1813464,0.10667886,0.0,true,true,false
113,1.930117,1,9.718035,0.3250559,-0.19614671,6.953173,0.23692568,0.0,3.3196104,0.11139013,0.0,true,true,false
114,1.941104,1,9.717582,0.32639286,-0.19808432,7.0213428,0.23940822,0.0,3.3967538,0.114020504,0.0,true,true,false
115,1.9742241,1,9.717081,0.32810754,-0.19827572,7.2238574,0.24686378,0.0,3.636008,0.12219663,0.0,true,true,false
116,2.011312,1,9.716862,0.32839543,-0.20038566,7.44534,0.2550721,0.0,3.9121408,0.13165674,0.0,true,true,false
117,2.020327,1,9.718061,0.32750693,-0.19549888,7.498343,0.25703517,0.0,3.9797385,0.13397391,0.0,true,true,false
118,2.040007,1,9.717872,0.3271092,-0.19239059,7.6128993,0.26127997,0.0,4.1295605,0.1391159,0.0,true,true,false
119,2.060022,1,9.717423,0.32654494,-0.19033778,7.7277837,0.26553962,0.0,4.284232,0.14443068,0.0,true,true,false
120,2.0706892,1,9.714728,0.32581457,-0.19172038,7.788318,0.26778302,0.0,4.36731,0.14728713,0.0,true,true,false
121,2.0900023,1,9.714108,0.3273271,-0.19113831,7.8967304,0.27184036,0.0,4.5198197,0.15253718,0.0,true,true,false
122,2.1003473,1,9.715619,0.32671002,-0.19022441,7.9541936,0.2739895,0.0,4.602106,0.1553716,0.0,true,true,false
123,2.1206422,1,9.7149315,0.32823408,-0.19190685,8.06565,0.2782005,0.0,4.7657986,0.16101769,0.0,true,true,false
124,2.1399653,1,9.71442,0.32787243,-0.19081998,8.170204,0.2821584,0.0,4.9236712,0.16646983,0.0,true,true,false
125,2.1506073,1,9.715691,0.32932758,-0.18941419,8.227153,0.28433517,0.0,5.0112247,0.16949572,0.0,true,true,false
126,2.1720173,1,9.7168865,0.32906538,-0.1859934,8.340357,0.28866902,0.0,5.1897917,0.17567612,0.0,true,true,false
127,2.1799953,1,9.718272,0.3286214,-0.18577577,8.382075,0.29026678,0.0,5.256664,0.17799187,0.0,true,true,false
128,2.2002902,1,9.717842,0.32819828,-0.18735126,8.487027,0.2942894,0.0,5.428908,0.18396448,0.0,true,true,false
129,2.2103872,1,9.715691,0.3294716,-0.18905552,8.538597,0.29628578,0.0,5.515122,0.18695608,0.0,true,true,false
130,2.2500522,1,9.715611,0.32866085,-0.19148237,8.737173,0.30398145,0.0,5.861682,0.1990135,0.0,true,true,false
131,2.2600172,1,9.715595,0.32791248,-0.19091523,8.786057,0.30587867,0.0,5.949235,0.20206158,0.0,true,true,false
132,2.2899241,1,9.717244,0.3271655,-0.19028178,8.930395,0.31148106,0.0,6.216316,0.21137704,0.0,true,true,false
133,2.3100722,1,9.717335,0.32801372,-0.19099975,9.025588,0.31521383,0.0,6.398164,0.21772797,0.0,true,true,false
134,2.332704,1,9.717316,0.32731536,-0.19321384,9.130551,0.31933483,0.0,6.6048064,0.22495516,0.0,true,true,false
135,2.340295,1,9.717164,0.3283388,-0.19543333,9.16529,0.32071152,0.0,6.6743803,0.22738968,0.0,true,true,false
136,2.360022,1,9.717101,0.32764336,-0.19802459,9.254472,0.3242441,0.0,6.856943,0.23378605,0.0,true,true,false
137,2.371192,1,9.716905,0.32699186,-0.19874799,9.304266,0.3262171,0.0,6.9608717,0.23742989,0.0,true,true,false
138,2.390124,1,9.718558,0.3262218,-0.19864658,9.387536,0.32951337,0.0,7.1385965,0.24366823,0.0,true,true,false
139,2.400027,1,9.718411,0.32550108,-0.19937658,9.430512,0.3312139,0.0,7.231987,0.24694824,0.0,true,true,false
140,2.420629,1,9.720197,0.32459974,-0.19939439,9.51868,0.33469656,0.0,7.428091,0.25384367,0.0,true,true,false
141,2.4399521,1,9.722037,0.32360628,-0.20056057,9.599842,0.33789906,0.0,7.613589,0.26037288,0.0,true,true,false
142,2.449984,1,9.722036,0.32267395,-0.20020059,9.641381,0.33953524,0.0,7.710311,0.2637791,0.0,true,true,false
143,2.480269,1,9.722321,0.32306772,-0.2006758,9.764313,0.34441572,0.0,8.006023,0.27420974,0.0,true,true,false
144,2.499915,1,9.720561,0.32370797,-0.20197372,9.842033,0.34753734,0.0,8.19938,0.28103745,0.0,true,true,false
145,2.5204768,1,9.720562,0.32430646,-0.20208806,9.921699,0.3507688,0.0,8.40339,0.28824997,0.0,true,true,false
146,2.529935,1,9.720449,0.32523084,-0.2030364,9.957765,0.35224748,0.0,8.49757,0.2915815,0.0,true,true,false
147,2.5499318,1,9.720443,0.32410032,-0.20450155,10.032824,0.35531697,0.0,8.698196,0.29868677,0.0,true,true,false
148,2.5598967,1,9.720261,0.3233417,-0.20438126,10.06962,0.35682172,0.0,8.79854,0.3022425,0.0,true,true,false
149,2.6101718,1,9.720419,0.3219758,-0.20719168,10.249119,0.3641688,0.0,9.313814,0.32055107,0.0,true,true,false
150,2.6401117,1,9.720153,0.3232717,-0.20784804,10.3511305,0.36844358,0.0,9.623727,0.33158228,0.0,true,true,false
151,2.6600218,1,9.721857,0.32260326,-0.20804824,10.416987,0.37121537,0.0,9.831129,0.33897316,0.0,true,true,false
152,2.6902187,1,9.721832,0.32157534,-0.21006048,10.513798,0.37530038,0.0,10.148614,0.35030612,0.0,true,true,false
153,2.7001266,1,9.721443,0.32313356,-0.20979334,10.544752,0.37663308,0.0,10.253092,0.3540378,0.0,true,true,false
154,2.7207336,1,9.7212715,0.32221037,-0.21003625,10.607851,0.37934938,0.0,10.471687,0.36185503,0.0,true,true,false
155,2.7401297,1,9.720818,0.32370946,-0.2113729,10.665658,0.3818901,0.0,10.678558,0.36926216,0.0,true,true,false
156,2.7499948,1,9.718292,0.32304153,-0.21111044,10.6944475,0.38315898,0.0,10.78406,0.37304202,0.0,true,true,false
157,2.7701888,1,9.717524,0.32448074,-0.21070024,10.752134,0.38575026,0.0,11.001188,0.38083187,0.0,true,true,false
158,2.7800198,1,9.718766,0.3259453,-0.20955715,10.77963,0.38700902,0.0,11.107162,0.38463655,0.0,true,true,false
159,2.8002548,1,9.718102,0.3274024,-0.21044552,10.834975,0.38959408,0.0,11.326408,0.39251998,0.0,true,true,false
160,2.8205,1,9.717249,0.3287657,-0.20969574,10.888668,0.39216048,0.0,11.546849,0.40045926,0.0,true,true,false
161,2.8300118,1,9.718593,0.32807887,-0.21038859,10.913333,0.39334327,0.0,11.650657,0.40420073,0.0,true,true,false
162,2.850015,1,9.717733,0.3270426,-0.20800513,10.963986,0.39577568,0.0,11.869969,0.41211742,0.0,true,true,false
163,2.860199,1,9.715235,0.32582942,-0.20618431,10.989125,0.3969839,0.0,11.981883,0.41616032,0.0,true,true,false
164,2.880017,1,9.714283,0.324739,-0.20728211,11.036819,0.3992789,0.0,12.200611,0.42407322,0.0,true,true,false
165,2.8899891,1,9.713662,0.32341677,-0.20773755,11.060209,0.40040323,0.0,12.310904,0.42806605,0.0,true,true,false
166,2.9102402,1,9.714515,0.3220765,-0.20800373,11.106482,0.40262392,0.0,12.535821,0.43621957,0.0,true,true,false
167,2.9400952,1,9.715358,0.3203889,-0.21024229,11.171689,0.40576056,0.0,12.869351,0.44833356,0.0,true,true,false
168,2.9600742,1,9.714473,0.31843504,-0.21261318,11.213286,0.40776274,0.0,13.093382,0.45648026,0.0,true,true,false
169,2.9927323,1,9.71118,0.31821382,-0.21560079,11.277684,0.41092858,0.0,13.461688,0.46990037,0.0,true,true,false
170,3.0099993,1,9.71248,0.31789443,-0.2166583,11.310005,0.41254687,0.0,13.656978,0.4770238,0.0,true,true,false
171,3.0203242,1,9.71369,0.31619784,-0.2214729,11.328766,0.41348046,0.0,13.773947,0.481293,0.0,true,true,false
172,3.03994,1,9.714785,0.31401545,-0.22347301,11.363236,0.4151773,0.0,13.996848,0.4894371,0.0,true,true,false
173,3.0500422,1,9.714108,0.31218144,-0.2286083,11.380372,0.41601518,0.0,14.111813,0.49363968,0.0,true,true,false
174,3.0706642,1,9.713326,0.31151104,-0.23705168,11.41405,0.41767505,0.0,14.347193,0.502253,0.0,true,true,false
175,3.0799623,1,9.716424,0.30965352,-0.24800657,11.428699,0.41839,0.0,14.453457,0.5061432,0.0,true,true,false
176,3.0999503,1,9.712283,0.31062734,-0.24532229,11.458919,0.41991246,0.0,14.682498,0.51453644,0.0,true,true,false
177,3.1204643,1,9.711716,0.30978784,-0.2376198,11.488235,0.42140952,0.0,14.918168,0.52318126,0.0,true,true,false
178,3.1306803,1,9.713017,0.30957243,-0.23832127,11.502211,0.4221346,0.0,15.035675,0.5274938,0.0,true,true,false
179,3.1504924,1,9.712671,0.3086958,-0.2422883,11.528097,0.4234889,0.0,15.26407,0.53588396,0.0,true,true,false
180,3.1599894,1,9.712336,0.30840847,-0.24550235,11.539938,0.42411923,0.0,15.373664,0.5399118,0.0,true,true,false
181,3.1800444,1,9.715544,0.30570424,-0.24912289,11.563804,0.4253616,0.0,15.605576,0.5484424,0.0,true,true,false
182,3.2000654,1,9.713501,0.30471116,-0.25144157,11.5859585,0.4265354,0.0,15.837538,0.5569821,0.0,true,true,false
183,3.2103353,1,9.713087,0.30432463,-0.25275356,11.596688,0.42711553,0.0,15.956635,0.5613686,0.0,true,true,false
184,3.2300642,1,9.714562,0.30162877,-0.24924424,11.616127,0.42814237,0.0,16.18581,0.5698154,0.0,true,true,false
185,3.2400272,1,9.714209,0.30121356,-0.24757788,11.625339,0.4286396,0.0,16.301634,0.57408595,0.0,true,true,false
186,3.2600002,1,9.714009,0.30033752,-0.24190997,11.642588,0.4295842,0.0,16.534172,0.58266604,0.0,true,true,false
187,3.2705421,1,9.715623,0.30002406,-0.23754191,11.651057,0.4300608,0.0,16.656998,0.58719975,0.0,true,true,false
188,3.289997,1,9.717383,0.29909697,-0.2357218,11.665536,0.43088844,0.0,16.883951,0.59558266,0.0,true,true,false
189,3.3213122,1,9.717757,0.29771686,-0.22929035,11.685623,0.43208516,0.0,17.249886,0.6091134,0.0,true,true,false
190,3.3399801,1,9.717883,0.29883227,-0.22268665,11.695706,0.4327652,0.0,17.468222,0.61719227,0.0,true,true,false
191,3.3500872,1,9.717819,0.2986968,-0.2136531,11.700575,0.4331151,0.0,17.58648,0.62156975,0.0,true,true,false
192,3.3705041,1,9.717914,0.29815954,-0.20687126,11.709144,0.43377486,0.0,17.825544,0.6304261,0.0,true,true,false
193,3.390012,1,9.717984,0.29756376,-0.20123531,11.715753,0.43434843,0.0,18.054094,0.6388994,0.0,true,true,false
194,3.420389,1,9.718092,0.2968969,-0.19609663,11.722969,0.4351333,0.0,18.410202,0.65211743,0.0,true,true,false
195,3.429982,1,9.719917,0.296747,-0.1938827,11.724486,0.43535748,0.0,18.522675,0.6562938,0.0,true,true,false
196,3.4501688,1,9.7156925,0.29861557,-0.19149907,11.726375,0.43583205,0.0,18.759396,0.66509193,0.0,true,true,false
197,3.459982,1,9.721142,0.29869434,-0.18530676,11.726749,0.4360464,0.0,18.87447,0.66937083,0.0,true,true,false
198,3.48018,1,9.721195,0.29858917,-0.18693824,11.726289,0.4364503,0.0,19.111317,0.67818624,0.0,true,true,false
199,3.5001001,1,9.718983,0.29858953,-0.19075061,11.724167,0.43680224,0.0,19.344862,0.6868873,0.0,true,true,false
200,3.510879,1,9.722671,0.29864433,-0.19042526,11.722388,0.43697405,0.0,19.471218,0.69159746,0.0,true,true,false
201,3.5301101,1,9.720634,0.2986501,-0.19139168,11.718002,0.43724722,0.0,19.696568,0.7000062,0.0,true,true,false
202,3.5409052,1,9.718533,0.2986096,-0.19237688,11.71486,0.4373813,0.0,19.823029,0.7047277,0.0,true,true,false
203,3.5609052,1,9.718443,0.29851517,-0.1952357,11.707785,0.4375921,0.0,20.057184,0.7134796,0.0,true,true,false
204,3.5706842,1,9.718378,0.30023628,-0.18531233,11.7037325,0.4376951,-0.0018121692,20.171635,0.7177598,-1.7721202E-5,true,true,true
205,3.5900042,1,9.716355,0.30024213,-0.17240936,11.694548,0.43786603,-0.005240972,20.397573,0.72621936,-1.1897678E-4,true,true,true
206,3.6100802,1,9.718102,0.30012816,-0.15731098,11.683434,0.43799546,-0.008708175,20.63213,0.73501253,-2.9380212E-4,true,true,true
207,3.6202202,1,9.719692,0.29810646,-0.14779532,11.677215,0.43802255,-0.010443226,20.750536,0.7394541,-3.9969644E-4,true,true,true
208,3.640144,1,9.719293,0.29792285,-0.13514087,11.66377,0.43803734,-0.013757318,20.982925,0.7481815,-6.737972E-4,true,true,true
209,3.650284,1,9.718931,0.29783335,-0.13071038,11.656305,0.43802628,-0.015478966,21.10112,0.7526231,-8.3075394E-4,true,true,true
210,3.6734521,1,9.720209,0.29770052,-0.12477882,11.6377125,0.43795314,-0.019477487,21.370743,0.7627696,-0.0012820084,true,true,true
211,3.691482,1,9.719828,0.29758888,-0.11933548,11.621728,0.4378511,-0.022685839,21.580282,0.77066404,-0.0016910341,true,true,true
212,3.700165,1,9.71947,0.29748818,-0.118216835,11.613556,0.4377876,-0.02428203,21.681122,0.7744653,-0.0019018749,true,true,true
213,3.720649,1,9.71902,0.29731682,-0.117137484,11.593055,0.4375996,-0.028182115,21.918594,0.7834291,-0.0024791574,true,true,true
214,3.730042,1,9.7186165,0.2971612,-0.11831112,11.583081,0.43749565,-0.030055106,22.027393,0.78753847,-0.002761465,true,true,true
215,3.750639,1,9.719809,0.2969188,-0.11609472,11.559979,0.43722683,-0.03427849,22.265493,0.796544,-0.003467499,true,true,true
216,3.770422,1,9.719406,0.29661825,-0.111859486,11.536161,0.43691635,-0.0384606,22.493713,0.8051875,-0.004228365,true,true,true
217,3.78007,1,9.717371,0.29637828,-0.112457186,11.52395,0.43674615,-0.040580384,22.604897,0.8094013,-0.004619885,true,true,true
218,3.8000622,1,9.715263,0.2977209,-0.11170709,11.497398,0.43638587,-0.04511323,22.834753,0.8181255,-0.0055217883,true,true,true
219,3.8102322,1,9.716675,0.2974693,-0.11409436,11.483282,0.4361822,-0.047523793,22.951538,0.82256144,-0.006005105,true,true,true
220,3.8304071,1,9.716839,0.29680634,-0.11698927,11.4540415,0.4357293,-0.05252472,23.182623,0.8313523,-0.0070647914,true,true,true
221,3.840084,1,9.716709,0.2964534,-0.11917075,11.439428,0.4354919,-0.055020273,23.293322,0.8355665,-0.0075972225,true,true,true
222,3.859942,1,9.7165985,0.29593578,-0.11513179,11.408248,0.4349604,-0.060214903,23.519867,0.84420395,-0.00879297,true,true,true
223,3.879977,1,9.718298,0.2952714,-0.11556778,11.375201,0.4343644,-0.0656741,23.747768,0.85290647,-0.01010875,true,true,true
224,3.890124,1,9.719738,0.2948608,-0.11421429,11.357858,0.43404064,-0.06850554,23.863016,0.85731065,-0.010803876,true,true,true
225,3.909975,1,9.719818,0.2941982,-0.10870601,11.322718,0.4333595,-0.07409157,24.087784,0.8659133,-0.012274669,true,true,true
226,3.940157,1,9.719952,0.29331005,-0.1053741,11.266229,0.43220937,-0.08288004,24.42782,0.8789582,-0.0147761535,true,true,true
227,3.990057,1,9.720284,0.29188967,-0.09846618,11.164741,0.430005,-0.098112956,24.984941,0.9004155,-0.01967199,true,true,true
228,4.0208898,1,9.722082,0.2908559,-0.09325186,11.097032,0.4284666,-0.10801711,25.327097,0.9136264,-0.023002481,true,true,true
229,4.030912,1,9.721961,0.29031375,-0.089800246,11.074191,0.42793736,-0.11130912,25.438082,0.91791517,-0.024118021,true,true,true
230,4.050215,1,9.721858,0.2913684,-0.08698956,11.029046,0.42690548,-0.11774388,25.650976,0.92615575,-0.026390832,true,true,true
231,4.0653186,1,9.72169,0.29094446,-0.08445226,10.992666,0.42606148,-0.12287679,25.817009,0.93259096,-0.028246762,true,true,true
232,4.0802536,1,9.7216425,0.2903956,-0.08346839,10.95578,0.4251927,-0.1280552,25.980633,0.93894124,-0.030159267,true,true,true
233,4.100167,1,9.721486,0.29013297,-0.08359045,10.905189,0.42398888,-0.13514397,26.197788,0.9473841,-0.03285039,true,true,true
234,4.110357,1,9.721337,0.28997356,-0.08590401,10.8786745,0.4233534,-0.13887547,26.308641,0.95169806,-0.03426553,true,true,true
235,4.130345,1,9.721343,0.29109967,-0.082913175,10.825444,0.42209437,-0.14629327,26.52502,0.96013486,-0.03718964,true,true,true
236,4.1405487,1,9.721288,0.29074886,-0.07921948,10.797642,0.42143017,-0.15012318,26.6352,0.96443516,-0.038721498,true,true,true
237,4.1601186,1,9.72137,0.2902977,-0.076095074,10.74314,0.42011365,-0.15756008,26.845444,0.9726568,-0.041804947,true,true,true
238,4.1715765,1,9.721471,0.291248,-0.07575752,10.71051,0.41933313,-0.16200364,26.968164,0.9774615,-0.043661185,true,true,true
239,4.2205844,1,9.721846,0.28774327,-0.07366235,10.564946,0.4156508,-0.1816837,27.485931,0.9978317,-0.05256514,true,true,true
240,4.2399664,1,9.721848,0.28378898,-0.072729066,10.504686,0.4140409,-0.18979631,27.689533,1.0058566,-0.05624377,true,true,true
241,4.2602615,1,9.721663,0.273395,-0.072328925,10.43995,0.41209745,-0.19849406,27.901413,1.0142201,-0.060272206,true,true,true
242,4.3037786,1,9.721471,0.2535052,-0.06983441,10.295494,0.4069035,-0.2177634,28.349442,1.0319273,-0.06974862,true,true,true
243,4.321439,1,9.720734,0.22126468,-0.06647186,10.234665,0.4041637,-0.22580709,28.530186,1.0390649,-0.07373637,true,true,true
244,4.35074,1,9.719629,0.16417997,-0.059699435,10.130912,0.39786533,-0.23931527,28.827032,1.0507227,-0.08074854,true,true,true
245,4.371205,1,9.72098,0.121951215,-0.05056951,10.056406,0.39254296,-0.2488301,29.032837,1.0587561,-0.08584085,true,true,true
246,4.4100947,1,9.719805,0.03013418,-0.032755964,9.910089,0.37872395,-0.26682365,29.41824,1.0734847,-0.096217625,true,true,true
247,4.4302115,1,9.71914,-0.025622241,-0.024709728,9.831976,0.37038508,-0.27628067,29.61603,1.0809357,-0.101775564,true,true,true
248,4.4503484,1,9.718318,-0.11057258,-0.011441557,9.752126,0.36028025,-0.28569242,29.812408,1.0881907,-0.10752855,true,true,true
249,4.4801846,1,9.719248,-0.017559484,-0.03910946,9.630815,0.34799695,-0.3008537,30.099754,1.0985736,-0.116504826,true,true,true
250,4.5101237,1,9.71298,-0.78281724,0.13867792,9.505265,0.31265634,-0.31121373,30.384333,1.1079342,-0.12582225,true,true,true
251,4.5206437,1,9.712709,-1.1036814,0.22601025,9.460281,0.2968381,-0.3140469,30.483854,1.1110569,-0.12912601,true,true,true
252,4.5601916,1,9.713451,-1.1694219,0.24059385,9.287186,0.23465754,-0.32463998,30.851145,1.1203371,-0.14196487,true,true,true
253,4.5901937,1,9.712634,-1.4253528,0.30825353,9.151609,0.17968644,-0.33119324,31.125711,1.1257281,-0.15190133,true,true,true
254,4.602255,1,9.711427,-1.5686585,0.34862548,9.096063,0.15582983,-0.33347377,31.235418,1.1276076,-0.15592337,true,true,true
255,4.615195,1,9.71136,-1.6989615,0.39079472,9.0358095,0.12852965,-0.33545965,31.352343,1.1292708,-0.16026421,true,true,true
256,4.631292,1,9.708836,-1.8268286,0.43135747,8.9598675,0.092483565,-0.3373996,31.496569,1.1307595,-0.16569532,true,true,true
257,4.650682,1,9.73399,-1.8435227,0.47474495,8.867482,0.048699822,-0.33907554,31.668509,1.1317037,-0.17227,true,true,true
258,4.67121,1,9.732403,-1.825141,0.49209055,8.767977,0.002676227,-0.34070858,31.848497,1.1317587,-0.17926407,true,true,true
259,4.6805997,1,9.732554,-1.796576,0.48902416,8.72189,-0.018124161,-0.34155804,31.930395,1.1315885,-0.1824713,true,true,true
260,4.7002387,1,9.7374325,-1.7333674,0.4312282,8.624444,-0.060419496,-0.34461913,32.09977,1.1304018,-0.18923928,true,true,true
261,4.7104597,1,9.745032,-1.597598,0.38675806,8.573187,-0.08106188,-0.34674677,32.187397,1.1295733,-0.19278337,true,true,true
262,4.7301745,1,9.745045,-1.4831105,0.38483572,8.473118,-0.11865554,-0.3510434,32.354446,1.1272341,-0.19970419,true,true,true
263,4.7507744,1,9.741882,-1.3067641,0.4081204,8.366806,-0.15435226,-0.35527095,32.526802,1.1240544,-0.20702277,true,true,true
264,4.7602544,1,9.748253,-0.044203937,0.27805385,8.317365,-0.15882717,-0.35852423,32.60565,1.1225487,-0.21042158,true,true,true
265,4.781163,1,9.739472,-1.80942,0.5166813,8.206841,-0.20564273,-0.36087677,32.77725,1.1182489,-0.21796715,true,true,true
266,4.790081,1,9.74015,-1.389583,0.48374945,8.159169,-0.22188158,-0.36224356,32.850014,1.1162702,-0.22119763,true,true,true
267,4.810373,1,9.742014,-1.1922865,0.48621967,8.049525,-0.25486237,-0.36545885,33.013355,1.1110985,-0.22861353,true,true,true
268,4.833881,1,9.742402,-1.1189514,0.49570462,7.9204216,-0.29140592,-0.36923066,33.199547,1.1042482,-0.23729339,true,true,true
269,4.840138,1,9.733066,-0.84952885,0.5267724,7.8856244,-0.29945755,-0.37008902,33.248886,1.1023744,-0.23960903,true,true,true
270,4.860424,1,9.7271,-0.67855495,0.6015175,7.771586,-0.32212487,-0.37149683,33.40654,1.0958399,-0.24714522,true,true,true
271,4.872001,1,9.727273,-0.5498899,0.650673,7.7057605,-0.33359274,-0.37182787,33.49575,1.0919778,-0.25144988,true,true,true
272,4.890188,1,9.716762,-0.36526358,0.7308442,7.60106,-0.34828192,-0.37103176,33.63399,1.0856436,-0.25819784,true,true,true
273,4.9014664,1,9.708812,-0.22494416,0.8001988,7.5353703,-0.35582766,-0.369843,33.718975,1.0816306,-0.26236895,true,true,true
274,4.9212484,1,9.696266,-0.03967325,0.9204116,7.418649,-0.36543375,-0.36554095,33.86573,1.0744016,-0.26960006,true,true,true
275,4.9400735,1,9.683694,0.13932754,1.0470166,7.305865,-0.37124762,-0.3592542,34.00326,1.0674129,-0.27636302,true,true,true
276,4.9500384,1,9.674303,0.24186437,1.1025984,7.2454863,-0.37332004,-0.35544768,34.075462,1.0636927,-0.27990505,true,true,true
277,4.9701343,1,9.668408,0.4385958,1.1575246,7.1223783,-0.373581,-0.34682572,34.218594,1.0561852,-0.28687486,true,true,true
278,4.980109,1,9.669173,0.5380723,1.1678896,7.0606704,-0.37273568,-0.34252134,34.289024,1.0524672,-0.29029152,true,true,true
279,5.000021,1,9.659874,0.7051354,1.2246137,6.9360957,-0.36775622,-0.33295545,34.427135,1.0451444,-0.2969213,true,true,true
280,5.009956,1,9.66087,0.778555,1.2508196,6.873348,-0.36455953,-0.32799998,34.495422,1.0415225,-0.30018,true,true,true
281,5.030326,1,9.6458,0.976537,1.3546242,6.743131,-0.35400826,-0.315887,34.63278,1.0343114,-0.3066146,true,true,true
282,5.050634,1,9.635381,1.1814979,1.4398496,6.6114225,-0.33937466,-0.3022967,34.767044,1.0274194,-0.31275365,true,true,true
283,5.060308,1,9.634929,1.2838961,1.4697524,6.548088,-0.33143,-0.2956095,34.83039,1.0242132,-0.31561336,true,true,true
284,5.080081,1,9.631744,1.4197332,1.5021073,6.4173923,-0.31253955,-0.28145424,34.957283,1.0180334,-0.32117856,true,true,true
285,5.090436,1,9.626164,1.4655751,1.5059037,6.3482556,-0.3021901,-0.2740837,35.023018,1.0149043,-0.3240167,true,true,true
286,5.111204,1,9.627058,1.6025144,1.5215014,6.2083035,-0.27862686,-0.25914684,35.15195,1.0091177,-0.32939866,true,true,true
287,5.121714,1,9.632395,1.6275685,1.4869618,6.1368685,-0.26645803,-0.252037,35.21645,1.0063173,-0.33204758,true,true,true
288,5.140613,1,9.629884,1.7236392,1.5173297,6.0072355,-0.24279279,-0.23882388,35.32998,1.0017288,-0.3365611,true,true,true
289,5.160208,1,9.626891,1.8046412,1.5436627,5.8712397,-0.21671256,-0.2248059,35.445026,0.9974823,-0.3409662,true,true,true
290,5.1707063,1,9.627358,1.8363947,1.5607294,5.797741,-0.20242512,-0.21719944,35.50589,0.9953572,-0.34324634,true,true,true
291,5.1917863,1,9.619546,1.8856676,1.6072356,5.6486444,-0.17273587,-0.20111981,35.62496,0.99171597,-0.34748596,true,true,true
292,5.2001333,1,9.61397,1.8703079,1.6200807,5.5890594,-0.16112234,-0.19470999,35.671616,0.9903711,-0.3491112,true,true,true
293,5.220683,1,9.609548,1.8564038,1.6306497,5.44107,-0.13285047,-0.17886771,35.78343,0.98764104,-0.35278693,true,true,true
294,5.240323,1,9.603366,1.830418,1.6371306,5.2979107,-0.106386736,-0.16380659,35.887478,0.9855516,-0.3560041,true,true,true
295,5.250069,1,9.6047945,1.7957027,1.6282055,5.226303,-0.09360952,-0.15649486,35.93841,0.9846393,-0.35752928,true,true,true
296,5.270238,1,9.614459,1.7313613,1.5839295,5.0770817,-0.068500325,-0.14241461,36.04081,0.9832577,-0.36040163,true,true,true
297,5.2805457,1,9.616823,1.6660527,1.5544136,5.000203,-0.05635893,-0.13560507,36.09235,0.98267674,-0.36179945,true,true,true
298,5.3000736,1,9.622266,1.5807576,1.5040274,4.8534875,-0.0350571,-0.12384142,36.18713,0.9819921,-0.36421782,true,true,true
299,5.3207207,1,9.627214,1.4691992,1.4665543,4.696781,-0.014886062,-0.112394884,36.284103,0.98168474,-0.36653844,true,true,true
300,5.330516,1,9.632904,1.3830326,1.4406067,4.621888,-0.006178167,-0.107296936,36.329376,0.98162425,-0.3675894,true,true,true
301,5.350001,1,9.634339,1.2806746,1.4157959,4.471778,0.009116688,-0.097788714,36.416508,0.98180187,-0.36949483,true,true,true
302,5.360106,1,9.635529,1.1879265,1.39642,4.393335,0.016094098,-0.09313191,36.460903,0.98196447,-0.37043592,true,true,true
303,5.390028,1,9.640701,1.0225211,1.3648043,4.158778,0.031736135,-0.080602534,36.585342,0.9829141,-0.3728477,true,true,true
304,5.400174,1,9.642,0.93885297,1.3599855,4.078433,0.036167614,-0.07650951,36.62672,0.9832811,-0.37362397,true,true,true
305,5.4101143,1,9.643282,0.87972325,1.3447012,3.999328,0.039909754,-0.072703846,36.666473,0.9836778,-0.37434664,true,true,true
306,5.430126,1,9.64791,0.7843886,1.312125,3.838939,0.045501094,-0.06585108,36.743298,0.9845884,-0.37566444,true,true,true
307,5.439989,1,9.652114,0.75425637,1.3083045,3.7593348,0.047942508,-0.06258857,36.780376,0.9850612,-0.37628177,true,true,true
308,5.460093,1,9.655402,0.6925924,1.3005458,3.5959158,0.051644195,-0.05625246,36.85267,0.9860995,-0.37741268,true,true,true
309,5.472031,1,9.653391,0.67434675,1.3090876,3.4980755,0.05360225,-0.05248834,36.89443,0.9867394,-0.37803927,true,true,true
310,5.4899592,1,9.653902,0.6335134,1.3011346,3.350067,0.055779707,-0.047118425,36.954487,0.98773944,-0.37888402,true,true,true
311,5.5009785,1,9.653784,0.61407477,1.2931969,3.2584488,0.056885246,-0.043989033,36.99039,0.98836625,-0.37936872,true,true,true
312,5.5241313,1,9.654681,0.5567249,1.2770656,3.0643518,0.057834554,-0.0379945,37.06134,0.98970526,-0.3802484,true,true,true
313,5.5402164,1,9.654749,0.5235832,1.2659853,2.9282274,0.05792428,-0.034173608,37.10844,0.990637,-0.38079807,true,true,true
314,5.5502334,1,9.655616,0.51801306,1.2681062,2.8429348,0.057909224,-0.03184142,37.136917,0.9912171,-0.38111702,true,true,true
315,5.5707684,1,9.657645,0.47618628,1.2637987,2.6668477,0.056983028,-0.02731338,37.19168,0.99238724,-0.3816779,true,true,true
316,5.5802546,1,9.6565695,0.47457153,1.2723076,2.5849178,0.056523357,-0.025215626,37.2162,0.99292344,-0.3819171,true,true,true
317,5.600229,1,9.65612,0.4477129,1.2735465,2.4111996,0.05498474,-0.020928029,37.264362,0.9940217,-0.3823351,true,true,true
318,5.6301746,1,9.658002,0.39706263,1.2718406,2.1477745,0.051074415,-0.014942868,37.32868,0.99555117,-0.38278258,true,true,true
319,5.6500416,1,9.659205,0.37830955,1.2727417,1.9710244,0.048050232,-0.011213641,37.367836,0.9965058,-0.38300535,true,true,true
320,5.6605134,1,9.658253,0.3729103,1.2779529,1.8772056,0.04638111,-0.009276736,37.387493,0.9969915,-0.3831025,true,true,true
321,5.6801143,1,9.657423,0.35588756,1.2815741,1.7003855,0.04288917,-0.0057347827,37.420822,0.9978322,-0.38321492,true,true,true
322,5.7001534,1,9.658469,0.3420757,1.2824211,1.518021,0.03899633,-0.0023049721,37.45124,0.99861366,-0.3832611,true,true,true
323,5.710389,1,9.659315,0.34345707,1.2793329,1.4242482,0.03700396,-6.658489E-4,37.46582,0.99899244,-0.38326794,true,true,true
324,5.7300982,1,9.658583,0.3292552,1.2771002,1.2424791,0.0328536,0.002291432,37.490307,0.9996399,-0.3832228,true,true,true
325,5.7400594,1,9.657679,0.32823485,1.2702956,1.1500021,0.030728687,0.0036408696,37.501762,0.999946,-0.38318652,true,true,true
326,5.7601786,1,9.658792,0.31607726,1.2689745,0.96201444,0.026157035,0.0061810478,37.52112,1.0004723,-0.38306215,true,true,true
327,5.771332,1,9.657931,0.31071264,1.2652136,0.85708654,0.023542723,0.0074558374,37.530678,1.0007349,-0.382979,true,true,true
328,5.7904696,1,9.659095,0.30121493,1.2535565,0.67588013,0.018841162,0.0092682,37.543613,1.0010955,-0.38280162,true,true,true
329,5.8114266,1,9.660295,0.2902567,1.2362807,0.4757681,0.01341434,0.010670519,37.553585,1.0013766,-0.382578,true,true,true
330,5.8203917,1,9.661399,0.28869006,1.2255571,0.38962796,0.011063288,0.011103998,37.55708,1.0014758,-0.38247845,true,true,true
331,5.8399997,1,9.662793,0.28017876,1.2130994,0.20011862,0.005721631,0.011660821,37.561005,1.001588,-0.3822498,true,true,true
332,5.850897,1,9.662301,0.27954644,1.2063287,0.0,0.0,0.0,37.561005,1.001588,-0.3822498,false,false,false
333,5.8706617,2,9.663989,0.27320123,1.2078413,0.0,0.0,0.0,37.561005,1.001588,-0.3822498,false,false,false
334,5.880934,2,9.665386,0.27022737,1.2068565,0.099282846,0.0027757755,0.01239683,37.562023,1.0016165,-0.38212246,true,true,true
335,5.900212,2,9.665543,0.26454702,1.1931322,0.28485742,0.007855275,0.035337288,37.567516,1.0017679,-0.38144124,true,true,true
336,5.920634,2,9.663801,0.25982943,1.1845237,0.47975585,0.013095274,0.05933076,37.577312,1.0020353,-0.3802296,true,true,true
337,5.9301047,2,9.665458,0.25951317,1.185999,0.5695813,0.015506835,0.070425786,37.582706,1.0021821,-0.3795626,true,true,true
338,5.9501166,2,9.669434,0.25353885,1.1831833,0.75825685,0.0204504,0.093716525,37.59788,1.0025914,-0.37768713,true,true,true
339,5.9601116,2,9.669628,0.25284964,1.1787173,0.85188144,0.022896083,0.105255425,37.606396,1.0028203,-0.3766351,true,true,true
340,5.9804144,2,9.670653,0.2490607,1.1647997,1.0408291,0.02775328,0.12831147,37.62753,1.0033838,-0.37403,true,true,true
341,6.0000644,2,9.673495,0.24533059,1.1498657,1.2221549,0.03233779,0.15020421,37.651543,1.0040191,-0.3710785,true,true,true
342,6.0305486,2,9.675928,0.23727483,1.122688,1.5004125,0.03912034,0.18308918,37.69728,1.0052117,-0.3654972,true,true,true
343,6.040045,2,9.676685,0.23605075,1.105241,1.5863249,0.04120065,0.19310537,37.712345,1.005603,-0.36366346,true,true,true
344,6.0602946,2,9.678711,0.23047732,1.0828559,1.7683443,0.045490883,0.21391292,37.748154,1.0065242,-0.35933173,true,true,true
345,6.0803466,2,9.682704,0.22477515,1.068645,1.9470162,0.049580384,0.23409997,37.787197,1.0075184,-0.35463756,true,true,true
346,6.0901437,2,9.685929,0.22336586,1.0603096,2.033747,0.05154854,0.24383348,37.80712,1.0080234,-0.35224873,true,true,true
347,6.110172,2,9.688396,0.21993487,1.0408617,2.2098823,0.05547048,0.26324457,37.85138,1.0091343,-0.34697646,true,true,true
348,6.1204886,2,9.687853,0.2196239,1.0280082,2.2999709,0.05747036,0.27306002,37.875107,1.0097272,-0.3441593,true,true,true
349,6.14031,2,9.69025,0.21651071,1.0065607,2.4718783,0.061217964,0.29139465,37.924103,1.0109407,-0.3383836,true,true,true
350,6.1500797,2,9.693547,0.21505336,0.9912333,2.5560563,0.06303506,0.30023503,37.949074,1.0115565,-0.3354503,true,true,true
351,6.170282,2,9.694187,0.21356219,0.9694292,2.7288945,0.06672897,0.3179753,38.004204,1.0129045,-0.32902655,true,true,true
352,6.1908097,2,9.696559,0.21140683,0.94080323,2.9028654,0.07039226,0.33527753,38.063793,1.0143496,-0.32214397,true,true,true
353,6.2000937,2,9.697807,0.21181637,0.92450047,2.980993,0.0720376,0.3429061,38.09147,1.0150183,-0.31896043,true,true,true
354,6.220422,2,9.704154,0.20739111,0.90437436,3.1509607,0.075517125,0.3591018,38.15552,1.0165534,-0.31166062,true,true,true
355,6.230022,2,9.699024,0.20950314,0.8879919,3.2305937,0.07716483,0.36654606,38.186535,1.0172942,-0.30814177,true,true,true
356,6.250014,2,9.701267,0.20770605,0.8636216,3.395268,0.08052771,0.38146487,38.254414,1.0189041,-0.30051553,true,true,true
357,6.260345,2,9.701129,0.20937286,0.8498763,3.4797244,0.08226548,0.388981,38.290363,1.0197539,-0.29649696,true,true,true
358,6.280614,2,9.701671,0.20883663,0.8165279,3.644171,0.08562996,0.40295017,38.364227,1.0214896,-0.28832957,true,true,true
359,6.300769,2,9.70218,0.20834905,0.7800531,3.806042,0.088920884,0.4159724,38.440937,1.0232818,-0.27994564,true,true,true
360,6.3111367,2,9.701822,0.20863964,0.76687616,3.8886611,0.09059939,0.42248285,38.481255,1.0242212,-0.27556533,true,true,true
361,6.3300896,2,9.7057,0.20723283,0.7422053,4.038633,0.09361052,0.43382576,38.5578,1.0259954,-0.267343,true,true,true
362,6.3408093,2,9.70531,0.20753719,0.72597885,4.1228056,0.0952994,0.4400155,38.601997,1.027017,-0.26262605,true,true,true
363,6.3601885,2,9.705361,0.20627734,0.70319116,4.2737794,0.09829599,0.45066795,38.68482,1.0289218,-0.25389257,true,true,true
364,6.3736033,2,9.70698,0.20521155,0.69140273,4.3774147,0.100331865,0.457812,38.74354,1.0302678,-0.24775103,true,true,true
365,6.3901916,2,9.708677,0.20403945,0.68068486,4.504576,0.10280247,0.4663867,38.818264,1.0319731,-0.24001461,true,true,true
366,6.4100966,2,9.7089,0.20390457,0.6704523,4.655689,0.10572448,0.47635365,38.910934,1.0340775,-0.2305328,true,true,true
367,6.4218736,2,9.708732,0.20285472,0.66323143,4.7443333,0.10742043,0.48210466,38.96681,1.0353426,-0.22485505,true,true,true
368,6.440099,2,9.708971,0.20276393,0.64592075,4.8804016,0.1100132,0.4905995,39.05575,1.0373476,-0.21591388,true,true,true
369,6.450237,2,9.7106495,0.20174243,0.64117473,4.955522,0.111429304,0.49522984,39.10599,1.0384772,-0.21089324,true,true,true
370,6.470872,2,9.711216,0.20154653,0.62485427,5.1071415,0.11427271,0.50421387,39.211376,1.0408351,-0.20048879,true,true,true
371,6.500085,2,9.712154,0.20105007,0.59677064,5.318847,0.118203536,0.51587415,39.366756,1.0442883,-0.18541856,true,true,true
372,6.520752,2,9.714914,0.19956096,0.57930493,5.4665756,0.120896965,0.52359384,39.479733,1.0467869,-0.17459744,true,true,true
373,6.530124,2,9.715102,0.1996942,0.5692874,5.5329947,0.122104146,0.52695465,39.53159,1.0479313,-0.16965882,true,true,true
374,6.550312,2,9.716065,0.19955966,0.5522957,5.6748695,0.12466895,0.5337536,39.646152,1.0504482,-0.15888341,true,true,true
375,6.574432,2,9.717261,0.19943863,0.53016806,5.842227,0.1276716,0.5411682,39.787067,1.0535276,-0.14583044,true,true,true
376,6.580994,2,9.717367,0.19978315,0.5217418,5.8873477,0.12847969,0.54309726,39.8257,1.0543706,-0.14226663,true,true,true
377,6.6001153,2,9.720195,0.19868773,0.5110097,6.017878,0.1307864,0.5484327,39.940765,1.0568714,-0.13178004,true,true,true
378,6.6104155,2,9.7205925,0.19769111,0.506123,6.087578,0.13200204,0.55120695,40.003468,1.058231,-0.12610261,true,true,true
379,6.6301174,2,9.723444,0.19789188,0.49871144,6.2197514,0.13429877,0.55627084,40.12601,1.060877,-0.115142964,true,true,true
380,6.6401505,2,9.723741,0.19831882,0.5000334,6.2864537,0.13545625,0.5588141,40.189083,1.062236,-0.10953638,true,true,true
381,6.660331,2,9.726707,0.19852632,0.4892364,6.419433,0.13775499,0.5636119,40.318626,1.0650158,-0.09816269,true,true,true
382,6.6828227,2,9.725864,0.1988536,0.4709358,6.5656724,0.14027166,0.56839097,40.4663,1.0681708,-0.08537844,true,true,true
383,6.6902075,2,9.724216,0.19925487,0.45932183,6.6132264,0.14108883,0.5698383,40.51514,1.0692127,-0.08117019,true,true,true
384,6.7105956,2,9.724667,0.19969822,0.44414252,6.743365,0.14332266,0.5734319,40.652626,1.0721347,-0.069479056,true,true,true
385,6.7205124,2,9.724768,0.2001316,0.43769476,6.806054,0.144397,0.57506686,40.720123,1.0735667,-0.06377612,true,true,true
386,6.7407675,2,9.725249,0.19941615,0.4284354,6.932858,0.14654319,0.5781187,40.86055,1.0765349,-0.052066326,true,true,true
387,6.7600946,2,9.725787,0.19984737,0.42016923,7.052303,0.14855732,0.5807458,40.99685,1.079406,-0.040842254,true,true,true
388,6.7707877,2,9.725905,0.20025162,0.41575187,7.1177344,0.14965834,0.5820997,41.07296,1.0810063,-0.034617864,true,true,true
389,6.7913475,2,9.72459,0.2007334,0.40508607,7.2422066,0.15174991,0.5843784,41.22186,1.0841262,-0.022603044,true,true,true
390,6.8001804,2,9.724707,0.20108113,0.4006265,7.295154,0.15263727,0.5852756,41.286297,1.0854745,-0.017433304,true,true,true
391,6.8208904,2,9.725078,0.20029297,0.39613786,7.4180555,0.15466784,0.5871862,41.439926,1.0886776,-0.005272678,true,true,true
392,6.8305373,2,9.725253,0.19951785,0.39753172,7.4747095,0.15559013,0.5880417,41.512035,1.0901786,4.0016044E-4,true,true,true
393,6.8508053,2,9.725608,0.1986957,0.40180477,7.5925083,0.1574778,0.5898267,41.66592,1.0933703,0.012354768,true,true,true
394,6.8708825,2,9.72591,0.19904882,0.4059656,7.707551,0.15931022,0.59154606,41.820663,1.0965688,0.024231236,true,true,true
395,6.8802347,2,9.726114,0.19945426,0.4111669,7.7605796,0.16015245,0.59235054,41.89324,1.0980666,0.0297709,true,true,true
396,6.900221,2,9.726415,0.19987519,0.40834266,7.8727164,0.16192849,0.5939176,42.050587,1.1013029,0.041640937,true,true,true
397,6.9112678,2,9.726631,0.19908719,0.40637127,7.934003,0.16288264,0.59470594,42.138233,1.1031022,0.048210654,true,true,true
398,6.930308,2,9.726856,0.19948515,0.40102533,8.038468,0.1645032,0.5958693,42.291286,1.1062343,0.059556007,true,true,true
399,6.950113,2,9.727085,0.19988908,0.39751363,8.145566,0.16615456,0.59688413,42.45261,1.109525,0.0713773,true,true,true
400,6.961075,2,9.7271185,0.20031285,0.39369035,8.204157,0.1670547,0.59734875,42.542545,1.1113563,0.077925436,true,true,true
401,6.9803557,2,9.72702,0.19955876,0.39114064,8.306022,0.1685913,0.59802157,42.702694,1.1146069,0.08945589,true,true,true
402,6.990143,2,9.727001,0.1987815,0.3907889,8.357149,0.16934805,0.59831315,42.784485,1.1162642,0.09531158,true,true,true
403,7.02103,2,9.7269,0.199137,0.39267388,8.515935,0.17167811,0.5990862,43.047516,1.1215669,0.11381556,true,true,true
404,7.041588,2,9.72663,0.1995755,0.39196727,8.619458,0.17317982,0.5994134,43.224716,1.1251271,0.1261383,true,true,true
405,7.061751,2,9.726398,0.20004156,0.3893479,8.719315,0.17461693,0.5995472,43.400524,1.1286479,0.13822697,true,true,true
406,7.07042,2,9.724187,0.20052488,0.3859844,8.761719,0.17522524,0.59953475,43.47648,1.130167,0.14342433,true,true,true
407,7.0904346,2,9.723662,0.20108068,0.3831659,8.85844,0.1766093,0.5993557,43.65378,1.1337018,0.15542044,true,true,true
408,7.1001925,2,9.723145,0.20031027,0.38667983,8.904998,0.17726055,0.5992552,43.740677,1.1354315,0.16126797,true,true,true
409,7.1205645,2,9.722409,0.20072828,0.3940102,9.000931,0.17859499,0.59909445,43.924046,1.1390699,0.17347272,true,true,true
410,7.1435704,2,9.721598,0.19994542,0.39973342,9.107213,0.1800291,0.5988815,44.133568,1.1432117,0.18725058,true,true,true
411,7.1509323,2,9.721192,0.19900888,0.40494192,9.140765,0.18046883,0.59881514,44.200863,1.1445403,0.19165906,true,true,true
412,7.1710773,2,9.720386,0.19932131,0.40755594,9.231429,0.1816479,0.5985957,44.38683,1.1481996,0.20371777,true,true,true
413,7.180284,2,9.719963,0.19967492,0.41309276,9.272312,0.18217517,0.5985022,44.4722,1.1498768,0.20922817,true,true,true
414,7.200135,2,9.717179,0.20007186,0.41740003,9.359225,0.18328816,0.5982918,44.65799,1.1535153,0.22110486,true,true,true
415,7.2101293,2,9.718765,0.20070277,0.43119743,9.40239,0.1838384,0.59827507,44.751957,1.1553526,0.22708403,true,true,true
416,7.2307353,2,9.719729,0.2001232,0.44414836,9.490122,0.18492627,0.5984043,44.94751,1.1591632,0.23941475,true,true,true
417,7.2501845,2,9.717342,0.20090114,0.44831455,9.571293,0.18592535,0.5984799,45.133663,1.1627793,0.25105458,true,true,true
418,7.2605658,2,9.718615,0.20039248,0.45691183,9.614,0.1864363,0.59855896,45.233467,1.1647147,0.25726822,true,true,true
419,7.280481,2,9.718042,0.20135528,0.46913627,9.694689,0.18740252,0.5988554,45.426537,1.1684468,0.26919442,true,true,true
420,7.310155,2,9.717323,0.20263694,0.49000132,9.811896,0.1887993,0.59967566,45.717693,1.1740493,0.2869892,true,true,true
421,7.322543,2,9.720584,0.20048058,0.4839466,9.859805,0.18932705,0.599858,45.839836,1.1763947,0.29442024,true,true,true
422,7.340281,2,9.716588,0.20347534,0.50098914,9.927243,0.19010645,0.60033387,46.015926,1.1797668,0.30506897,true,true,true
423,7.360115,2,9.719824,0.20344831,0.5297722,10.001196,0.19093645,0.6013152,46.21429,1.1835538,0.31699544,true,true,true
424,7.371976,2,9.719451,0.20458466,0.5469749,10.044649,0.19142558,0.6020446,46.33343,1.1858243,0.3241363,true,true,true
425,7.389991,2,9.719039,0.20588736,0.5620847,10.109544,0.19216238,0.6033367,46.515556,1.1892861,0.3350054,true,true,true
426,7.4002047,2,9.718304,0.20710415,0.5607675,10.145741,0.1925767,0.6040087,46.619186,1.1912531,0.34117475,true,true,true
427,7.4206157,2,9.716004,0.21022841,0.5648675,10.216756,0.19343404,0.6053331,46.82772,1.1952013,0.3535302,true,true,true
428,7.4413605,2,9.7186985,0.20903169,0.553104,10.287247,0.19423364,0.60629565,47.04113,1.1992307,0.3661078,true,true,true
429,7.4500394,2,9.71499,0.21171726,0.5662226,10.316185,0.19457743,0.60677046,47.130665,1.2009194,0.37137395,true,true,true
430,7.4711204,2,9.717626,0.21068116,0.56528807,10.385251,0.19535615,0.6078015,47.349598,1.2050377,0.384187,true,true,true
431,7.4803343,2,9.717118,0.2106052,0.55217487,10.414865,0.19568044,0.60808563,47.44556,1.2068408,0.3897899,true,true,true
432,7.504197,2,9.71656,0.21123748,0.56001955,10.489937,0.19649203,0.6088798,47.69588,1.2115296,0.4043196,true,true,true
433,7.510172,2,9.716222,0.2110295,0.5516018,10.508368,0.1966842,0.60899913,47.758667,1.2127048,0.4079584,true,true,true
434,7.550239,2,9.715487,0.21218096,0.5508856,10.628176,0.19791746,0.60946965,48.184505,1.2206347,0.432378,true,true,true
435,7.5600853,2,9.71503,0.21226585,0.5418622,10.65661,0.19819435,0.6094162,48.28943,1.2225862,0.4383783,true,true,true
436,7.5799475,2,9.716095,0.21264735,0.53776675,10.71279,0.19872802,0.6091304,48.502205,1.2265333,0.45047686,true,true,true
437,7.5900593,2,9.714146,0.21375859,0.53304,10.740754,0.19899428,0.6088875,48.610817,1.2285455,0.45663393,true,true,true
438,7.609929,2,9.713595,0.21418646,0.53083324,10.794476,0.19949323,0.6082691,48.825302,1.2325095,0.46872023,true,true,true
439,7.630014,2,9.7150345,0.21445507,0.5296174,10.847172,0.19995883,0.60748845,49.043167,1.2365257,0.48092163,true,true,true
440,7.639942,2,9.714879,0.21447806,0.5390735,10.87261,0.20017283,0.6071477,49.15111,1.238513,0.48694938,true,true,true
441,7.6601853,2,9.716231,0.21483205,0.54399276,10.923262,0.20058271,0.60645276,49.37223,1.2425734,0.4992258,true,true,true
442,7.6704793,2,9.719631,0.21475475,0.55243325,10.948413,0.20077306,0.6061349,49.484932,1.2446401,0.5054653,true,true,true
443,7.689955,2,9.718016,0.21503483,0.5545074,10.994785,0.20110679,0.605479,49.699066,1.2485569,0.51725763,true,true,true
444,7.700435,2,9.717976,0.21507479,0.55331194,11.019098,0.20126952,0.60506225,49.814545,1.2506661,0.5235987,true,true,true
445,7.7499824,2,9.718399,0.21579753,0.5585413,11.127999,0.2019111,0.60286504,50.365902,1.2606702,0.5534688,true,true,true
446,7.779939,2,9.718759,0.2160657,0.56562454,11.188997,0.20217606,0.6013595,50.70109,1.2667267,0.57148373,true,true,true
447,7.800279,2,9.720701,0.216209,0.56651556,11.228368,0.20230263,0.6001881,50.929478,1.2708416,0.58369154,true,true,true
448,7.821875,2,9.720864,0.21636194,0.5692362,11.268326,0.2023905,0.59885514,51.17283,1.2752124,0.59662443,true,true,true
449,7.83001,2,9.720796,0.21636575,0.56938255,11.282884,0.20241033,0.59831464,51.264614,1.276859,0.60149175,true,true,true
450,7.880085,2,9.721477,0.21679087,0.570537,11.366587,0.20239337,0.5945692,51.833797,1.2869939,0.6312648,true,true,true
451,7.890029,2,9.723378,0.21679197,0.5723205,11.38201,0.2023572,0.59374565,51.94698,1.2890061,0.637169,true,true,true
452,7.939909,2,9.724172,0.21709372,0.5741024,11.453335,0.2020267,0.58921564,52.518272,1.2990832,0.6665591,true,true,true
453,7.959895,2,9.724557,0.2171913,0.5731561,11.479074,0.20181943,0.5871534,52.747692,1.3031168,0.67829394,true,true,true
454,7.9703293,2,9.722683,0.21719949,0.57068604,11.491844,0.20169386,0.5859991,52.8676,1.3052213,0.68440825,true,true,true
455,7.9901495,2,9.722901,0.21728835,0.5710752,11.514884,0.20142409,0.58371615,53.095825,1.3092135,0.6959775,true,true,true
456,8.01007,2,9.72311,0.2173535,0.5684323,11.536429,0.20111074,0.58123976,53.32563,1.3132197,0.70755583,true,true,true
457,8.020361,2,9.723169,0.21735577,0.5640363,11.546927,0.20093177,0.5798644,53.444458,1.3152875,0.7135232,true,true,true
458,8.050086,2,9.723494,0.21745019,0.557177,11.574835,0.20035225,0.5754932,53.78852,1.3212429,0.73062974,true,true,true
459,8.070411,2,9.723695,0.21751185,0.555521,11.591846,0.19990131,0.57230437,54.024124,1.3253059,0.7422618,true,true,true
460,8.079935,2,9.723727,0.21750882,0.55602133,11.599239,0.19967434,0.5707684,54.134594,1.3272077,0.74769783,true,true,true
461,8.120445,2,9.72409,0.21774022,0.5593168,11.626565,0.19860683,0.56403756,54.605587,1.3352532,0.770547,true,true,true
462,8.130259,2,9.724144,0.2176527,0.5562607,11.632178,0.19832021,0.56229645,54.719734,1.3371993,0.7760648,true,true,true
463,8.150471,2,9.724221,0.21766707,0.5568935,11.642504,0.19769679,0.5586238,54.95505,1.3411952,0.7873557,true,true,true
464,8.160215,2,9.726007,0.21764852,0.55847746,11.646904,0.19737998,0.5568208,55.06855,1.3431187,0.79278195,true,true,true
465,8.19017,2,9.726235,0.2176962,0.55948067,11.658013,0.19634217,0.55111426,55.417767,1.3490001,0.8092906,true,true,true
466,8.210321,2,9.726303,0.21771301,0.5598528,11.663429,0.19558886,0.5471179,55.652798,1.3529414,0.82031554,true,true,true
467,8.230447,2,9.724647,0.2177328,0.558307,11.667152,0.19479232,0.542963,55.8876,1.3568616,0.8312427,true,true,true
468,8.240366,2,9.724665,0.21773793,0.5563996,11.66838,0.1943834,0.5408476,56.003338,1.3587897,0.83660734,true,true,true
469,8.270666,2,9.724736,0.2177705,0.5569533,11.669645,0.19306825,0.53420305,56.35693,1.3646396,0.8527937,true,true,true
470,8.290086,2,9.724677,0.21778114,0.56220603,11.668487,0.19217242,0.52988863,56.58353,1.3683716,0.86308414,true,true,true
471,8.3401785,2,9.724653,0.21782896,0.57063985,11.658399,0.18967257,0.5186131,57.167534,1.3778728,0.889063,true,true,true
472,8.350845,2,9.724574,0.21783327,0.57566434,11.654927,0.18910465,0.51615965,57.29186,1.37989,0.89456886,true,true,true
473,8.371156,2,9.724369,0.21786276,0.5801287,11.647034,0.18798934,0.5114762,57.528408,1.383708,0.90495694,true,true,true
474,8.380122,2,9.723591,0.2181765,0.5813319,11.643005,0.18748534,0.5093766,57.6328,1.385389,0.909524,true,true,true
475,8.401334,2,9.723275,0.2183401,0.58180565,11.632165,0.18626122,0.50431454,57.879543,1.3893399,0.92022157,true,true,true
476,8.424004,2,9.722952,0.21850108,0.5841661,11.618545,0.18490197,0.4987956,58.142937,1.3935317,0.9315293,true,true,true
477,8.451626,2,9.722336,0.21889229,0.58770853,11.5991,0.18318015,0.4919418,58.463326,1.3985915,0.9451177,true,true,true
478,8.460081,2,9.722164,0.2190567,0.58729,11.5925255,0.1826377,0.4897905,58.56134,1.4001358,0.94925886,true,true,true
479,8.480377,2,9.721891,0.2192231,0.5877411,11.575545,0.18130694,0.4845401,58.796276,1.4038155,0.9590931,true,true,true
480,8.491147,2,9.7217045,0.21933389,0.5865764,11.56585,0.18058358,0.4816867,58.92084,1.4057604,0.96428084,true,true,true
481,8.510749,2,9.721424,0.21951626,0.58681816,11.546988,0.17923784,0.47640097,59.147186,1.4092739,0.9736193,true,true,true
482,8.540591,2,9.721029,0.21980111,0.589126,11.515249,0.17711642,0.46818164,59.490826,1.4145594,0.98759073,true,true,true
483,8.570116,2,9.7206,0.22010957,0.5899372,11.480263,0.17493027,0.45978704,59.82978,1.4197242,1.001166,true,true,true
484,8.589962,2,9.720344,0.2203733,0.59135646,11.4547415,0.17341216,0.45401236,60.05711,1.4231658,1.0101763,true,true,true
485,8.620289,2,9.719946,0.22074565,0.5906399,11.41263,0.17101987,0.44491768,60.40322,1.4283524,1.0236694,true,true,true
486,8.640364,2,9.7197485,0.22105102,0.5871741,11.382687,0.1693868,0.43866244,60.63173,1.4317528,1.0324755,true,true,true
487,8.649952,2,9.721429,0.22125313,0.5862846,11.367821,0.16859314,0.4356199,60.740723,1.4333693,1.0366522,true,true,true
488,8.6701765,2,9.721278,0.2215721,0.5856742,11.335233,0.16689225,0.42909092,60.96998,1.4367447,1.0453305,true,true,true
489,8.701531,2,9.721198,0.22196187,0.5872019,11.28141,0.1641786,0.41875267,61.323708,1.4418925,1.0584605,true,true,true
490,8.720391,2,9.7212,0.22215344,0.59069395,11.247106,0.16249783,0.41244522,61.535828,1.4449573,1.0662392,true,true,true
491,8.730115,2,9.722935,0.22049102,0.5903086,11.2288685,0.1615998,0.409144,61.645016,1.4465287,1.0702177,true,true,true
492,8.75048,2,9.722898,0.22070166,0.5918878,11.189425,0.1596897,0.40216234,61.872887,1.4497807,1.0784078,true,true,true
493,8.840638,2,9.723226,0.22120494,0.59364665,10.994516,0.15073077,0.3697834,62.864132,1.4633703,1.1117467,true,true,true
494,8.860243,2,9.723255,0.22140439,0.5957102,10.947746,0.14866823,0.36243132,63.078762,1.466285,1.1188521,true,true,true
495,8.8710575,2,9.723081,0.22134146,0.5965624,10.921274,0.14751162,0.35833102,63.196877,1.4678804,1.1227275,true,true,true
496,8.940078,2,9.723416,0.22170475,0.6003064,10.741114,0.13985252,0.33152103,63.93823,1.477533,1.1456091,true,true,true
497,9.031364,2,9.723548,0.22056562,0.6095684,10.473007,0.12881367,0.2945154,64.89428,1.489292,1.1724945,true,true,true
498,9.050255,2,9.72328,0.2186524,0.6129163,10.413279,0.12637883,0.28658086,65.09099,1.4916793,1.1779081,true,true,true
499,9.061319,2,9.723087,0.21944104,0.61815757,10.377614,0.12494309,0.2819369,65.20582,1.4930618,1.1810277,true,true,true
500,9.079943,2,9.722619,0.2252712,0.6237813,10.316454,0.12260482,0.27413538,65.39794,1.495345,1.1861329,true,true,true
501,9.1000805,2,9.722055,0.2327333,0.6279653,10.248716,0.12018367,0.26565582,65.60433,1.4977653,1.1914827,true,true,true
502,9.109922,2,9.720804,0.2522757,0.628857,10.214996,0.11917649,0.26147217,65.704865,1.4989382,1.194056,true,true,true
503,9.130407,2,9.719078,0.2864615,0.63318074,10.14351,0.11774629,0.25275138,65.91265,1.5013503,1.1992337,true,true,true
504,9.139937,2,9.717919,0.31110704,0.6354727,10.109659,0.11730009,0.24866945,66.008995,1.5024681,1.2016034,true,true,true
505,9.159952,2,9.715812,0.36858243,0.6380986,10.037317,0.1174808,0.2400523,66.20989,1.5048195,1.206408,true,true,true
506,9.180382,2,9.714043,0.42081186,0.6445545,9.961757,0.11868689,0.23125346,66.413414,1.5072442,1.2111325,true,true,true
507,9.190029,2,9.711759,0.49992704,0.6502202,9.925462,0.12000366,0.22710599,66.50916,1.5084019,1.2133235,true,true,true
508,9.210912,2,9.708375,0.61575353,0.6667148,9.845525,0.12523788,0.2183678,66.71477,1.5110172,1.2178837,true,true,true
509,9.24165,2,9.704392,0.7445517,0.6846661,9.724507,0.13681391,0.2057984,67.01368,1.5152225,1.2242095,true,true,true
510,9.26005,2,9.6995945,0.905016,0.7173904,9.650136,0.14664622,0.19872873,67.19124,1.5179209,1.2278662,true,true,true
511,9.270707,2,9.695982,1.0212218,0.74266505,9.606388,0.1535623,0.19485274,67.29362,1.5195574,1.2299427,true,true,true
512,9.290142,2,9.6902685,1.2816452,0.8042559,9.525307,0.17120427,0.18888566,67.478745,1.5228847,1.2336137,true,true,true
513,9.300132,2,9.682743,1.5567622,0.86999834,9.482953,0.18300484,0.1864272,67.57348,1.5247129,1.2354761,true,true,true
514,9.350175,2,9.677011,1.761398,0.92861164,9.264385,0.252193,0.17655392,68.037094,1.5373334,1.2443115,true,true,true
515,9.365234,2,9.671103,2.0155497,1.0070071,9.196526,0.27678654,0.17460328,68.17558,1.5415015,1.2469409,true,true,true
516,9.380144,2,9.671432,1.9467416,0.96262515,9.128429,0.30008626,0.17193715,68.31169,1.5459758,1.2495044,true,true,true
517,9.397937,2,9.659981,2.1438515,0.98967403,9.045776,0.33136642,0.16914168,68.47264,1.5518718,1.252514,true,true,true
518,9.40995,2,9.677065,2.1526341,0.9888385,8.989448,0.3525711,0.16718574,68.58063,1.5561072,1.2545224,true,true,true
519,9.429949,2,9.668395,2.3620617,1.0918146,8.894197,0.39202532,0.16588409,68.7585,1.5639473,1.2578399,true,true,true
520,9.439989,2,9.672287,2.4309154,1.112984,8.845804,0.4125071,0.16539404,68.84731,1.5680889,1.2595005,true,true,true
521,9.459945,2,9.663415,2.5810838,1.181826,8.748217,0.4561814,0.16569585,69.02189,1.5771924,1.2628071,true,true,true
522,9.480043,2,9.659819,2.6708004,1.2661453,8.648215,0.5019277,0.16756295,69.19571,1.5872806,1.266175,true,true,true
523,9.49006,2,9.661375,2.673691,1.2668865,8.597781,0.5247369,0.16845144,69.28182,1.5925364,1.2678622,true,true,true
524,9.510125,2,9.660909,2.6529348,1.2418276,8.49551,0.5699808,0.16963007,69.452286,1.6039732,1.2712659,true,true,true
525,9.520415,2,9.666786,2.5281658,1.1917094,8.442485,0.59188235,0.16966757,69.53916,1.6100637,1.2730117,true,true,true
526,9.540545,2,9.676889,2.4424973,1.1473757,8.337709,0.63296956,0.16874851,69.707,1.6228054,1.2764086,true,true,true
527,9.560394,2,9.682527,2.2930348,1.1300025,8.232889,0.6704728,0.1673679,69.870415,1.6361135,1.2797307,true,true,true
528,9.570539,2,9.6811285,2.1574953,1.1173807,8.178678,0.6882493,0.16648448,69.953384,1.6430959,1.2814196,true,true,true
529,9.589971,2,9.682732,1.9890037,1.1546915,8.073709,0.7189915,0.16542348,70.11027,1.6570666,1.284634,true,true,true
530,9.600096,2,9.676987,1.871681,1.1876941,8.018344,0.73380625,0.1651558,70.19145,1.6644964,1.2863061,true,true,true
531,9.620874,2,9.676655,1.6901407,1.1921397,7.903407,0.76040196,0.16459392,70.355675,1.6802968,1.2897263,true,true,true
532,9.63494,2,9.681535,1.5218296,1.1429605,7.824671,0.7760111,0.16344164,70.46574,1.6912122,1.2920252,true,true,true
533,9.650109,2,9.686365,1.2857075,1.1475922,7.738927,0.7892381,0.16219693,70.58313,1.7031841,1.2944856,true,true,true
534,9.670725,2,9.678062,1.0131799,1.2347147,7.6207223,0.80155575,0.16218057,70.74024,1.719709,1.297829,true,true,true
535,9.68028,2,9.674315,0.86932033,1.3232996,7.565313,0.8058743,0.16297229,70.81253,1.7274091,1.2993863,true,true,true
536,9.700137,2,9.670905,0.63280094,1.376189,7.448905,0.8101202,0.1655726,70.96044,1.7434957,1.302674,true,true,true
537,9.710062,2,9.668919,0.49589738,1.3809717,7.390097,0.8108674,0.16687149,71.03379,1.7515435,1.3043302,true,true,true
538,9.731305,2,9.674182,0.23601839,1.3612312,7.262994,0.8069096,0.1691238,71.18808,1.7686847,1.307923,true,true,true
539,9.7517395,2,9.676309,-0.0071175606,1.372741,7.1390395,0.79808754,0.17138645,71.33396,1.7849928,1.3114251,true,true,true
540,9.7607155,2,9.672447,-0.11845144,1.4051796,7.0840154,0.7931984,0.17262827,71.397545,1.7921126,1.3129746,true,true,true
541,9.780232,2,9.670298,-0.31694737,1.4015657,6.963201,0.77866304,0.17516705,71.53345,1.8073097,1.3163933,true,true,true
542,9.790868,2,9.676454,-0.41828063,1.3637325,6.8967795,0.7696473,0.17609571,71.6068,1.8154949,1.318266,true,true,true
543,9.810403,2,9.680847,-0.59141654,1.3241006,6.773655,0.7496721,0.17693102,71.73912,1.8301398,1.3217224,true,true,true
544,9.824825,2,9.682384,-0.70176303,1.3002895,6.6817827,0.73330665,0.17712432,71.83549,1.8407155,1.3242769,true,true,true
545,9.840126,2,9.686664,-0.80297107,1.2991891,6.5834484,0.7143702,0.17723817,71.93622,1.8516461,1.3269888,true,true,true
546,9.859985,2,9.682337,-0.94791716,1.3331578,6.454309,0.68687594,0.17794642,72.06439,1.8652867,1.3305227,true,true,true
547,9.870171,2,9.675111,-1.0263091,1.3485701,6.3873816,0.67195976,0.17841673,72.12945,1.8721306,1.3323399,true,true,true
548,9.889958,2,9.672105,-1.1625986,1.3430364,6.2560816,0.6402504,0.17912385,72.25324,1.8848,1.3358843,true,true,true
549,9.900065,2,9.673036,-1.201182,1.3310367,6.188413,0.62364775,0.17931432,72.31579,1.8911031,1.3376967,true,true,true
550,9.920314,2,9.676766,-1.2777485,1.2996498,6.0516677,0.5888026,0.17895983,72.438324,1.9030253,1.3413203,true,true,true
551,9.930556,2,9.676047,-1.261591,1.3060805,5.981854,0.57132524,0.17879549,72.49959,1.9088768,1.3431515,true,true,true
552,9.950011,2,9.673546,-1.3195015,1.3444084,5.848014,0.53696805,0.17913438,72.61336,1.9193234,1.3466365,true,true,true
553,9.970751,2,9.667341,-1.3614434,1.3878057,5.703506,0.49942583,0.18025947,72.73165,1.9296815,1.350375,true,true,true
554,9.980687,2,9.664746,-1.378594,1.4056553,5.6336274,0.48125312,0.18092597,72.78763,1.9344633,1.3521727,true,true,true
555,10.000077,2,9.667964,-1.3738872,1.379867,5.4961658,0.44584933,0.18163367,72.894196,1.9431083,1.3556947,true,true,true
556,10.010091,2,9.6727,-1.3220739,1.3499341,5.424621,0.42806762,0.18165141,72.94852,1.947395,1.3575137,true,true,true
557,10.031303,2,9.674192,-1.301336,1.332949,5.271746,0.39080355,0.18122008,73.06035,1.9556851,1.3613579,true,true,true
558,10.051216,2,9.674257,-1.2367092,1.316449,5.1265697,0.357065,0.1803528,73.16244,1.9627954,1.3649493,true,true,true
559,10.060166,2,9.675948,-1.1834948,1.3139032,5.06081,0.34236318,0.17989813,73.20773,1.9658595,1.3665594,true,true,true
560,10.081236,2,9.674252,-1.0933466,1.312579,4.9046717,0.30961674,0.17869626,73.31107,1.9723831,1.3703245,true,true,true
561,10.0901375,2,9.674044,-1.0261937,1.3141146,4.8381557,0.2963647,0.17815852,73.35414,1.9750214,1.3719105,true,true,true
562,10.110045,2,9.677874,-0.90829575,1.288594,4.688315,0.26904383,0.17635417,73.44748,1.9803774,1.3754213,true,true,true
563,10.120692,2,9.679791,-0.80746937,1.2562072,4.6075354,0.255488,0.17499115,73.49654,1.9830977,1.3772844,true,true,true
564,10.140299,2,9.680327,-0.70530915,1.2242293,4.457577,0.23249467,0.1717572,73.58394,1.9876562,1.3806521,true,true,true
565,10.161034,2,9.681022,-0.58180845,1.1954737,4.2973,0.21069334,0.1676042,73.67304,1.992025,1.3841274,true,true,true
566,10.170399,2,9.683117,-0.51131153,1.1812414,4.224355,0.20149145,0.16554919,73.7126,1.993912,1.3856777,true,true,true
567,10.190019,2,9.683935,-0.39951986,1.172895,4.0703893,0.18437514,0.16098699,73.792465,1.9975294,1.3888363,true,true,true
568,10.200073,2,9.68402,-0.33764723,1.1821036,3.9908772,0.17620894,0.15869284,73.832596,1.9993012,1.3904319,true,true,true
569,10.220634,2,9.681252,-0.23692578,1.1881472,3.8269424,0.16154662,0.15402293,73.911285,2.0026228,1.3935988,true,true,true
570,10.240159,2,9.683634,-0.17564154,1.1846199,3.669719,0.14877664,0.14939146,73.98293,2.0055277,1.3965156,true,true,true
571,10.249971,2,9.681882,-0.16624424,1.1731262,3.5901039,0.14243571,0.14690405,74.01816,2.0069253,1.3979571,true,true,true
572,10.270376,2,9.680495,-0.10197793,1.1508254,3.423252,0.13052642,0.14117561,74.08801,2.0095887,1.4008378,true,true,true
573,10.280014,2,9.680233,-0.09582784,1.1495392,3.3438518,0.124944575,0.13841021,74.12024,2.010793,1.4021717,true,true,true
574,10.301541,2,9.681775,-0.04027525,1.1503117,3.1651685,0.11363631,0.1321405,74.18838,2.0132391,1.4050163,true,true,true
575,10.320557,2,9.683428,0.009242983,1.1540504,3.0057967,0.10454676,0.12654743,74.24553,2.015227,1.4074225,true,true,true
576,10.330884,2,9.682893,0.017193452,1.1622967,2.9186175,0.09967566,0.123545356,74.27567,2.0162563,1.4086984,true,true,true
577,10.349972,2,9.682586,0.060331266,1.1585869,2.7563307,0.09146471,0.11783395,74.328285,2.0180023,1.4109477,true,true,true
578,10.360297,2,9.682023,0.06673583,1.1575046,2.6679227,0.087072715,0.11468378,74.355835,2.0189013,1.4121318,true,true,true
579,10.380595,2,9.681531,0.1035523,1.1591029,2.4928398,0.07915159,0.108421646,74.40643,2.020508,1.4143325,true,true,true
580,10.390085,2,9.679259,0.106729046,1.1603912,2.4103873,0.07546275,0.10545991,74.429306,2.0212243,1.4153333,true,true,true
581,10.410049,2,9.676844,0.1329106,1.1623262,2.235681,0.0681931,0.09917183,74.47394,2.0225856,1.4173131,true,true,true
582,10.430691,2,9.676058,0.16161586,1.162463,2.0533252,0.06122332,0.09253652,74.51632,2.0238492,1.4192232,true,true,true
583,10.440176,2,9.677691,0.16040297,1.1625894,1.9689621,0.05799336,0.08944185,74.534996,2.0243993,1.4200716,true,true,true
584,10.4602,2,9.677266,0.18052267,1.1580149,1.789649,0.051544804,0.0827206,74.57083,2.0254314,1.421728,true,true,true
585,10.473601,2,9.677054,0.18878418,1.1545035,1.6687258,0.04731517,0.078102104,74.59319,2.0260653,1.4227747,true,true,true
586,10.490073,2,9.676635,0.20397238,1.1529366,1.519083,0.04233939,0.07231909,74.61822,2.0267627,1.4239659,true,true,true
587,10.520396,2,9.676264,0.23108387,1.1520561,1.2407063,0.033923674,0.061414525,74.65584,2.0277915,1.4258282,true,true,true
588,10.54001,2,9.677806,0.24416606,1.1507361,1.0586733,0.02868288,0.054175146,74.676605,2.0283542,1.4268909,true,true,true
589,10.550488,2,9.679784,0.2452613,1.1495925,0.96080816,0.025877256,0.050244194,74.686676,2.0286252,1.4274173,true,true,true
590,10.571381,2,9.680545,0.2508727,1.1300098,0.7643564,0.020364482,0.04189019,74.702644,2.0290506,1.4282924,true,true,true
591,10.580113,2,9.68064,0.25409484,1.1211221,0.6817111,0.01807395,0.038278136,74.708595,2.0292084,1.4286267,true,true,true
592,10.600483,2,9.6827755,0.26237926,1.1095873,0.48777327,0.01286744,0.029521307,74.71853,2.0294704,1.429228,true,true,true
593,10.620335,2,9.68326,0.27071285,1.0998923,0.29714617,0.0079148915,0.020664183,74.72443,2.0296276,1.4296381,true,true,true
594,10.630478,2,9.683655,0.27105874,1.0875521,0.19913308,0.0053712334,0.015964009,74.72645,2.0296822,1.4298,true,true,true
595,10.65043,2,9.684354,0.2752896,1.0704771,0.0,0.0,0.0,74.72645,2.0296822,1.4298,false,false,false
596,10.660041,3,9.68475,0.27410477,1.0590339,0.0,0.0,0.0,74.72645,2.0296822,1.4298,false,false,false
597,10.680013,3,9.685491,0.27858493,1.0411117,0.19343862,0.005563898,0.020793084,74.73031,2.0297933,1.4302154,true,true,true
598,10.690065,3,9.685927,0.2810568,1.030212,0.29056203,0.008381278,0.03112433,74.73323,2.0298774,1.4305283,true,true,true
599,10.710133,3,9.686817,0.28454983,1.0165439,0.4829595,0.014026853,0.0513201,74.74292,2.030159,1.4315581,true,true,true
600,10.73013,3,9.687792,0.28896353,1.0017873,0.6727392,0.019677192,0.07094935,74.75637,2.0305524,1.432977,true,true,true
601,10.740177,3,9.690074,0.2891903,0.99477786,0.7673632,0.022494055,0.08066459,74.764084,2.0307784,1.4337873,true,true,true
602,10.770255,3,9.689965,0.29457232,0.9743441,1.0476624,0.03099232,0.10883053,74.79559,2.0317106,1.4370607,true,true,true
603,10.7901125,3,9.69113,0.29751918,0.95928496,1.2302893,0.036581933,0.12687622,74.82002,2.032437,1.4395801,true,true,true
604,10.811584,3,9.690696,0.30047157,0.9417325,1.425572,0.04261857,0.14578903,74.85063,2.0333521,1.4427105,true,true,true
605,10.820807,3,9.691409,0.29986858,0.93340987,1.5087615,0.045183316,0.15376464,74.86455,2.033769,1.4441286,true,true,true
606,10.84004,3,9.692564,0.30013984,0.9207395,1.6809118,0.050493095,0.17001477,74.89687,2.03474,1.4473985,true,true,true
607,10.849999,3,9.693352,0.29956236,0.9147303,1.7693434,0.053213537,0.17829609,74.9145,2.03527,1.4491742,true,true,true
608,10.87071,3,9.694538,0.30152982,0.9031266,1.9517065,0.058860973,0.19511768,74.95492,2.036489,1.4532152,true,true,true
609,10.920655,3,9.695122,0.30677688,0.8727441,2.3828063,0.07245965,0.23327632,75.07393,2.040108,1.4648663,true,true,true
610,10.93059,3,9.695888,0.30747,0.8742326,2.4670923,0.07512373,0.24073088,75.098434,2.0408542,1.4672577,true,true,true
611,10.950172,3,9.697013,0.30696452,0.87122965,2.6318429,0.080319285,0.2552216,75.14997,2.042427,1.4722557,true,true,true
612,10.960093,3,9.69796,0.30793485,0.86945516,2.714587,0.08293738,0.26247066,75.1769,2.0432498,1.4748594,true,true,true
613,10.98011,3,9.699235,0.30733347,0.8668695,2.8801076,0.08816056,0.27689603,75.23456,2.0450146,1.4804022,true,true,true
614,11.010118,3,9.69898,0.30722457,0.8591507,3.1245139,0.09586677,0.29790968,75.328316,2.0478914,1.4893416,true,true,true
615,11.040046,3,9.698625,0.30941463,0.8524274,3.3638432,0.10347474,0.31821463,75.428986,2.0509882,1.4988651,true,true,true
616,11.060002,3,9.700838,0.31343773,0.83262783,3.5210252,0.108548656,0.33110854,75.49925,2.0531545,1.505473,true,true,true
617,11.0704155,3,9.698894,0.31148255,0.8547456,3.6022384,0.11115042,0.33798683,75.536766,2.054312,1.5089924,true,true,true
618,11.090071,3,9.70012,0.310314,0.85589224,3.7540984,0.11599114,0.35084346,75.61055,2.0565917,1.5158882,true,true,true
619,11.110431,3,9.701091,0.3109504,0.86135733,3.909416,0.12095326,0.36406714,75.69015,2.0590544,1.5233006,true,true,true
620,11.120288,3,9.699962,0.31164774,0.8614734,3.9838655,0.12333866,0.37039524,75.729416,2.06027,1.5269517,true,true,true
621,11.150015,3,9.699102,0.31092495,0.8607616,4.205465,0.13041696,0.38916197,75.85443,2.064147,1.5385203,true,true,true
622,11.170153,3,9.699975,0.31182992,0.8641099,4.353124,0.13514993,0.40168944,75.94209,2.0668685,1.5466095,true,true,true
623,11.190018,3,9.701472,0.31321585,0.8612186,4.4968524,0.13978271,0.4137893,76.031425,2.0696454,1.5548295,true,true,true
624,11.200035,3,9.701597,0.3135211,0.86641085,4.568591,0.1420979,0.41986728,76.07719,2.0710688,1.5590353,true,true,true
625,11.222851,3,9.702211,0.31231692,0.86986,4.7301583,0.14728393,0.43360105,76.18511,2.0744293,1.5689284,true,true,true
626,11.230011,3,9.700933,0.31089506,0.87022847,4.780322,0.14888403,0.43785948,76.21934,2.0754952,1.5720634,true,true,true
627,11.250761,3,9.699739,0.31138894,0.8717768,4.924247,0.1534851,0.45008665,76.32152,2.07868,1.5814028,true,true,true
628,11.260025,3,9.700378,0.31177008,0.8743458,4.987823,0.15552057,0.45549926,76.36772,2.0801208,1.5856225,true,true,true
629,11.280126,3,9.699268,0.31229848,0.8775684,5.1242933,0.15990055,0.46715957,76.470726,2.083335,1.5950129,true,true,true
630,11.302665,3,9.69814,0.31272557,0.88503116,5.2749205,0.16474451,0.4801601,76.589615,2.087048,1.6058352,true,true,true
631,11.310031,3,9.698804,0.31324416,0.8889071,5.3236084,0.16631377,0.48438182,76.62883,2.088273,1.6094031,true,true,true
632,11.33002,3,9.699507,0.31189898,0.8934174,5.454399,0.1705016,0.49579057,76.73786,2.0916812,1.6193135,true,true,true
633,11.34018,3,9.698386,0.3124103,0.89448863,5.5201106,0.1726109,0.5015231,76.793945,2.093435,1.624409,true,true,true
634,11.360051,3,9.699023,0.31113935,0.89749724,5.6471705,0.17666328,0.5126442,76.90616,2.0969455,1.6345958,true,true,true
635,11.370591,3,9.699649,0.3099658,0.9009495,5.7137823,0.17877473,0.5184986,76.966385,2.0988297,1.6400608,true,true,true
636,11.38994,3,9.700255,0.3104706,0.9062771,5.8346515,0.18261439,0.5292033,77.07928,2.102363,1.6503004,true,true,true
637,11.40998,3,9.698976,0.31118897,0.91249114,5.9578648,0.18654242,0.54021585,77.19867,2.1061015,1.6611263,true,true,true
638,11.440196,3,9.699422,0.3119342,0.9196563,6.139913,0.19236608,0.5566541,77.38419,2.1119142,1.6779461,true,true,true
639,11.450796,3,9.699734,0.31123817,0.92384356,6.2027135,0.19436708,0.5623561,77.44994,2.1139743,1.683907,true,true,true
640,11.47189,3,9.700209,0.31196845,0.92635167,6.3260474,0.198311,0.5735874,77.58338,2.1181574,1.6960063,true,true,true
641,11.490247,3,9.698481,0.31298807,0.93009895,6.4315553,0.2017038,0.5832472,77.70144,2.1218598,1.7067124,true,true,true
642,11.502776,3,9.6987505,0.31371215,0.9347319,6.5026193,0.2039977,0.589801,77.78291,2.1244156,1.714102,true,true,true
643,11.520329,3,9.69715,0.31451255,0.94277114,6.600849,0.20718323,0.59899086,77.89878,2.1280522,1.7246162,true,true,true
644,11.550088,3,9.695398,0.31548727,0.9524085,6.763858,0.2125001,0.6145025,78.10006,2.1343758,1.7429025,true,true,true
645,11.560153,3,9.695599,0.31460124,0.95519465,6.818006,0.21425745,0.619676,78.168686,2.1365323,1.7491395,true,true,true
646,11.582232,3,9.695491,0.3154637,0.96302146,6.935034,0.2180747,0.63101864,78.32181,2.1413472,1.7630718,true,true,true
647,11.600346,3,9.693769,0.31624484,0.96802837,7.0292134,0.22116219,0.640231,78.44913,2.145353,1.7746683,true,true,true
648,11.610112,3,9.693918,0.31526965,0.971025,7.0793285,0.22279572,0.6451592,78.51827,2.1475291,1.7809696,true,true,true
649,11.630845,3,9.693812,0.31596282,0.9782039,7.184148,0.22622712,0.65560997,78.66722,2.1522195,1.7945623,true,true,true
650,11.64007,3,9.692263,0.3148808,0.9810554,7.2300906,0.22772181,0.6602166,78.73392,2.1543202,1.8006529,true,true,true
651,11.66013,3,9.692291,0.31534898,0.9824858,7.3285465,0.23093444,0.6701145,78.88093,2.1589527,1.8140954,true,true,true
652,11.672094,3,9.692381,0.31432137,0.9827858,7.386328,0.23280771,0.6759252,78.96931,2.1617382,1.8221828,true,true,true
653,11.689951,3,9.692381,0.31498942,0.98167783,7.4712496,0.23557277,0.6844433,79.10272,2.1659448,1.8344048,true,true,true
654,11.710081,3,9.692414,0.3141127,0.9827196,7.5650964,0.238611,0.6938738,79.255005,2.170748,1.8483725,true,true,true
655,11.721011,3,9.69088,0.31313583,0.98235655,7.6151986,0.24022283,0.6989048,79.33824,2.1733737,1.8560115,true,true,true
656,11.740202,3,9.690891,0.31396136,0.982471,7.701743,0.24302249,0.70759475,79.486046,2.1780376,1.869591,true,true,true
657,11.750021,3,9.691154,0.31481263,0.9823594,7.7453237,0.24444051,0.71196795,79.562096,2.1804378,1.8765818,true,true,true
658,11.789936,3,9.690811,0.31587952,0.9849188,7.9175715,0.2500886,0.72934735,79.87813,2.1904202,1.9056937,true,true,true
659,11.799924,3,9.69118,0.315107,0.98363435,7.9594474,0.25145435,0.73355776,79.95763,2.1929317,1.9130204,true,true,true
660,11.850217,3,9.691074,0.31639576,0.9852964,8.162829,0.25815368,0.7540779,80.36816,2.205915,1.9509453,true,true,true
661,11.870397,3,9.691562,0.3156096,0.9856149,8.240939,0.26071215,0.76195955,80.53446,2.2111762,1.9663216,true,true,true
662,11.910093,3,9.692063,0.31687427,0.985292,8.388751,0.26560512,0.7768519,80.86747,2.22172,1.9971603,true,true,true
663,11.930598,3,9.69255,0.31798255,0.9877856,8.462068,0.26805648,0.78428423,81.040985,2.2272165,2.013242,true,true,true
664,11.940432,3,9.693268,0.31916654,0.9873856,8.496497,0.26921982,0.78776926,81.124535,2.2298636,2.0209882,true,true,true
665,11.960127,3,9.691679,0.3204767,0.98587006,8.563993,0.27152914,0.7945731,81.293205,2.2352114,2.0366373,true,true,true
666,11.980541,3,9.692347,0.3218491,0.9841441,8.6319475,0.2738853,0.8013838,81.46942,2.2408025,2.0529966,true,true,true
667,11.990079,3,9.693052,0.32080707,0.98593533,8.663,0.2749534,0.80451095,81.55205,2.2434251,2.0606701,true,true,true
668,12.010082,3,9.693922,0.31972483,0.9855767,8.726684,0.27712446,0.8109131,81.72661,2.2489684,2.076891,true,true,true
669,12.020804,3,9.69483,0.32047066,0.98731405,8.7600155,0.27826983,0.8142804,81.82053,2.251952,2.0856216,true,true,true
670,12.0600195,3,9.697538,0.31620693,0.98811764,8.877206,0.2821351,0.8261338,82.168655,2.2630157,2.1180184,true,true,true
671,12.070413,3,9.696818,0.3185688,0.98934406,8.906985,0.2831428,0.82915807,82.26122,2.2659585,2.1266358,true,true,true
672,12.090076,3,9.695673,0.31695542,0.98903584,8.961849,0.28497043,0.8347251,82.43745,2.271562,2.1430497,true,true,true
673,12.120393,3,9.696745,0.31456494,0.98684555,9.042729,0.2875944,0.8428594,82.711586,2.2802808,2.1686018,true,true,true
674,12.13002,3,9.697303,0.31585738,0.9884706,9.067471,0.28840932,0.8453612,82.79888,2.2830575,2.17674,true,true,true
675,12.150112,3,9.697129,0.31547782,0.9890831,9.117631,0.29005474,0.8504443,82.98207,2.288885,2.1938272,true,true,true
676,12.170312,3,9.694798,0.31507468,0.9875951,9.166007,0.29163575,0.85531956,83.16722,2.2947762,2.2111046,true,true,true
677,12.181152,3,9.694939,0.31576353,0.98830026,9.191138,0.29246473,0.85785866,83.26685,2.2979465,2.220404,true,true,true
678,12.200035,3,9.69499,0.31697932,0.9891741,9.233534,0.29388684,0.8621566,83.44121,2.303496,2.236684,true,true,true
679,12.210011,3,9.695345,0.3161222,0.9896815,9.255224,0.2946065,0.86435956,83.53353,2.3064346,2.245306,true,true,true
680,12.229963,3,9.695589,0.3170031,0.9927181,9.297141,0.29601586,0.86867607,83.71904,2.312341,2.2626388,true,true,true
681,12.252382,3,9.694176,0.31788206,0.995935,9.341866,0.2975431,0.87335885,83.928474,2.3190117,2.2822187,true,true,true
682,12.260067,3,9.694371,0.31882456,0.99880475,9.356627,0.29805538,0.8749277,84.00038,2.3213022,2.2889426,true,true,true
683,12.275182,3,9.69281,0.31813958,1.0006489,9.384789,0.29902497,0.8779545,84.142235,2.3258219,2.302213,true,true,true
684,12.290523,3,9.691153,0.31914976,1.0028764,9.412193,0.29998723,0.88094294,84.28663,2.330424,2.3157275,true,true,true
685,12.31005,3,9.691045,0.32020372,1.005217,9.4453945,0.30117816,0.88462085,84.47107,2.3363051,2.3330014,true,true,true
686,12.320267,3,9.691096,0.31953412,1.0068939,9.462018,0.3017701,0.88648576,84.56774,2.3393884,2.3420587,true,true,true
687,12.340057,3,9.690926,0.3206782,1.01121,9.492749,0.30289188,0.89003396,84.755615,2.345383,2.3596733,true,true,true
688,12.360559,3,9.690728,0.32193998,1.0141573,9.522544,0.3040138,0.8935618,84.95084,2.351616,2.377993,true,true,true
689,12.370277,3,9.690818,0.3213176,1.0158299,9.535943,0.30451605,0.8951762,85.04351,2.3545752,2.3866925,true,true,true
690,12.400037,3,9.6904335,0.3228755,1.0188872,9.574067,0.3060064,0.8999148,85.32842,2.3636816,2.4134731,true,true,true
691,12.421487,3,9.690334,0.32254198,1.0189927,9.598836,0.30698565,0.9030557,85.53432,2.3702664,2.4328437,true,true,true
692,12.430068,3,9.688672,0.32192653,1.0195957,9.608095,0.30735147,0.9042524,85.61677,2.3729038,2.440603,true,true,true
693,12.470447,3,9.688163,0.32196587,1.0233933,9.6467705,0.30891645,0.90953875,86.006294,2.3853776,2.4773293,true,true,true
694,12.480187,3,9.688354,0.3232469,1.0238476,9.654897,0.30926737,0.9106954,86.10034,2.3883903,2.4862003,true,true,true
695,12.511706,3,9.688052,0.32307363,1.026837,9.6779785,0.3102935,0.9142043,86.40538,2.3981705,2.5150151,true,true,true
696,12.529983,3,9.688128,0.324532,1.0260422,9.68912,0.31084234,0.91599506,86.58246,2.4038515,2.531756,true,true,true
697,12.580025,3,9.687781,0.32440236,1.0299553,9.71118,0.31206512,0.92023224,87.06843,2.419468,2.5778062,true,true,true
698,12.590072,3,9.688093,0.32560924,1.0281523,9.714123,0.31227446,0.9209126,87.16602,2.4226053,2.5870585,true,true,true
699,12.610049,3,9.688123,0.3250374,1.0297445,9.718497,0.31263128,0.92214614,87.360176,2.4288511,2.6054811,true,true,true
700,12.620401,3,9.688481,0.32611656,1.0278761,9.719994,0.31280226,0.92268693,87.4608,2.4320893,2.615033,true,true,true
701,12.640376,3,9.688614,0.325519,1.0269239,9.721388,0.3130718,0.9235586,87.65498,2.438343,2.633481,true,true,true
702,12.660199,3,9.688856,0.3247842,1.0278772,9.720833,0.31326154,0.9242436,87.84768,2.444553,2.6518023,true,true,true
703,12.690031,3,9.690509,0.32111236,1.0246029,9.7163925,0.31331912,0.92480344,88.137535,2.4538999,2.6793911,true,true,true
704,12.700147,3,9.689201,0.32615477,1.0330139,9.713878,0.3133573,0.9249765,88.2358,2.4570699,2.6887481,true,true,true
705,12.720738,3,9.687053,0.33277455,1.043781,9.707154,0.3135208,0.92539114,88.43569,2.463526,2.7078037,true,true,true
706,12.740011,3,9.689998,0.32097608,1.0264217,9.699025,0.313385,0.9252509,88.62262,2.4695659,2.725636,true,true,true
707,12.750118,3,9.6883545,0.32485765,1.0316446,9.694012,0.31332922,0.9251552,88.7206,2.4727328,2.7349865,true,true,true
708,12.770353,3,9.688914,0.3234351,1.0296377,9.682472,0.3131397,0.92476845,88.91652,2.4790692,2.7536993,true,true,true
709,12.780321,3,9.68928,0.32214868,1.0296669,9.676049,0.31300947,0.92450225,89.01297,2.4821894,2.7629147,true,true,true
710,12.800295,3,9.689472,0.3211106,1.0313876,9.661707,0.3126799,0.9238527,89.205956,2.4884348,2.7813678,true,true,true
711,12.810273,3,9.689487,0.3219469,1.0300392,9.653807,0.3124997,0.9234394,89.302284,2.4915528,2.790582,true,true,true
712,12.830138,3,9.689399,0.32104698,1.030469,9.636614,0.3120756,0.92247576,89.49371,2.4977522,2.808907,true,true,true
713,12.850021,3,9.689316,0.32178605,1.0309205,9.617454,0.31160262,0.92132086,89.68494,2.5039477,2.8272257,true,true,true
714,12.860412,3,9.68753,0.32276988,1.0297616,9.606647,0.31134054,0.9206261,89.78475,2.5071826,2.836791,true,true,true
715,12.882602,3,9.687201,0.32370272,1.0303234,9.581778,0.31074363,0.9189724,89.99737,2.514078,2.857183,true,true,true
716,12.910596,3,9.686858,0.3230103,1.0309023,9.54693,0.30985883,0.91654825,90.264626,2.522752,2.8828409,true,true,true
717,12.930141,3,9.6865425,0.324094,1.0326927,9.520302,0.3091879,0.9146564,90.45071,2.5287955,2.9007187,true,true,true
718,12.939972,3,9.686416,0.32359114,1.0333712,9.506197,0.30882245,0.9136389,90.54415,2.5318313,2.9096997,true,true,true
719,12.959981,3,9.684453,0.32304853,1.0325094,9.475975,0.30801994,0.91139984,90.73376,2.5379944,2.9279358,true,true,true
720,12.972736,3,9.684403,0.3226509,1.0333006,9.455677,0.30746987,0.9098773,90.85436,2.5419161,2.9395413,true,true,true
721,12.990029,3,9.684508,0.32386267,1.0325397,9.426881,0.3067035,0.9076689,91.01738,2.54722,2.9552376,true,true,true
722,13.000367,3,9.684455,0.32326874,1.0331372,9.40896,0.30621636,0.90628296,91.11465,2.5503857,2.9646068,true,true,true
723,13.020949,3,9.684399,0.32432368,1.0339496,9.371712,0.30521733,0.90337986,91.30753,2.5566678,2.9832,true,true,true
724,13.040284,3,9.684308,0.32539794,1.0330784,9.334815,0.30423784,0.9004411,91.48802,2.5625503,3.00061,true,true,true
725,13.050042,3,9.684509,0.32457325,1.0337263,9.315496,0.3037128,0.8988927,91.578926,2.5655138,3.0093815,true,true,true
726,13.071397,3,9.68477,0.3252933,1.0348032,9.271584,0.30252585,0.8953598,91.776924,2.5719743,3.028502,true,true,true
727,13.099949,3,9.685004,0.324336,1.0360523,9.209365,0.3007976,0.8903127,92.03987,2.5805626,3.0539222,true,true,true
728,13.129959,3,9.68515,0.3251811,1.0374202,9.139641,0.29886594,0.8846058,92.314156,2.5895317,3.0804691,true,true,true
729,13.150214,3,9.687712,0.32294172,1.0383546,9.090122,0.29743534,0.88051635,92.498276,2.5955563,3.098304,true,true,true
730,13.179991,3,9.688167,0.32168344,1.0379865,9.013664,0.2951756,0.87411785,92.76668,2.6043458,3.1243327,true,true,true
731,13.210011,3,9.688738,0.32010925,1.0391375,8.932173,0.29270658,0.86724925,93.03482,2.613133,3.1503675,true,true,true
732,13.230106,3,9.689231,0.31866884,1.0383917,8.875149,0.29094428,0.8623825,93.21317,2.6189797,3.167698,true,true,true
733,13.261541,3,9.689918,0.31859034,1.0374078,8.781974,0.2880555,0.85433024,93.489235,2.6280348,3.1945539,true,true,true
734,13.290312,3,9.690709,0.31674182,1.0383896,8.69245,0.2852199,0.84655243,93.73932,2.6362407,3.2189093,true,true,true
735,13.300252,3,9.691035,0.3153139,1.0367949,8.660574,0.2841952,0.8437522,93.8254,2.6390655,3.227296,true,true,true
736,13.321052,3,9.69133,0.31381214,1.0366676,8.592301,0.28196868,0.83772886,94.00412,2.6449304,3.244721,true,true,true
737,13.340109,3,9.689822,0.3141424,1.0368657,8.527848,0.27987427,0.8320228,94.16663,2.650264,3.2605767,true,true,true
738,13.351466,3,9.690143,0.31267348,1.0372876,8.488588,0.27858174,0.82853997,94.26304,2.6534278,3.2699864,true,true,true
739,13.380904,3,9.690524,0.31276223,1.0351759,8.383877,0.27513805,0.8191472,94.50984,2.6615274,3.2941005,true,true,true
740,13.421659,3,9.69098,0.31264672,1.0346335,8.231876,0.270137,0.8054005,94.84533,2.6725368,3.3269246,true,true,true
741,13.430017,3,9.68913,0.31335035,1.0326407,8.1996765,0.26908442,0.8024611,94.913864,2.6747859,3.3336315,true,true,true
742,13.450072,3,9.689261,0.31396812,1.0280536,8.121011,0.2665256,0.7951727,95.07673,2.680131,3.3495786,true,true,true
743,13.460665,3,9.689445,0.31465423,1.0257657,8.078665,0.26515543,0.7912173,95.1623,2.6829395,3.3579593,true,true,true
744,13.4818,3,9.687602,0.31524706,1.0250177,7.9924774,0.26238036,0.78313977,95.33122,2.688485,3.374511,true,true,true
745,13.510587,3,9.68769,0.31567448,1.0240116,7.871543,0.25849795,0.7717467,95.55782,2.6959262,3.3967273,true,true,true
746,13.5315275,3,9.687733,0.31429347,1.0231291,7.781003,0.25556147,0.7631777,95.720764,2.701278,3.412709,true,true,true
747,13.540346,3,9.687853,0.3148461,1.0228444,7.742228,0.2543087,0.7595005,95.78904,2.7035208,3.4194071,true,true,true
748,13.6101675,3,9.687333,0.3150478,1.0209442,7.421661,0.24396528,0.72886986,96.30723,2.7205546,3.4702976,true,true,true
749,13.62155,3,9.6879425,0.31430975,1.02065,7.3671303,0.24219678,0.72364014,96.39108,2.7233112,3.478534,true,true,true
750,13.640204,3,9.687176,0.32852474,1.008975,7.276359,0.23951858,0.71470976,96.526825,2.7277794,3.4918668,true,true,true
751,13.650183,3,9.687711,0.3132037,1.0197216,7.22711,0.23791036,0.7099683,96.59894,2.7301533,3.498951,true,true,true
752,13.673327,3,9.687699,0.3134396,1.0187382,7.11098,0.23412408,0.69875413,96.76352,2.735572,3.5151236,true,true,true
753,13.680243,3,9.68778,0.31148976,1.019928,7.0757732,0.23296273,0.69535965,96.81245,2.737183,3.519932,true,true,true
754,13.700112,3,9.687802,0.30970898,1.0190719,6.973293,0.22954777,0.68545413,96.951004,2.7417443,3.533552,true,true,true
755,13.734093,3,9.68776,0.30978125,1.0174865,6.793524,0.22356382,0.6679997,97.18185,2.749341,3.5562506,true,true,true
756,13.75122,3,9.687808,0.3097058,1.0146282,6.7007565,0.22047642,0.6589325,97.29661,2.753117,3.567536,true,true,true
757,13.760217,3,9.687724,0.3096855,1.0156486,6.651445,0.21883556,0.6541194,97.35645,2.755086,3.5734212,true,true,true
758,13.780297,3,9.685833,0.3096577,1.0147406,6.539906,0.21512604,0.64321095,97.48778,2.7594059,3.5863376,true,true,true
759,13.80022,3,9.68574,0.3078553,1.0154417,6.4272823,0.2113462,0.632202,97.61582,2.7636163,3.5989323,true,true,true
760,13.81018,3,9.6857395,0.3081587,1.0166147,6.3702426,0.2094357,0.6266347,97.67927,2.7657022,3.6051736,true,true,true
761,13.830702,3,9.685636,0.30807236,1.0163428,6.2511706,0.20544739,0.6150005,97.807556,2.7699184,3.6177945,true,true,true
762,13.84017,3,9.685631,0.3083185,1.0148469,6.195535,0.20358701,0.60954714,97.86622,2.771846,3.6235657,true,true,true
763,13.861609,3,9.685526,0.30831584,1.0148476,6.067914,0.19932105,0.5970313,97.996315,2.7761195,3.6363661,true,true,true
764,13.910051,3,9.68518,0.30774173,1.0158881,5.7712016,0.18938386,0.56795,98.27589,2.7852936,3.6638787,true,true,true
765,13.921521,3,9.685137,0.30792058,1.0158168,5.6992507,0.18697801,0.5608902,98.341255,2.7874382,3.6703122,true,true,true
766,13.933294,3,9.685113,0.30818778,1.0169306,5.6247253,0.18448986,0.55358803,98.40748,2.7896101,3.6768296,true,true,true
767,13.950501,3,9.685078,0.30841282,1.0169265,5.5145707,0.18081729,0.5427896,98.502365,2.7927215,3.6861694,true,true,true
768,13.970559,3,9.685011,0.30684564,1.0180372,5.3843203,0.17644495,0.5300358,98.61037,2.7962606,3.696801,true,true,true
769,13.980791,3,9.685097,0.30718628,1.0189989,5.317114,0.1741932,0.52346146,98.66477,2.798043,3.702157,true,true,true
770,14.000197,3,9.685101,0.3073707,1.0189936,5.1882324,0.16988024,0.5108477,98.76546,2.8013396,3.7120705,true,true,true
771,14.020075,3,9.685504,0.30781108,1.0194728,5.054306,0.16540892,0.4977405,98.86592,2.8046274,3.7219641,true,true,true
772,14.050357,3,9.685734,0.30811575,1.0192896,4.846534,0.15848467,0.47738355,99.01268,2.8094265,3.7364202,true,true,true
773,14.060053,3,9.68592,0.30848336,1.0202868,4.7790523,0.15624017,0.47077742,99.05902,2.8109415,3.740985,true,true,true
774,14.080102,3,9.686328,0.30889535,1.0200236,4.6380563,0.15155956,0.4569618,99.15201,2.81398,3.7501466,true,true,true
775,14.100127,3,9.686653,0.3076136,1.0199234,4.495254,0.14679477,0.44295844,99.24203,2.8169196,3.7590168,true,true,true
776,14.132197,3,9.687126,0.30805132,1.0181674,4.262454,0.1390443,0.42005473,99.37872,2.8213787,3.7724879,true,true,true
777,14.14017,3,9.687342,0.3084487,1.018107,4.2037907,0.13709508,0.41427973,99.41224,2.8224719,3.775791,true,true,true
778,14.179948,3,9.687894,0.30895954,1.0163509,3.906457,0.1272385,0.38491857,99.56763,2.8275332,3.7911022,true,true,true
779,14.220795,3,9.688423,0.30962682,1.0166662,3.593035,0.11688082,0.35395107,99.71439,2.8323076,3.80556,true,true,true
780,14.240468,3,9.688729,0.3083549,1.0168746,3.439151,0.111772105,0.3387403,99.78205,2.8345065,3.8122241,true,true,true
781,14.270277,3,9.688867,0.30919778,1.0190543,3.2023501,0.10393835,0.31538564,99.87751,2.8376048,3.8216255,true,true,true
782,14.30006,3,9.689055,0.310054,1.0198379,2.9613872,0.09599489,0.29162735,99.965706,2.8404639,3.830311,true,true,true
783,14.320337,3,9.689541,0.31070998,1.0211759,2.7948408,0.09051886,0.2752234,100.02238,2.8422992,3.8358917,true,true,true
784,14.330053,3,9.6898155,0.30939665,1.021423,2.7143219,0.0878589,0.2672922,100.04875,2.8431528,3.8384888,true,true,true
785,14.350128,3,9.68799,0.31024343,1.0234685,2.546441,0.08233206,0.25079522,100.09987,2.8448055,3.8435235,true,true,true
786,14.3707,3,9.688076,0.31114033,1.0242844,2.3723452,0.07662005,0.23369585,100.148674,2.8463817,3.848331,true,true,true
787,14.379987,3,9.688281,0.31185248,1.0260764,2.2930682,0.074025854,0.22592317,100.16997,2.847069,3.850429,true,true,true
788,14.400122,3,9.6883,0.31292123,1.0271286,2.1197305,0.06837553,0.20894322,100.21265,2.8484457,3.8546362,true,true,true
789,14.409978,3,9.686303,0.31164986,1.0278233,2.034133,0.06557358,0.20056392,100.2327,2.849092,3.856613,true,true,true
790,14.461118,3,9.68569,0.31358477,1.0304174,1.5822779,0.050884277,0.15643276,100.313614,2.8516943,3.8646128,true,true,true
791,14.480021,3,9.682692,0.31504086,1.0236183,1.4119257,0.04537599,0.13965735,100.3403,2.8525522,3.8672528,true,true,true
792,14.490185,3,9.688464,0.31344345,1.0383785,1.3196744,0.042374775,0.1307143,100.353714,2.8529828,3.8685813,true,true,true
793,14.520545,3,9.685085,0.3154269,1.0350045,1.0409532,0.033371024,0.103585966,100.385315,2.8539958,3.8717263,true,true,true
794,14.539942,3,9.684818,0.31777275,1.0375707,0.8604905,0.02758685,0.0860602,100.40201,2.8545308,3.8733957,true,true,true
795,14.570472,3,9.684318,0.32161778,1.0302099,0.5726788,0.018478328,0.057866428,100.419495,2.855095,3.8751624,true,true,true
796,14.590007,3,9.684002,0.31922242,1.0245848,0.38610277,0.012525021,0.039469775,100.42704,2.8553395,3.8759334,true,true,true
797,14.600008,3,9.683755,0.31493208,1.0243763,0.0,0.0,0.0,100.42704,2.8553395,3.8759334,true,true,true
