Time,Rot1,Rot2,Rot3,Rot4,Rot5,Rot6,Rot7,Rot8,Rot9,FRot1,FRot2,FRot3,FRot4,FRot5,FRot6,FRot7,FRot8,FRot9,AccX,AccY,AccZ,GravX,GravY,GravZ,GyroX,GyroY,GyroZ,MagX,MagY,MagZ,Imid
0.0,0.0,0.0,0.0,0.0,0.0,0.0,0.0,0.0,0.0,0.0,0.0,0.0,0.0,0.0,0.0,0.0,0.0,0.0,-0.25378418,0.11491394,9.821014,-0.041137695,0.054763794,9.806351,0.0,0.0,0.0,0.0,0.0,0.0,0
0.004455566,0.6668253,0.74521124,-0.0020527001,-0.7452056,0.6668021,-0.006605629,-0.003553844,0.005934484,0.9999761,1.0,0.0,0.0,0.0,1.0,0.0,0.0,0.0,1.0,-0.04788208,0.0143585205,9.892838,-0.034851074,0.05819702,9.806351,0.0,0.0,0.0,-21.955872,19.592285,-19.651794,0
0.008911133,0.66713095,0.74493563,-0.0026689859,-0.7449348,0.6671077,-0.006281458,-0.002898781,0.006178776,0.99997675,0.999859,0.016783983,-5.6959916E-4,-0.016784249,0.99985904,-4.6737527E-4,5.616744E-4,4.7686967E-4,0.9999997,0.028717041,0.11012268,10.036484,-0.028427124,0.06059265,9.806351,0.08201599,-0.1448822,0.007446289,-21.955872,19.592285,-19.651794,0
0.013336182,0.6673149,0.74476945,-0.0030400911,-0.74477124,0.66729116,-0.0061856387,-0.002578249,0.006391941,0.9999763,0.9994469,0.03323333,-0.0011471519,-0.033234235,0.9994473,-7.811745E-4,0.0011205568,8.1886724E-4,0.999999,0.0622406,0.07182312,10.151413,-0.025283813,0.062683105,9.806351,0.052200317,-0.14381409,0.004257202,-21.955872,19.592285,-19.651794,0
0.017791748,0.6608134,0.7505434,-0.0032045422,-0.75054556,0.6607881,-0.006358074,-0.0026544873,0.006606655,0.99997467,0.99877995,0.04936316,-0.0013738491,-0.049364652,0.99878025,-0.001076236,0.001319047,0.0011427426,0.99999845,0.028717041,0.17237854,10.017334,-0.026031494,0.06478882,9.806351,0.04899597,-0.06285095,-0.0010681152,-22.135925,19.412231,-18.096924,0
0.022247314,0.6607086,0.7506366,-0.0029765156,-0.7506368,0.66068304,-0.006502304,-0.002914334,0.006530411,0.9999744,0.9978619,0.065345526,-0.0012375083,-0.06534718,0.9978617,-0.0013508615,0.0011465894,0.0014288409,0.99999833,0.07661438,0.12449646,10.127472,-0.028579712,0.06404114,9.806351,0.040481567,0.02128601,-0.004272461,-22.135925,19.412231,-18.096924,0
0.026702881,0.66052806,0.750797,-0.002583628,-0.7507939,0.660502,-0.0067638513,-0.0033717873,0.006407485,0.9999738,0.9967126,0.08101371,-8.76648E-4,-0.08101486,0.99671197,-0.0013667541,7.6303974E-4,0.0014332825,0.9999987,-0.10055542,0.1819458,10.09874,-0.033065796,0.06283569,9.806351,-0.022354126,0.06921387,-0.008529663,-22.135925,19.412231,-18.096924,0
0.031158447,0.6441631,0.7648844,-0.0023695673,-0.7648792,0.6441377,-0.0068024467,-0.0036767584,0.006194319,0.9999741,0.9953501,0.09632153,-3.915521E-4,-0.09632197,0.9953493,-0.0013291707,2.6170336E-4,0.0013607055,0.999999,-0.09576416,0.07661438,10.00296,-0.03605652,0.06074524,9.806351,-0.039398193,0.09585571,-0.0010681152,-21.418762,17.977905,-19.47937,0
0.035583496,0.64399165,0.76502967,-0.0020469239,-0.7650225,0.6439674,-0.0068076844,-0.003889929,0.0059500355,0.9999747,0.9937422,0.11169788,-3.4160577E-5,-0.111697845,0.99374145,-0.0012473846,-1.05383435E-4,0.0012433943,0.9999992,-0.22505188,0.09576416,9.916779,-0.038146973,0.05834961,9.806351,-0.04899597,0.06602478,0.0063934326,-21.418762,17.977905,-19.47937,0
0.040039062,0.64384323,0.76515543,-0.0017676913,-0.76514715,0.6438208,-0.0066912076,-0.003981737,0.0056606326,0.9999761,0.99193174,0.12677288,1.8417461E-4,-0.1267726,0.99193114,-0.0011159297,-3.2415814E-4,0.0010835779,0.99999934,-0.17237854,-0.04309082,10.079575,-0.03904724,0.055511475,9.806351,-0.05857849,0.03300476,0.0,-21.418762,17.977905,-19.47937,0
0.044494629,0.6801544,0.73306745,-0.0014080676,-0.7330579,0.68013257,-0.0067592263,-0.003997297,0.0056295134,0.99997616,0.9899344,0.14152649,2.973925E-4,-0.14152613,0.989934,-9.899326E-4,-4.3450066E-4,9.378796E-4,0.99999946,-0.0909729,-0.01914978,9.988602,-0.03919983,0.0552063,9.806351,-0.05432129,0.008514404,-0.0010681152,-22.314453,20.66803,-18.615723,0
0.048950195,0.6801877,0.7330365,-0.0014824333,-0.7330275,0.6801657,-0.006724569,-0.0039210543,0.0056606336,0.9999763,0.9879177,0.1549788,2.8716083E-4,-0.15497842,0.9879173,-0.0010423682,-4.4523613E-4,9.852704E-4,0.9999994,-0.1484375,-0.004776001,10.046066,-0.03845215,0.055511475,9.806351,-0.010635376,-0.0138549805,0.003189087,-22.314453,20.66803,-18.615723,0
0.053375244,0.68028,0.73295027,-0.0016888764,-0.7329422,0.68025684,-0.0067918915,-0.0038292492,0.005858238,0.9999755,0.9857619,0.1681471,1.9281358E-4,-0.16814676,0.9857612,-0.0011838999,-3.8913748E-4,0.0011346225,0.9999993,-0.004776001,0.0622406,10.084366,-0.03755188,0.05744934,9.806351,0.012786865,-0.028762817,0.0,-22.314453,20.66803,-18.615723,0
0.057830811,0.66637003,0.74561846,-0.002004067,-0.7456117,0.66634566,-0.006824408,-0.0037530034,0.006041838,0.9999747,0.983476,0.18103875,1.2177916E-4,-0.18103838,0.9834749,-0.0014599502,-3.8407432E-4,0.0014137793,0.9999989,0.009567261,0.03829956,10.022125,-0.0368042,0.059249878,9.806351,0.04260254,-0.017044067,-0.004272461,-21.777344,19.412231,-18.788147,0
0.062286377,0.66643256,0.7455624,-0.002134424,-0.7455563,0.66640747,-0.0068602115,-0.0036923187,0.0061632004,0.9999742,0.9809974,0.19402085,6.1636005E-5,-0.19402045,0.9809959,-0.0017516281,-4.0031708E-4,0.001706384,0.9999985,-0.009567261,0.028717041,9.993393,-0.036209106,0.060440063,9.806351,0.045806885,-0.01171875,-0.0063934326,-21.777344,19.412231,-18.788147,0
0.066741943,0.6664298,0.74556476,-0.0021288097,-0.7455583,0.66640425,-0.0069365506,-0.0037529995,0.006209876,0.9999736,0.9784035,0.20670421,1.5090045E-6,-0.20670381,0.9784016,-0.001978088,-4.1035557E-4,0.0019350562,0.9999981,-0.19631958,0.16279602,9.931137,-0.0368042,0.060897827,9.806351,0.031951904,-0.012786865,-0.0053253174,-21.777344,19.412231,-18.788147,0
0.071166992,0.6566374,0.7542032,-0.0022253667,-0.7541974,0.6566121,-0.006853697,-0.0037078778,0.006178759,0.9999741,0.97569925,0.21911405,-3.4784025E-6,-0.21911354,0.975697,-0.002151152,-4.6795377E-4,0.0020996395,0.9999977,0.0622406,-0.004776001,10.0269165,-0.036361694,0.06059265,9.806351,0.018112183,-0.0021362305,-0.008529663,-23.390198,20.309448,-18.615723,0
0.075622559,0.6565881,0.75424635,-0.0021163821,-0.75424,0.6565634,-0.0068181185,-0.0037530027,0.0060729557,0.9999745,0.972836,0.2314952,4.2462256E-5,-0.23149453,0.9728336,-0.0022426937,-5.6048157E-4,0.0021719437,0.99999744,-0.04788208,0.10533142,9.974243,-0.0368042,0.059555054,9.806351,-0.0021362305,0.006378174,-0.008529663,-23.390198,20.309448,-18.615723,0
0.080078125,0.6565267,0.7543003,-0.0019803129,-0.75429344,0.65650296,-0.0067402953,-0.0037841252,0.0059189196,0.9999753,0.96988976,0.24354437,1.2304424E-4,-0.24354349,0.96988744,-0.0022260826,-6.614889E-4,0.002129088,0.9999975,-0.05744934,0.07661438,10.065216,-0.037109375,0.058044434,9.806351,-0.027679443,0.008514404,0.003189087,-23.390198,20.309448,-18.615723,0
0.084533691,0.6538093,0.7566569,-0.0019750418,-0.7566498,0.6537855,-0.006767271,-0.003829248,0.005918919,0.9999752,0.966856,0.25532228,2.0879088E-4,-0.25532123,0.96685386,-0.0021720543,-7.5644406E-4,0.0020467548,0.9999976,-0.12927246,0.07661438,10.146622,-0.03755188,0.058044434,9.806351,-0.036209106,0.007446289,0.0021209717,-22.314453,19.233704,-18.269348,0
0.088989258,0.6538093,0.7566569,-0.0019750418,-0.7566498,0.6537855,-0.006767271,-0.003829248,0.005918919,0.9999752,0.9637125,0.26694214,2.9930164E-4,-0.2669409,0.96371037,-0.0022098864,-8.783519E-4,0.002049799,0.99999756,-0.04309082,0.03829956,9.935928,-0.03755188,0.058044434,9.806351,-0.017028809,0.013824463,-0.008529663,-22.314453,19.233704,-18.269348,0
0.093414307,0.65380526,0.75666034,-0.0019665048,-0.7566531,0.6537813,-0.0068009784,-0.0038603663,0.005934477,0.99997497,0.96049505,0.27829656,3.4295302E-4,-0.27829513,0.96049285,-0.0022850002,-9.6531166E-4,0.0020992893,0.9999973,-0.11012268,0.09576416,9.878464,-0.037857056,0.05819702,9.806351,-0.006378174,0.006378174,-0.009597778,-22.314453,19.233704,-18.269348,0
0.097869873,0.6556204,0.75508803,-0.0020103059,-0.75508076,0.6555958,-0.006876438,-0.0038743678,0.006026276,0.99997437,0.9572164,0.28937286,3.2894273E-4,-0.28937128,0.95721394,-0.0024160636,-0.0010140118,0.002217509,0.999997,-0.10055542,0.02394104,9.82579,-0.037994385,0.05909729,9.806351,0.0095825195,-0.0021362305,-0.0063934326,-23.031616,19.950867,-17.578125,0
0.102325439,0.6556691,0.75504535,-0.00212243,-0.75503844,0.6556436,-0.0069557647,-0.003860361,0.006163196,0.99997354,0.9539062,0.30010465,2.999663E-4,-0.3001029,0.9539032,-0.0026159189,-0.0010711881,0.0024053205,0.9999965,-0.06703186,0.13406372,10.036484,-0.037857056,0.060440063,9.806351,0.025558472,0.0,0.003189087,-23.031616,19.950867,-17.578125,0
0.106781006,0.6557275,0.7549942,-0.002257054,-0.75498796,0.65570116,-0.0070114867,-0.0038136793,0.0063016736,0.9999729,0.9505387,0.31060597,2.3959443E-4,-0.31060413,0.95053524,-0.0028052607,-0.0010990737,0.00259209,0.99999607,-0.0909729,0.13885498,9.964661,-0.037399292,0.061798096,9.806351,0.025558472,-0.0063934326,-0.0021362305,-23.031616,19.950867,-17.578125,0
0.111206055,0.6415525,0.76707536,-0.0023972304,-0.7670697,0.64152604,-0.0069562993,-0.00379812,0.006301674,0.99997294,0.94715077,0.3207887,1.3793149E-4,-0.32078692,0.9471467,-0.0029699143,-0.0010833564,0.00276871,0.9999956,-0.02394104,0.0622406,10.022125,-0.037246704,0.061798096,9.806351,0.0234375,-0.015991211,0.014892578,-22.853088,19.05365,-19.134521,0
0.115661621,0.641536,0.7670894,-0.0023635272,-0.7670836,0.6415097,-0.0069482205,-0.00381368,0.006270555,0.99997306,0.9435876,0.331123,9.87181E-5,-0.33112112,0.94358313,-0.003112282,-0.0011236968,0.0029040228,0.9999951,-0.05744934,-0.0143585205,9.94072,-0.037399292,0.06149292,9.806351,0.014907837,-0.0032043457,0.0053253174,-22.853088,19.05365,-19.134521,0
0.120117187,0.64153683,0.7670885,-0.0023654718,-0.7670825,0.64151037,-0.0069701388,-0.0038292392,0.006286114,0.9999729,0.9399783,0.34123436,4.5912922E-5,-0.34123254,0.93997365,-0.0031332334,-0.001112324,0.0029295043,0.9999951,-0.07661438,0.11491394,10.022125,-0.03755188,0.061645508,9.806351,-0.0095825195,-0.014923096,0.0,-22.853088,19.05365,-19.134521,0
0.124572754,0.6355869,0.7720259,-0.002295303,-0.77201927,0.63556063,-0.007006771,-0.0039506047,0.006225431,0.9999729,0.93634903,0.35107052,5.7072262E-5,-0.35106856,0.9363443,-0.0031970171,-0.0011758177,0.0029734876,0.9999949,-0.07661438,0.028717041,10.007751,-0.038742065,0.061050415,9.806351,-0.0053100586,0.0021209717,0.008514404,-23.21167,19.05365,-18.788147,0
0.128997803,0.6355124,0.77208763,-0.0021406051,-0.7720801,0.63548684,-0.006977414,-0.004026849,0.0060869525,0.99997336,0.93261325,0.3608774,1.8307858E-4,-0.36087492,0.9326085,-0.0032740775,-0.0013522811,0.0029873794,0.99999464,-0.03829956,-0.009567261,9.94072,-0.039489746,0.059692383,9.806351,-0.011703491,0.027679443,-0.0063934326,-23.21167,19.05365,-18.788147,0
0.133453369,0.6355072,0.7720919,-0.0021298395,-0.77208436,0.6354818,-0.006968501,-0.0040268493,0.0060729496,0.9999735,0.92886555,0.37041685,2.823911E-4,-0.37041402,0.9288609,-0.0032862087,-0.0014795692,0.0029478446,0.9999946,-0.04309082,0.02394104,10.050858,-0.039489746,0.059555054,9.806351,-0.023422241,0.017028809,0.0021209717,-23.21167,19.05365,-18.788147,0
0.137908936,0.62249804,0.7826183,-0.0021999362,-0.78261083,0.6224727,-0.006915006,-0.00404241,0.0060262713,0.9999736,0.9250893,0.37974945,3.0051148E-4,-0.37974644,0.9250846,-0.0033473405,-0.0015491493,0.0029824707,0.99999434,-0.06703186,-0.06703186,9.840164,-0.039642334,0.05909729,9.806351,-0.006378174,0.004257202,-0.0032043457,-23.570251,18.695068,-18.788147,0
0.142364502,0.6224821,0.78263104,-0.0021672538,-0.7826235,0.62245697,-0.006908737,-0.00405797,0.0059967088,0.9999738,0.92116386,0.38917488,3.2978598E-4,-0.38917148,0.92115873,-0.0034834612,-0.0016594607,0.003080495,0.99999386,-0.07661438,-0.004776001,10.046066,-0.039794922,0.058807373,9.806351,0.008514404,0.013824463,-0.0053253174,-23.570251,18.695068,-18.788147,0
0.146820068,0.62249684,0.78261924,-0.0021974554,-0.78261197,0.62247175,-0.006893141,-0.004026851,0.006010713,0.99997383,0.91723466,0.3983472,3.296876E-4,-0.3983436,0.91722924,-0.003585504,-0.0017306748,0.0031574196,0.9999935,0.02394104,0.07661438,9.888046,-0.039489746,0.058944702,9.806351,0.004257202,0.0053253174,0.0010681152,-23.570251,18.695068,-18.788147,0
0.151245117,0.64891195,0.7608606,-0.0020677815,-0.7608531,0.6488867,-0.006955759,-0.0039506075,0.0060869544,0.9999736,0.9132974,0.4072931,2.4524704E-4,-0.40728953,0.9132917,-0.0036748569,-0.0017207259,0.003256351,0.9999932,-0.08139038,0.0143585205,9.94072,-0.038742065,0.059692383,9.806351,0.0095825195,-0.012786865,0.0021209717,-23.031616,19.592285,-18.615723,0
0.155700684,0.6489,0.76087093,-0.0020420952,-0.76086307,0.64887434,-0.0070339274,-0.0040268484,0.006118071,0.9999732,0.9096485,0.41537884,1.0562083E-4,-0.41537544,0.9096421,-0.0038070302,-0.001677437,0.0034191872,0.9999927,-0.22984314,0.13406372,9.907196,-0.039489746,0.05999756,9.806351,0.024490356,-0.020248413,0.007446289,-23.031616,19.592285,-18.615723,0
0.16015625,0.64890975,0.76086265,-0.0020629317,-0.7608549,0.64888406,-0.0070333965,-0.0040128445,0.006133631,0.9999732,0.90598536,0.4233091,3.1085685E-5,-0.42330575,0.9059784,-0.0039302455,-0.0016918716,0.003547586,0.99999225,0.028717041,0.07182312,9.907196,-0.039352417,0.060150146,9.806351,0.017044067,-0.007461548,-0.0021362305,-23.031616,19.592285,-18.615723,0
0.164611816,0.6594028,0.75178736,-0.0019754178,-0.7517793,0.6593772,-0.0070496416,-0.003997285,0.006133631,0.9999732,0.90234447,0.43101555,-1.5417929E-5,-0.4310121,0.9023371,-0.0040434147,-0.0017288625,0.0036551983,0.99999183,-0.08139038,0.08139038,9.979019,-0.03919983,0.060150146,9.806351,0.012786865,-0.0021362305,0.0063934326,-21.777344,19.05365,-18.096924,0
0.169036865,0.65939796,0.75179154,-0.0019652026,-0.75178343,0.6593724,-0.0070613264,-0.0040128445,0.006133631,0.9999732,0.90234447,0.43101555,-1.5417929E-5,-0.4310121,0.9023371,-0.0040434147,-0.0017288625,0.0036551983,0.99999183,-0.08139038,0.08139038,9.979019,-0.039352417,0.060150146,9.806351,0.012786865,-0.0021362305,0.0063934326,-21.777344,19.05365,-18.096924,0
0.173492432,0.6593889,0.7517996,-0.0019457941,-0.75179124,0.65936327,-0.0070835277,-0.0040424075,0.00613363,0.99997306,0.89533573,0.44539195,2.44627E-5,-0.44538796,0.8953279,-0.0041790623,-0.0018832227,0.0037307683,0.99999124,-0.09576416,0.0622406,9.92157,-0.039642334,0.060150146,9.806351,0.0010681152,0.0053253174,0.008514404,-21.777344,19.05365,-18.096924,0
0.177947998,0.6598899,0.7513598,-0.0019527626,-0.7513514,0.6598641,-0.0070950896,-0.004042407,0.0061491886,0.9999729,0.89183336,0.45236403,5.6521385E-5,-0.45235974,0.8918255,-0.0042397687,-0.0019683263,0.0037555997,0.999991,-0.0335083,0.08139038,9.935928,-0.039642334,0.060302734,9.806351,-0.0053100586,0.0095825195,-0.004272461,-21.955872,19.233704,-18.960571,0
0.182403564,0.65989363,0.75135636,-0.0019605446,-0.75134826,0.65986806,-0.00706262,-0.0040128445,0.006133631,0.9999732,0.88835245,0.4591622,6.866269E-5,-0.45915776,0.8883445,-0.0042646416,-0.0020191583,0.0037569779,0.99999094,0.028717041,0.01914978,10.036484,-0.039352417,0.060150146,9.806351,-0.010635376,0.0021209717,-0.0053253174,-21.955872,19.233704,-18.960571,0
0.186828613,0.65986854,0.7513786,-0.0019090459,-0.75136995,0.6598429,-0.007097882,-0.0040735267,0.0061180694,0.99997294,0.88491684,0.46574897,7.463712E-5,-0.4657443,0.88490874,-0.0043386435,-0.0020867658,0.0038045775,0.9999906,-0.18673706,0.0143585205,9.907196,-0.03994751,0.05999756,9.806351,0.0,0.006378174,0.007446289,-21.955872,19.233704,-18.960571,0
0.19128418,0.6720832,0.7404735,-0.0017925682,-0.74046445,0.6720577,-0.0071281902,-0.0040735267,0.0061180694,0.99997294,0.881463,0.47225308,2.4508103E-5,-0.47224838,0.88145447,-0.0044183326,-0.002108174,0.0038830228,0.9999903,-0.0622406,0.07182312,9.864105,-0.03994751,0.05999756,9.806351,0.007446289,-0.004272461,-0.01171875,-21.238708,19.233704,-17.9245,0
0.195739746,0.672089,0.74046826,-0.0018050981,-0.7404592,0.6720633,-0.0071606394,-0.0040890854,0.0061491877,0.99997276,0.87821054,0.47827423,-1.5615602E-5,-0.4782695,0.8782017,-0.004479761,-0.0021288404,0.0039416417,0.99999,-0.08618164,0.12927246,9.998184,-0.040100098,0.060302734,9.806351,0.003189087,-0.004272461,-0.0010681152,-21.238708,19.233704,-17.9245,0
0.200195312,0.6720793,0.7404771,-0.0017842579,-0.7404679,0.6720537,-0.0071605286,-0.004103089,0.006133628,0.99997276,0.87501043,0.48410413,-6.3822954E-5,-0.4840993,0.8750011,-0.0045837727,-0.002163178,0.0040417453,0.9999895,-0.07182312,0.028717041,9.902405,-0.040237427,0.060150146,9.806351,0.012786865,-0.0010681152,0.01171875,-21.238708,19.233704,-17.9245,0
0.204650879,0.6720687,0.7404867,-0.0017613161,-0.7404774,0.6720433,-0.0071395896,-0.00410309,0.00610251,0.99997294,0.8717932,0.48987406,-1.5996117E-4,-0.48986936,0.8717833,-0.0046848767,-0.0021555482,0.004162604,0.99998903,-0.02394104,-0.0143585205,10.055634,-0.040237427,0.05984497,9.806351,0.018112183,-0.010665894,-0.008529663,-21.238708,19.233704,-17.9245,0
0.209075928,0.6720687,0.7404867,-0.0017613161,-0.7404774,0.6720433,-0.0071395896,-0.00410309,0.00610251,0.99997294,0.8686402,0.4954434,-2.257519E-4,-0.49543887,0.86863005,-0.0047027194,-0.0021338365,0.004196817,0.9999889,-0.07182312,0.05744934,10.117889,-0.040237427,0.05984497,9.806351,-0.0010681152,-0.0138549805,0.008514404,-21.238708,19.233704,-17.9245,0
0.213531494,0.67206925,0.74048626,-0.0017623763,-0.7404769,0.6720437,-0.007161569,-0.004118649,0.0061180685,0.99997276,0.8654924,0.5009219,-2.3770076E-4,-0.5009172,0.865482,-0.0047768163,-0.0021870863,0.004253367,0.99998856,-0.07182312,0.10055542,9.94072,-0.040390015,0.05999756,9.806351,0.004257202,0.003189087,-0.0021362305,-21.238708,19.233704,-17.9245,0
0.217987061,0.6457377,0.76355666,-0.0020000993,-0.7635482,0.64571196,-0.0070854425,-0.0041186493,0.0061025093,0.9999729,0.8623812,0.5062594,-2.807615E-4,-0.50625485,0.8623709,-0.004745879,-0.0021605252,0.0042348937,0.99998873,-0.04309082,0.009567261,10.093948,-0.040390015,0.05984497,9.806351,-0.012771606,-0.014923096,0.0010681152,-21.955872,18.51654,-19.651794,0
0.222442627,0.6457315,0.76356184,-0.0019882752,-0.76355326,0.6457059,-0.0070753796,-0.0041186498,0.00608695,0.99997294,0.8589348,0.5120849,-3.2716105E-4,-0.5120805,0.85892427,-0.0047625266,-0.0021578113,0.004258232,0.9999886,-0.028717041,0.0335083,9.950287,-0.040390015,0.059692383,9.806351,-0.0032043457,-0.009597778,-0.0021362305,-21.955872,18.51654,-19.651794,0
0.226867676,0.645726,0.7635667,-0.001977634,-0.7635581,0.64570045,-0.0070663234,-0.0041186498,0.006072947,0.99997306,0.85552377,0.5177634,-3.4098153E-4,-0.5177588,0.85551304,-0.0048244772,-0.0022062233,0.0043040016,0.9999883,-0.04788208,0.01914978,10.093948,-0.040390015,0.059555054,9.806351,0.0021209717,0.0021209717,0.0,-21.955872,18.51654,-19.651794,0
0.231323242,0.6585384,0.752545,-0.0018257237,-0.7525358,0.65851307,-0.0071119107,-0.0041497694,0.006057387,0.99997306,0.8521446,0.5233063,-3.3932494E-4,-0.5233015,0.8521336,-0.0048947968,-0.002272328,0.0043486436,0.99998796,-0.17237854,0.09576416,10.046066,-0.04069519,0.059402466,9.806351,0.0021209717,0.006378174,0.0,-21.418762,18.695068,-19.825745,0
0.235778809,0.6585237,0.75255793,-0.0017976108,-0.7525483,0.6584981,-0.007167786,-0.0042104507,0.006072945,0.9999727,0.8521446,0.5233063,-3.3932494E-4,-0.5233015,0.8521336,-0.0048947968,-0.002272328,0.0043486436,0.99998796,-0.17237854,0.09576416,10.046066,-0.041290283,0.059555054,9.806351,0.0021209717,0.006378174,0.0,-21.418762,18.695068,-19.825745,0
0.240234375,0.6585183,0.75256264,-0.0017874151,-0.7525529,0.65849274,-0.007179483,-0.0042260103,0.006072945,0.9999727,0.84579796,0.53350306,-3.748564E-4,-0.533498,0.84578645,-0.0050081126,-0.002354795,0.0044358373,0.99998736,-0.10533142,0.06703186,9.859314,-0.04144287,0.059555054,9.806351,0.008514404,0.007446289,-0.007461548,-21.418762,18.695068,-19.825745,0
0.244659424,0.66625583,0.7457213,-0.0017027995,-0.74571115,0.6662304,-0.007209163,-0.0042415694,0.0060729445,0.9999726,0.84268796,0.5384022,-3.8854638E-4,-0.53839695,0.8426761,-0.0050600087,-0.002396901,0.0044732,0.9999871,-0.07182312,0.07661438,9.935928,-0.04159546,0.059555054,9.806351,0.0010681152,0.0010528564,-0.004272461,-21.777344,19.412231,-19.47937,0
0.24911499,0.66625005,0.7457264,-0.0016912519,-0.7457163,0.6662247,-0.0071987836,-0.00424157,0.006057385,0.9999727,0.8397499,0.54297334,-4.2036595E-4,-0.54296803,0.8397378,-0.0051151803,-0.0024244094,0.004523717,0.9999868,-0.04788208,0.0143585205,10.189713,-0.04159546,0.059402466,9.806351,0.004257202,-0.0021362305,0.0063934326,-21.777344,19.412231,-19.47937,0
0.253570557,0.6662392,0.7457362,-0.001669386,-0.74572587,0.6662139,-0.007199996,-0.0042571295,0.0060418253,0.9999727,0.8368338,0.5474569,-4.5763305E-4,-0.5474518,0.83682156,-0.0051263175,-0.0024234809,0.004540407,0.99998677,-0.09576416,0.009567261,9.964661,-0.041748047,0.059249878,9.806351,-0.0032043457,-0.008529663,0.0010681152,-21.777344,19.412231,-19.47937,0
0.258026123,0.6522002,0.7580447,-0.001774092,-0.7580346,0.65217465,-0.007201778,-0.0043022516,0.006041824,0.99997246,0.83392435,0.5518786,-4.393661E-4,-0.5518729,0.8339118,-0.005239919,-0.0025254062,0.0046121706,0.9999862,-0.13406372,0.08139038,9.935928,-0.04219055,0.059249878,9.806351,0.0095825195,0.014892578,-0.010650635,-21.777344,18.695068,-17.75055,0
0.262481689,0.6522104,0.75803584,-0.0017959382,-0.7580259,0.6521848,-0.0072001554,-0.004286692,0.006057384,0.99997246,0.830866,0.5564723,-4.7917152E-4,-0.55646676,0.83085316,-0.0052756662,-0.002537641,0.004650015,0.999986,0.0,0.08139038,9.969452,-0.042037964,0.059402466,9.806351,0.0021209717,-0.005340576,-0.0010681152,-21.777344,18.695068,-17.75055,0
0.266906738,0.65218997,0.7580535,-0.0017522458,-0.75804317,0.65216446,-0.007203401,-0.004317811,0.0060262643,0.99997246,0.82783663,0.56096905,-4.8710546E-4,-0.5609632,0.8278234,-0.005354666,-0.0026005644,0.0047060368,0.9999855,-0.14364624,-0.009567261,10.017334,-0.04234314,0.05909729,9.806351,0.0063934326,0.006378174,-0.004272461,-21.777344,18.695068,-17.75055,0
0.271362305,0.6571045,0.7537975,-0.0017405639,-0.7537871,0.65707874,-0.007245313,-0.0043178108,0.0060729426,0.9999723,0.82482046,0.5653944,-5.3197844E-4,-0.56538856,0.8248068,-0.0054286756,-0.0026305637,0.0047784573,0.9999851,-0.0335083,0.16279602,9.959869,-0.04234314,0.059555054,9.806351,0.010650635,-0.0010681152,-0.0138549805,-20.880127,18.157959,-18.960571,0
0.275817871,0.65709245,0.753808,-0.0017172212,-0.75379765,0.65706694,-0.0072248373,-0.004317811,0.006041824,0.99997246,0.82195526,0.5695517,-5.729324E-4,-0.56954575,0.8219412,-0.0055046473,-0.0026642648,0.0048508854,0.9999847,-0.0335083,0.0143585205,10.060425,-0.04234314,0.059249878,9.806351,0.010650635,0.0,0.0021209717,-20.880127,18.157959,-18.960571,0
0.280273437,0.6570917,0.7538087,-0.0017157239,-0.7537983,0.6570663,-0.0072028837,-0.0043022525,0.006026265,0.9999726,0.81910825,0.5736387,-5.5480027E-4,-0.5736324,0.819094,-0.005551233,-0.0027299684,0.0048653125,0.9999844,-0.01914978,0.0,10.175354,-0.04219055,0.05909729,9.806351,-0.0021362305,0.007446289,-0.0053253174,-20.880127,18.157959,-18.960571,0
0.284698486,0.6738042,0.73890823,-0.0015445527,-0.7388972,0.67377895,-0.0072729695,-0.004333371,0.0060418234,0.9999724,0.81629837,0.57763016,-5.5991765E-4,-0.57762384,0.81628406,-0.0055639655,-0.0027568627,0.004865278,0.9999843,-0.10055542,0.11491394,9.959869,-0.042495728,0.059249878,9.806351,-0.0053100586,-0.0010681152,-0.0053253174,-22.314453,20.309448,-18.615723,0
0.289154053,0.673799,0.73891294,-0.0015331063,-0.73890185,0.6737738,-0.007262475,-0.0043333713,0.0060262643,0.99997246,0.8137729,0.5811827,-5.762456E-4,-0.5811763,0.8137583,-0.0056128767,-0.0027931824,0.004902507,0.9999841,-0.05265808,0.0335083,9.931137,-0.042495728,0.05909729,9.806351,0.003189087,0.0010528564,-0.010650635,-22.314453,20.309448,-18.615723,0
0.293609619,0.673819,0.7388948,-0.0015768743,-0.738884,0.6737936,-0.007260492,-0.0043022516,0.0060573835,0.9999724,0.81132877,0.5845898,-6.005161E-4,-0.58458334,0.8113141,-0.005631941,-0.0028051678,0.0049204077,0.99998397,0.0143585205,0.10533142,10.050858,-0.04219055,0.059402466,9.806351,-0.0010681152,-0.004272461,0.007446289,-22.314453,20.309448,-18.615723,0
0.298065186,0.64131206,0.7672778,-0.0018747629,-0.7672682,0.6412865,-0.007153801,-0.004286693,0.0060262657,0.9999727,0.8088928,0.5879559,-5.582997E-4,-0.58794916,0.8088781,-0.0056534153,-0.0028723625,0.0049012587,0.99998385,0.01914978,0.0,10.175354,-0.042037964,0.05909729,9.806351,-0.0095825195,0.008514404,-0.0032043457,-22.853088,19.05365,-19.47937,0
0.302490234,0.6413111,0.76727855,-0.0018728118,-0.767269,0.6412857,-0.007131883,-0.0042711343,0.0060107075,0.9999729,0.8059758,0.5919483,-5.8669643E-4,-0.5919414,0.80596083,-0.005706945,-0.002905362,0.0049469494,0.99998355,-0.01914978,0.0,9.835373,-0.041885376,0.058944702,9.806351,0.0053253174,0.0010528564,-0.0053253174,-22.853088,19.05365,-19.47937,0
0.306945801,0.6413102,0.7672794,-0.0018710565,-0.76726985,0.6412849,-0.0071121566,-0.004257131,0.005996704,0.99997294,0.8031173,0.59582067,-5.855686E-4,-0.5958137,0.80310225,-0.0057344926,-0.0029464578,0.00495436,0.9999834,0.009567261,0.03829956,9.897629,-0.041748047,0.058807373,9.806351,-0.0032043457,0.003189087,0.0021209717,-22.853088,19.05365,-19.47937,0
0.311401367,0.6394586,0.76882315,-0.0018900092,-0.76881367,0.6394332,-0.0071273455,-0.0042711343,0.0060107075,0.9999729,0.8003231,0.5995686,-6.0045323E-4,-0.5995614,0.80030763,-0.0058133206,-0.0030049372,0.0050125434,0.9999829,-0.06703186,0.08139038,10.046066,-0.041885376,0.058944702,9.806351,0.008514404,0.007446289,0.01171875,-22.314453,18.51654,-17.578125,0
0.315856934,0.6394278,0.76884896,-0.0018237391,-0.76883906,0.6394027,-0.007112395,-0.0043022544,0.0059500253,0.99997306,0.7975219,0.60328966,-6.5682014E-4,-0.6032825,0.79750603,-0.0058600428,-0.003011485,0.00506976,0.9999826,-0.13885498,-0.08618164,9.926346,-0.04219055,0.05834961,9.806351,0.008514404,-0.004272461,0.0053253174,-22.314453,18.51654,-17.578125,0
0.3203125,0.6394288,0.7688482,-0.0018257444,-0.7688382,0.6394036,-0.0071343095,-0.0043178136,0.0059655844,0.9999729,0.79475665,0.6069279,-6.851542E-4,-0.60692066,0.7947405,-0.0059014033,-0.0030372064,0.0051060133,0.99998236,-0.07661438,0.11491394,10.017334,-0.04234314,0.058502197,9.806351,0.004257202,0.0,0.004257202,-22.314453,18.51654,-17.578125,0
0.324737549,0.66689277,0.74515206,-0.0015981401,-0.7451414,0.66686785,-0.00718302,-0.004286694,0.005981144,0.9999729,0.7920135,0.6105032,-6.302099E-4,-0.6104956,0.7919975,-0.0059182364,-0.0031139778,0.0050720638,0.9999823,0.0143585205,0.0909729,10.041275,-0.042037964,0.058654785,9.806351,-0.011703491,0.011703491,-0.0021362305,-22.135925,19.770813,-18.788147,0
0.329193115,0.66688246,0.7451613,-0.0015762681,-0.74515057,0.6668576,-0.0071842168,-0.004302254,0.005965585,0.99997294,0.7897663,0.6134075,-6.803237E-4,-0.6134001,0.78975016,-0.0059227576,-0.0030957782,0.0050949045,0.99998224,-0.05744934,0.028717041,9.935928,-0.04219055,0.058502197,9.806351,0.0010681152,-0.009597778,0.0021209717,-22.135925,19.770813,-18.788147,0
0.333648682,0.66688126,0.74516225,-0.0015738427,-0.74515164,0.6668567,-0.007140274,-0.0042711357,0.005934467,0.99997324,0.78757936,0.6162129,-6.378535E-4,-0.6162052,0.7875634,-0.0059155775,-0.0031429054,0.0050520357,0.9999823,0.009567261,-0.02394104,10.012543,-0.041885376,0.05819702,9.806351,-0.013839722,0.0053253174,0.01171875,-22.135925,19.770813,-18.788147,0
0.338104248,0.6485149,0.7611999,-0.001750974,-0.7611897,0.6484899,-0.007143646,-0.004302254,0.005965585,0.99997294,0.78540343,0.6189838,-6.567263E-4,-0.61897594,0.7853871,-0.0059847133,-0.0031886564,0.0051069125,0.9999819,-0.10533142,0.12449646,9.955078,-0.04219055,0.058502197,9.806351,0.008514404,0.0053253174,0.003189087,-20.521545,17.440796,-18.615723,0
0.342529297,0.64850163,0.7612113,-0.0017256563,-0.7612012,0.64847696,-0.0071015027,-0.0042866957,0.005918908,0.99997336,0.7829931,0.6220302,-6.389334E-4,-0.6220223,0.78297687,-0.0059656985,-0.0032105744,0.0050685313,0.999982,-0.004776001,-0.0622406,9.883255,-0.042037964,0.058044434,9.806351,-0.012771606,0.0,0.015960693,-20.521545,17.440796,-18.615723,0
0.346984863,0.6485026,0.76121056,-0.0017274015,-0.76120037,0.64847773,-0.0071234386,-0.004302255,0.0059344666,0.9999732,0.78057265,0.6250647,-6.587829E-4,-0.6250567,0.7805564,-0.0059935194,-0.0032321205,0.0050901542,0.9999818,-0.08139038,0.10055542,9.888046,-0.04219055,0.05819702,9.806351,0.0010681152,0.0,-0.0010681152,-20.521545,17.440796,-18.615723,0
0.35144043,0.6444688,0.7646285,-0.0017650406,-0.7646185,0.6444439,-0.0071142055,-0.004302255,0.0059344666,0.9999732,0.7781893,0.6280294,-6.594062E-4,-0.6280214,0.778173,-0.0059827603,-0.0032442175,0.0050698407,0.9999819,-0.04309082,0.0622406,9.979019,-0.04219055,0.05819702,9.806351,-0.008514404,-0.0021362305,-0.0010681152,-21.59729,18.157959,-19.651794,0
0.355895996,0.6444496,0.76464486,-0.0017288462,-0.7646347,0.64442515,-0.0070631597,-0.0042866967,0.005873786,0.99997354,0.77574366,0.63104784,-7.093237E-4,-0.63104004,0.7757273,-0.0059805093,-0.0032237459,0.0050869538,0.9999819,-0.01914978,-0.09576416,10.012543,-0.042037964,0.05760193,9.806351,0.0,-0.009597778,-0.012786865,-21.59729,18.157959,-19.651794,0
0.360351562,0.6444549,0.7646404,-0.0017388248,-0.7646304,0.64443046,-0.0070512746,-0.0042711375,0.0058737863,0.9999736,0.7733676,0.63395745,-6.9718435E-4,-0.63394934,0.7733511,-0.006020462,-0.0032775486,0.0050980104,0.99998164,0.009567261,0.04309082,9.993393,-0.041885376,0.05760193,9.806351,-0.0010681152,0.007446289,-0.0010681152,-21.59729,18.157959,-19.651794,0
0.364776611,0.6725839,0.74001956,-0.0014406643,-0.74000865,0.67256016,-0.0070809927,-0.0042711385,0.005828665,0.9999739,0.7710316,0.6367964,-7.4427086E-4,-0.6367885,0.7710149,-0.006035434,-0.0032694987,0.0051274532,0.99998146,-0.05744934,-0.03829956,9.758759,-0.041885376,0.057159424,9.806351,0.003189087,-0.0063934326,0.0,-21.59729,19.592285,-18.960571,0
0.369232178,0.6725943,0.74000996,-0.0014624418,-0.7399991,0.6725704,-0.007100895,-0.004271138,0.0058582276,0.9999738,0.7692073,0.63899887,-7.793314E-4,-0.638991,0.76919043,-0.0060427235,-0.0032618393,0.0051460927,0.99998146,-0.04309082,0.12449646,10.036484,-0.041885376,0.05744934,9.806351,0.0010681152,-0.0063934326,-0.0010681152,-21.59729,19.592285,-18.960571,0
0.373687744,0.6725884,0.74001545,-0.0014500401,-0.7400046,0.6725646,-0.0070706382,-0.004257135,0.005828665,0.9999739,0.76739854,0.6411699,-7.767861E-4,-0.641162,0.76738167,-0.0060631717,-0.0032914316,0.0051509147,0.9999813,0.004776001,0.004776001,9.907196,-0.041748047,0.057159424,9.806351,-0.0021362305,0.0021209717,-0.0063934326,-21.59729,19.592285,-18.960571,0
0.378143311,0.6531871,0.7571948,-0.00162099,-0.7571846,0.65316325,-0.0070205266,-0.0042571356,0.005813106,0.9999741,0.7656738,0.64322853,-7.7967206E-4,-0.64322037,0.76565677,-0.006096352,-0.003324386,0.0051693185,0.9999811,-0.03829956,0.004776001,10.0269165,-0.041748047,0.057006836,9.806351,0.0010681152,0.003189087,0.012771606,-22.135925,19.05365,-19.47937,0
0.382568359,0.6531983,0.75718504,-0.001643271,-0.75717485,0.6531742,-0.00703986,-0.0042571346,0.0058426685,0.99997383,0.7635987,0.6456906,-8.331833E-4,-0.6456827,0.7635814,-0.0061124163,-0.0033105272,0.005205405,0.999981,-0.0335083,0.13406372,10.09874,-0.041748047,0.057296753,9.806351,0.0053253174,-0.007461548,-0.0032043457,-22.135925,19.05365,-19.47937,0
0.386962891,0.6532093,0.75717556,-0.0016651141,-0.75716555,0.6531852,-0.0070382664,-0.004241575,0.005858228,0.99997383,0.76158446,0.6480651,-8.2316366E-4,-0.6480569,0.7615672,-0.006133127,-0.0033477708,0.0052043516,0.99998087,0.009567261,0.0909729,9.92157,-0.04159546,0.05744934,9.806351,-0.0032043457,0.004257202,0.0063934326,-22.135925,19.05365,-19.47937,0
0.391326904,0.6588412,0.75228035,-0.001600842,-0.7522701,0.6588172,-0.0070402445,-0.004241575,0.0058426685,0.9999739,0.7595736,0.6504208,-8.508789E-4,-0.65041256,0.759556,-0.006182397,-0.0033748692,0.0052494085,0.9999805,-0.06703186,0.028717041,10.036484,-0.04159546,0.057296753,9.806351,0.007446289,0.0021209717,-0.004272461,-21.59729,18.875122,-18.615723,0
0.395690918,0.6588468,0.7522753,-0.0016124942,-0.75226504,0.6588227,-0.007050507,-0.004241575,0.005858228,0.99997383,0.7577084,0.6525928,-8.2279206E-4,-0.6525842,0.7576906,-0.0062230066,-0.0034376676,0.0052521657,0.99998033,-0.0143585205,0.09576416,10.09874,-0.04159546,0.05744934,9.806351,-0.0021362305,0.010650635,0.0010681152,-21.59729,18.875122,-18.615723,0
0.400054932,0.6588254,0.75229424,-0.0015684976,-0.7522839,0.6588016,-0.0070324405,-0.0042571356,0.005813106,0.9999741,0.75587445,0.654716,-8.5152755E-4,-0.6547075,0.7558565,-0.0062511964,-0.0034491254,0.0052826214,0.9999801,-0.08618164,-0.04788208,9.888046,-0.041748047,0.057006836,9.806351,0.004257202,-0.0010681152,0.0010681152,-21.59729,18.875122,-18.615723,0
0.404449463,0.6671872,0.74488854,-0.0014920955,-0.7448778,0.66716343,-0.0070703328,-0.0042711385,0.005828665,0.9999739,0.75407106,0.6567923,-8.3954586E-4,-0.65678346,0.754053,-0.006288328,-0.0034970636,0.005293247,0.99997985,-0.07661438,0.0909729,10.074799,-0.041885376,0.057159424,9.806351,0.0,0.007446289,0.0010681152,-22.314453,19.950867,-17.9245,0
0.408813477,0.6671872,0.74488854,-0.0014921457,-0.7448777,0.6671633,-0.007091265,-0.0042866976,0.005842668,0.9999738,0.7523941,0.6587127,-8.2469406E-4,-0.6587036,0.7523757,-0.00635144,-0.0035632947,0.0053220154,0.99997944,-0.10533142,0.07661438,10.060425,-0.042037964,0.057296753,9.806351,0.004257202,0.011703491,-0.017044067,-22.314453,19.950867,-17.9245,0
0.41317749,0.6671672,0.7449066,-0.0014471327,-0.7448957,0.6671437,-0.007050743,-0.0042866995,0.005781987,0.99997413,0.7508004,0.6605288,-7.506849E-4,-0.66051906,0.7507821,-0.0063935183,-0.0036595021,0.0052960976,0.9999793,-0.05265808,-0.07661438,9.907196,-0.042037964,0.05670166,9.806351,-0.008514404,0.01914978,0.0021209717,-22.314453,19.950867,-17.9245,0
0.417572021,0.6671586,0.7449144,-0.0014276628,-0.7449032,0.66713494,-0.007095877,-0.0043333774,0.005797545,0.99997383,0.74924,0.6622982,-7.372559E-4,-0.66228837,0.7492216,-0.006405724,-0.003690132,0.0052877003,0.9999792,-0.14364624,0.10055542,9.892838,-0.042495728,0.056854248,9.806351,-0.004257202,0.004257202,0.004257202,-22.314453,19.950867,-17.9245,0
0.421936035,0.6671441,0.74492735,-0.001395275,-0.74491596,0.66712064,-0.007085521,-0.004347381,0.005766426,0.9999739,0.7477066,0.6640289,-7.3978095E-4,-0.66401875,0.747688,-0.006471494,-0.0037441333,0.005330007,0.9999788,-0.10055542,-0.04309082,10.0316925,-0.042633057,0.056549072,9.806351,0.007446289,0.0095825195,0.004257202,-22.314453,19.950867,-17.9245,0
0.426300049,0.66713494,0.74493563,-0.0013745503,-0.7449241,0.6671115,-0.007087752,-0.004362941,0.0057524224,0.9999739,0.74620587,0.6657148,-7.8340643E-4,-0.6657048,0.7461869,-0.0064926213,-0.0037376664,0.005366349,0.9999786,-0.0622406,0.028717041,9.806641,-0.042785645,0.056411743,9.806351,0.0063934326,-0.004272461,0.0063934326,-22.314453,19.950867,-17.9245,0
0.43069458,0.6649615,0.7468764,-0.0013719545,-0.746865,0.66493833,-0.0070630256,-0.0043629417,0.005721304,0.99997413,0.7447128,0.66738445,-8.1128976E-4,-0.6673748,0.7446943,-0.006422142,-0.0036818753,0.0053240866,0.999979,-0.05744934,-0.028717041,9.830582,-0.042785645,0.056106567,9.806351,-0.011703491,-0.015991211,0.0,-21.238708,18.875122,-18.615723,0
0.435058594,0.6649552,0.74688196,-0.0013591172,-0.74687064,0.6649323,-0.0070307013,-0.0043473835,0.0056901863,0.9999744,0.743201,0.6690677,-7.9750316E-4,-0.6690581,0.7431827,-0.0063886624,-0.003681757,0.0052816365,0.99997926,0.004776001,-0.02394104,10.127472,-0.042633057,0.05580139,9.806351,-0.011703491,-0.0032043457,-0.0021362305,-21.238708,18.875122,-18.615723,0
0.439422607,0.6649552,0.74688196,-0.0013591172,-0.74687064,0.6649323,-0.0070307013,-0.0043473835,0.0056901863,0.9999744,0.74175835,0.6706667,-8.210733E-4,-0.6706571,0.74174,-0.0063831937,-0.0036719725,0.005285446,0.9999793,-0.02394104,0.05265808,10.00296,-0.042633057,0.05580139,9.806351,-0.0010681152,-0.005340576,0.012771606,-21.238708,18.875122,-18.615723,0
0.443817139,0.6464691,0.7629386,-0.0015308525,-0.76292783,0.64644593,-0.0069953166,-0.0043473835,0.0056901863,0.9999744,0.7403259,0.6722476,-8.393007E-4,-0.67223823,0.7403077,-0.0063453745,-0.003644322,0.005261855,0.99997956,-0.08139038,0.06703186,9.988602,-0.042633057,0.05580139,9.806351,-0.007446289,-0.009597778,0.007446289,-24.645996,20.846558,-18.443298,0
0.448181152,0.6464604,0.762946,-0.0015108145,-0.7629349,0.6464371,-0.00701904,-0.004378502,0.0056901854,0.9999742,0.7385365,0.674213,-8.2070543E-4,-0.6742036,0.7385185,-0.0063186754,-0.003654027,0.005219895,0.9999797,-0.08618164,0.07661438,10.022125,-0.042938232,0.05580139,9.806351,-0.011703491,-0.0010681152,-0.010650635,-24.645996,20.846558,-18.443298,0
0.452545166,0.6464715,0.7629366,-0.0015362675,-0.7629255,0.6464479,-0.007061108,-0.0043940605,0.005736863,0.9999739,0.7368301,0.6760774,-8.409831E-4,-0.67606795,0.7368118,-0.0063626086,-0.0036819698,0.0052567236,0.9999794,-0.08139038,0.15800476,9.916779,-0.04309082,0.056259155,9.806351,0.0063934326,0.003189087,0.007446289,-24.645996,20.846558,-18.443298,0
0.45690918,0.66846305,0.7437442,-0.0013167821,-0.74373245,0.66844,-0.007070564,-0.0043785013,0.0057057445,0.99997413,0.7351381,0.6779168,-8.0046826E-4,-0.677907,0.7351199,-0.0063945367,-0.0037465238,0.005243511,0.9999792,-0.02394104,-0.01914978,9.98381,-0.042938232,0.05595398,9.806351,-0.0053100586,0.011703491,0.0021209717,-23.031616,20.66803,-18.269348,0
0.461303711,0.6684625,0.7437447,-0.0013156014,-0.7437331,0.6684397,-0.0070276586,-0.0043473835,0.005676183,0.9999744,0.73385996,0.67930037,-8.30363E-4,-0.6792904,0.7338413,-0.0064510293,-0.003772832,0.0052982094,0.9999789,0.03829956,-0.01914978,10.036484,-0.042633057,0.055664063,9.806351,0.010650635,0.003189087,-0.0021362305,-23.031616,20.66803,-18.269348,0
0.465667725,0.6684625,0.7437447,-0.0013156014,-0.7437331,0.6684397,-0.0070276586,-0.0043473835,0.005676183,0.9999744,0.7326171,0.6806406,-7.833622E-4,-0.6806302,0.7325985,-0.0064770225,-0.0038346346,0.0052783573,0.9999787,-0.05265808,0.0622406,9.988602,-0.042633057,0.055664063,9.806351,-0.006378174,0.011703491,0.0021209717,-23.031616,20.66803,-18.269348,0
0.470031738,0.64912766,0.76067805,-0.0014963313,-0.7606671,0.6491045,-0.007012452,-0.0043629427,0.0056901863,0.99997437,0.7313687,0.68198174,-8.5593783E-4,-0.6819715,0.7313496,-0.006529209,-0.0038268117,0.0053589847,0.9999783,-0.08618164,0.07661438,9.945511,-0.042785645,0.05580139,9.806351,0.017044067,-0.004272461,-0.007461548,-23.21167,19.770813,-18.788147,0
0.47442627,0.6491116,0.76069176,-0.0014621532,-0.76068056,0.6490887,-0.006983132,-0.0043629436,0.0056450637,0.9999745,0.7298196,0.6836392,-8.932587E-4,-0.68362916,0.7298003,-0.0065402025,-0.0038192384,0.0053838254,0.99997824,-0.04309082,-0.05265808,9.811432,-0.042785645,0.055358887,9.806351,0.004257202,-0.004272461,0.0021209717,-23.21167,19.770813,-18.788147,0
0.478790283,0.64911246,0.7606911,-0.001463882,-0.76067996,0.64908946,-0.007005069,-0.0043785027,0.005660623,0.9999744,0.7282819,0.68527704,-9.386698E-4,-0.68526703,0.7282623,-0.006566682,-0.0038163986,0.0054256353,0.999978,-0.0622406,0.11012268,10.00296,-0.042938232,0.055511475,9.806351,0.008514404,-0.0032043457,-0.0032043457,-23.21167,19.770813,-18.788147,0
0.483154297,0.6433265,0.7655905,-0.0014931259,-0.7655795,0.6433037,-0.006973751,-0.0043785037,0.005629505,0.99997467,0.7267746,0.68687546,-9.4402186E-4,-0.6868653,0.7267547,-0.006604804,-0.0038506056,0.005448619,0.99997777,-0.03829956,-0.028717041,10.113098,-0.042938232,0.0552063,9.806351,0.004257202,0.0053253174,-0.0021362305,-23.570251,19.770813,-18.096924,0
0.487548828,0.64330655,0.7656073,-0.0014487504,-0.7655961,0.64328396,-0.0069565973,-0.004394064,0.0055843825,0.9999748,0.7251676,0.6885718,-9.458496E-4,-0.6885618,0.725148,-0.0065576304,-0.0038295186,0.0054066563,0.99997807,-0.1197052,-0.07182312,10.050858,-0.04309082,0.054763794,9.806351,-0.010635376,-0.007461548,-0.009597778,-23.570251,19.770813,-18.096924,0
0.491912842,0.6433155,0.7655997,-0.0014686888,-0.76558876,0.64329296,-0.0069327904,-0.0043629454,0.0055843834,0.99997497,0.7235914,0.6902278,-0.0010302663,-0.6902183,0.7235717,-0.006531964,-0.0037630717,0.005437582,0.9999781,0.05744934,0.05744934,10.050858,-0.042785645,0.054763794,9.806351,0.0063934326,-0.018112183,-0.008529663,-23.570251,19.770813,-18.096924,0
0.496276855,0.65450704,0.7560546,-0.0013649742,-0.7560434,0.65448475,-0.006931696,-0.0043473863,0.0055688242,0.9999751,0.722075,0.69181395,-0.0010602099,-0.6918045,0.7220551,-0.006556659,-0.0037704583,0.0054678572,0.99997795,-0.0143585205,0.0335083,9.897629,-0.042633057,0.054611206,9.806351,0.0063934326,-0.0010681152,0.0021209717,-22.673035,19.592285,-19.651794,0
0.500671387,0.6545129,0.75604963,-0.0013766855,-0.7560384,0.6544906,-0.0069418903,-0.004347386,0.005584384,0.999975,0.7207801,0.6931629,-0.0011165291,-0.6931536,0.72075975,-0.0065908376,-0.0037637746,0.0055244705,0.99997765,-0.05265808,0.08139038,9.955078,-0.042633057,0.054763794,9.806351,0.012786865,-0.004272461,-0.0010681152,-22.673035,19.592285,-19.651794,0
0.5050354,0.65450865,0.7560533,-0.00136812,-0.7560419,0.65448606,-0.006975593,-0.004378504,0.0055999416,0.9999747,0.7195024,0.694489,-0.0011750215,-0.6944797,0.71948147,-0.0066602356,-0.0037800542,0.0056080837,0.9999771,-0.12449646,0.08139038,9.959869,-0.042938232,0.05491638,9.806351,0.019165039,0.0010528564,-0.0032043457,-22.673035,19.592285,-19.651794,0
0.509399414,0.6052644,0.7960225,-0.0017981543,-0.7960124,0.6052412,-0.006887219,-0.0043940637,0.0055999416,0.99997467,0.7182733,0.6957602,-0.0011170895,-0.69575065,0.7182528,-0.0066426527,-0.0038193406,0.0055484558,0.99997735,-0.08139038,0.0622406,10.103531,-0.04309082,0.05491638,9.806351,-0.013839722,0.006378174,0.0053253174,-24.645996,18.695068,-19.825745,0
0.513763428,0.60526526,0.7960218,-0.0017998762,-0.7960116,0.6052419,-0.0069080815,-0.0044096224,0.0056139445,0.9999745,0.7161562,0.69793916,-0.0011108152,-0.69792956,0.7161358,-0.006615593,-0.0038217874,0.005513069,0.99997747,-0.0622406,0.09576416,9.892838,-0.04324341,0.05505371,9.806351,-0.008514404,-0.0021362305,-0.0032043457,-24.645996,18.695068,-19.825745,0
0.518157959,0.6052365,0.7960438,-0.0017433438,-0.7960334,0.6052135,-0.006882439,-0.0044236276,0.0055532632,0.9999748,0.7140814,0.70006174,-0.0011491291,-0.7000523,0.71406084,-0.0066286046,-0.003819884,0.005537813,0.9999774,-0.07661438,-0.0909729,10.046066,-0.043380737,0.05445862,9.806351,0.0053253174,-0.0032043457,-0.0010681152,-24.645996,18.695068,-19.825745,0
0.522521973,0.65098983,0.7590852,-0.0013768838,-0.75907385,0.65096754,-0.006948906,-0.004378505,0.005568824,0.99997497,0.71203506,0.70214295,-0.0012118141,-0.7021337,0.7120142,-0.0066407523,-0.0037999284,0.0055793035,0.99997723,0.0622406,0.0909729,9.969452,-0.042938232,0.054611206,9.806351,0.0095825195,-0.007461548,-0.0032043457,-21.418762,18.336487,-17.75055,0
0.526885986,0.650985,0.75908935,-0.0013667986,-0.75907785,0.6509626,-0.0069607077,-0.004394064,0.005568823,0.9999748,0.7108613,0.7033312,-0.0012147133,-0.70332193,0.71084064,-0.00662095,-0.0037932526,0.005560912,0.99997735,-0.08618164,0.07182312,9.979019,-0.04309082,0.054611206,9.806351,-0.004257202,-0.004272461,0.0,-21.418762,18.336487,-17.75055,0
0.531280518,0.6509815,0.75909233,-0.0013593967,-0.75908065,0.65095896,-0.0069932705,-0.004423627,0.0055843815,0.99997467,0.70971245,0.7044904,-0.0012395373,-0.7044813,0.70969146,-0.0066501014,-0.0038052439,0.00559289,0.9999772,-0.13406372,0.09576416,9.935928,-0.043380737,0.054763794,9.806351,0.007446289,0.0,0.0010681152,-21.418762,18.336487,-17.75055,0
0.535644531,0.66148484,0.74995756,-0.0012179951,-0.7499453,0.66146266,-0.00701427,-0.0044547464,0.0055532623,0.99997467,0.7085878,0.7056216,-0.0011861543,-0.7056119,0.7085668,-0.0067051584,-0.003890835,0.0055881585,0.9999768,-0.10533142,-0.04309082,10.079575,-0.043685913,0.05445862,9.806351,-0.0010681152,0.017028809,0.0021209717,-22.853088,20.129395,-17.059326,0
0.540008545,0.6614854,0.7499571,-0.0012193664,-0.74994475,0.6614631,-0.007036231,-0.0044703055,0.005568821,0.9999745,0.707671,0.7065412,-0.0011474842,-0.70653117,0.70765,-0.006724015,-0.0039387764,0.005569124,0.99997675,-0.10055542,0.11012268,10.017334,-0.0438385,0.054611206,9.806351,-0.004257202,0.008514404,-0.0010681152,-22.853088,20.129395,-17.059326,0
0.544403076,0.66149527,0.7499484,-0.0012428222,-0.749936,0.6614726,-0.007077763,-0.0044858637,0.0056139426,0.9999742,0.70676166,0.70745075,-0.0011807249,-0.7074406,0.7067403,-0.0067750774,-0.003958568,0.0056236577,0.9999764,-0.07661438,0.1484375,9.931137,-0.04399109,0.05505371,9.806351,0.012786865,0.0021209717,-0.004272461,-22.853088,20.129395,-17.059326,0
0.54876709,0.6235624,0.7817721,-0.001563511,-0.7817606,0.62353915,-0.0070428415,-0.0045309863,0.0056139417,0.9999741,0.70586306,0.7083474,-0.0011460076,-0.7083369,0.7058416,-0.0068166107,-0.0040196287,0.0056233536,0.9999761,-0.15322876,0.07182312,9.959869,-0.044433594,0.05505371,9.806351,0.0,0.011703491,-0.0063934326,-22.135925,17.619324,-18.443298,0
0.553131104,0.6235544,0.78177845,-0.001547711,-0.78176713,0.62353146,-0.006990363,-0.0044998685,0.005568821,0.9999744,0.7042883,0.709913,-0.0011762327,-0.7099027,0.7042667,-0.0068178317,-0.0040116864,0.00563673,0.99997604,0.02394104,-0.07661438,9.82579,-0.044128418,0.054611206,9.806351,0.003189087,-0.004272461,-0.0032043457,-22.135925,17.619324,-18.443298,0
0.557525635,0.6235666,0.78176856,-0.0015719293,-0.7817572,0.62354344,-0.00700979,-0.0044998676,0.005599939,0.9999742,0.70273834,0.7114474,-0.0011962021,-0.7114369,0.7027165,-0.006853303,-0.0040351734,0.005667101,0.9999758,-0.04788208,0.15322876,10.079575,-0.044128418,0.05491638,9.806351,0.007446289,0.003189087,-0.004272461,-22.135925,17.619324,-18.443298,0
0.561889648,0.65486455,0.75574523,-0.0012532175,-0.75573266,0.65484196,-0.0070812833,-0.004530987,0.0055843787,0.99997413,0.7012228,0.71294117,-0.0012358669,-0.7129308,0.70120066,-0.0068820743,-0.0040399237,0.0057069543,0.99997556,-0.1197052,0.004776001,9.969452,-0.044433594,0.054763794,9.806351,0.0095825195,-0.0010681152,-0.0021362305,-22.853088,19.770813,-19.134521,0
0.566253662,0.6548598,0.75574946,-0.0012430734,-0.75573677,0.65483713,-0.0070930347,-0.004546546,0.0055843783,0.9999741,0.7003681,0.71378076,-0.0012358613,-0.7137704,0.700346,-0.006879302,-0.0040447833,0.005700165,0.99997556,-0.08618164,0.05265808,9.840164,-0.04458618,0.054763794,9.806351,-0.0010681152,-0.0010681152,0.014892578,-22.853088,19.770813,-19.134521,0
0.570617676,0.6548239,0.75578064,-0.001167998,-0.7557676,0.6548016,-0.0070873434,-0.00459167,0.0055236965,0.9999742,0.69946414,0.71466655,-0.0012646532,-0.71465635,0.6994419,-0.0068797357,-0.0040321657,0.005715921,0.99997556,-0.15322876,-0.08139038,9.959869,-0.045028687,0.0541687,9.806351,0.004257202,-0.005340576,-0.0063934326,-22.853088,19.770813,-19.134521,0
0.575012207,0.65050125,0.75950414,-0.0012382815,-0.7594914,0.6504788,-0.0070672194,-0.0045621064,0.0055377,0.9999742,0.6985928,0.71551836,-0.0012469322,-0.71550775,0.6985704,-0.006931952,-0.0040888693,0.0057348018,0.9999752,0.04788208,0.0622406,10.065216,-0.04473877,0.05430603,9.806351,0.0053253174,0.010650635,-0.0010681152,-21.238708,18.157959,-19.998169,0
0.579376221,0.65050095,0.7595044,-0.00123777,-0.7594918,0.6504787,-0.0070462935,-0.004546548,0.0055236975,0.9999744,0.69764626,0.7164414,-0.0012111014,-0.7164305,0.6976239,-0.006950981,-0.004135077,0.005716996,0.99997514,-0.04309082,0.04309082,9.998184,-0.04458618,0.0541687,9.806351,-0.0032043457,0.008514404,-0.004272461,-21.238708,18.157959,-19.998169,0
0.583740234,0.65048426,0.75951874,-0.0012068766,-0.759506,0.6504621,-0.007058599,-0.004576111,0.005508138,0.9999744,0.6967534,0.71730965,-0.0012463441,-0.7172991,0.6967311,-0.0069167353,-0.0040930742,0.0057132603,0.99997526,-0.11491394,0.0,10.00296,-0.0448761,0.054016113,9.806351,0.0,-0.01171875,0.007446289,-21.238708,18.157959,-19.998169,0
0.588134766,0.6738212,0.7388938,-9.844127E-4,-0.7388804,0.6737996,-0.007071929,-0.004562108,0.0054925787,0.9999745,0.6958411,0.7181947,-0.0012129196,-0.718184,0.695819,-0.006900454,-0.004111897,0.005672719,0.99997544,-0.009567261,0.028717041,10.022125,-0.04473877,0.053863525,9.806351,-0.008514404,0.0021209717,-0.004272461,-22.494507,20.487976,-19.134521,0
0.592498779,0.6738168,0.7388978,-9.7501825E-4,-0.73888427,0.6737951,-0.00708227,-0.004576111,0.0054925783,0.9999744,0.6954036,0.71861833,-0.0012356688,-0.71860737,0.6953809,-0.0069815908,-0.004157839,0.0057429844,0.99997485,-0.08139038,0.04309082,10.09874,-0.0448761,0.053863525,9.806351,0.017044067,0.008514404,-0.0010681152,-22.494507,20.487976,-19.134521,0
0.596862793,0.67380184,0.73891145,-9.426957E-4,-0.73889774,0.67378026,-0.0070947604,-0.0046072304,0.0054770187,0.9999744,0.6949843,0.719024,-0.0011655684,-0.71901274,0.6949621,-0.0069523714,-0.004188896,0.0056698476,0.99997514,-0.10055542,0.009567261,9.844955,-0.045181274,0.053710938,9.806351,-0.015960693,0.0053253174,0.0021209717,-22.494507,20.487976,-19.134521,0
0.601257324,0.6731744,0.73948324,-9.3721173E-4,-0.73946947,0.67315286,-0.0070834835,-0.0046072304,0.0054614586,0.9999744,0.69457936,0.7194152,-0.001164417,-0.71940386,0.69455713,-0.0069645606,-0.004201656,0.005675126,0.9999751,-0.04309082,0.028717041,9.859314,-0.045181274,0.05355835,9.806351,0.0021209717,0.0010528564,0.004257202,-22.135925,20.129395,-17.059326,0
0.605621338,0.67317396,0.73948354,-9.363022E-4,-0.73946995,0.6731527,-0.007040572,-0.0045761126,0.0054318975,0.9999748,0.6941373,0.7198417,-0.0011963313,-0.71983033,0.6941146,-0.0070146564,-0.004219051,0.0057302895,0.9999747,0.004776001,-0.028717041,10.070007,-0.0448761,0.053268433,9.806351,0.013839722,0.0021209717,-0.0063934326,-22.135925,20.129395,-17.059326,0
0.609985352,0.67316514,0.7394916,-9.1543695E-4,-0.7394778,0.67314386,-0.0070635723,-0.004607232,0.0054318965,0.99997467,0.6936908,0.720272,-0.0012007246,-0.7202607,0.6936681,-0.0070115644,-0.0042173294,0.005728692,0.9999747,-0.11491394,0.04309082,10.079575,-0.045181274,0.053268433,9.806351,0.0010681152,-0.0021362305,-0.010650635,-22.135925,20.129395,-17.059326,0
0.614379883,0.67964524,0.7335405,-8.418405E-4,-0.73352647,0.6796242,-0.0070607783,-0.004607232,0.005416337,0.9999747,0.69327897,0.72066826,-0.0012281376,-0.7206568,0.693256,-0.0070631867,-0.0042388006,0.005781825,0.9999743,-0.0622406,0.028717041,9.911987,-0.045181274,0.053115845,9.806351,0.013839722,0.003189087,-0.0021362305,-22.135925,20.487976,-18.788147,0
0.618743896,0.67963564,0.73354936,-8.207828E-4,-0.73353523,0.6796146,-0.007083595,-0.004638351,0.005416337,0.99997467,0.69299537,0.7209409,-0.0012714916,-0.7209299,0.69297236,-0.007023003,-0.004182062,0.005783565,0.9999745,-0.09576416,0.0622406,9.883255,-0.04548645,0.053115845,9.806351,0.0021209717,-0.014923096,-0.004272461,-22.135925,20.487976,-18.788147,0
0.62310791,0.679636,0.73354906,-8.2161813E-4,-0.73353475,0.6796148,-0.0071055824,-0.0046539097,0.005431895,0.9999744,0.6927206,0.72120494,-0.0013060549,-0.72119385,0.692697,-0.0070976834,-0.004214184,0.0058586295,0.99997395,-0.11491394,0.0909729,9.964661,-0.045639038,0.053268433,9.806351,0.019165039,0.0053253174,-0.0032043457,-22.135925,20.487976,-18.788147,0
0.627471924,0.67962205,0.733562,-7.910857E-4,-0.73354733,0.67960083,-0.007138666,-0.004699032,0.005431894,0.9999742,0.69246095,0.72145414,-0.0012832431,-0.72144294,0.69243765,-0.007085057,-0.0042229784,0.0058319126,0.9999741,-0.13406372,0.05744934,9.8736725,-0.046081543,0.053268433,9.806351,-0.004257202,0.0,0.0,-22.135925,20.487976,-18.788147,0
0.631866455,0.67962676,0.73355764,-8.0131314E-4,-0.73354304,0.6796054,-0.007148188,-0.0046990314,0.0054458976,0.99997413,0.692226,0.7216798,-0.001201364,-0.7216683,0.6922034,-0.007023095,-0.004236838,0.005728556,0.9999746,-0.07182312,0.08618164,10.09874,-0.046081543,0.05340576,9.806351,-0.022354126,0.0010528564,0.0063934326,-22.135925,20.487976,-18.788147,0
0.636230469,0.6796284,0.73355615,-8.048718E-4,-0.7335412,0.6796066,-0.0072130105,-0.004744152,0.0054925736,0.9999736,0.69198596,0.72191006,-0.0011640084,-0.7218984,0.6919635,-0.007016355,-0.004259726,0.0056955153,0.9999747,-0.13885498,0.15800476,9.993393,-0.046524048,0.053863525,9.806351,-0.006378174,0.003189087,0.003189087,-22.135925,20.487976,-18.788147,0
0.640594482,0.6213372,0.7835422,-0.0013524904,-0.7835291,0.6213145,-0.007109345,-0.0047301496,0.0054770154,0.99997383,0.69172114,0.7221638,-0.00116102,-0.72215194,0.6916984,-0.007068269,-0.004301373,0.0057277037,0.99997437,-0.0143585205,0.03829956,10.0269165,-0.04638672,0.053710938,9.806351,0.008514404,0.007446289,-0.0063934326,-23.390198,18.51654,-18.269348,0
0.644989014,0.6213446,0.78353614,-0.0013681041,-0.7835229,0.6213217,-0.007139663,-0.004744152,0.005508133,0.99997354,0.69035727,0.72346765,-0.0011764183,-0.723456,0.6903348,-0.0070170686,-0.0042645,0.0056953714,0.99997467,-0.10055542,0.12927246,9.840164,-0.046524048,0.054016113,9.806351,-0.006378174,-0.010665894,-0.004272461,-23.390198,18.51654,-18.269348,0
0.649353027,0.62133133,0.7835468,-0.001340351,-0.7835337,0.6213088,-0.0070996676,-0.00473015,0.005461456,0.9999739,0.6890018,0.7247588,-0.0011444362,-0.7247469,0.6889793,-0.007036456,-0.0043112403,0.0056775566,0.9999746,-0.009567261,-0.06703186,10.036484,-0.04638672,0.05355835,9.806351,-0.0032043457,0.008514404,-0.009597778,-23.390198,18.51654,-18.269348,0
0.653717041,0.6851686,0.72838414,-7.4776786E-4,-0.72836936,0.68514735,-0.007176052,-0.004714591,0.0054614567,0.9999741,0.68771404,0.7259807,-0.0011422259,-0.72596866,0.68769157,-0.0070569315,-0.0043376973,0.0056823716,0.9999744,0.004776001,0.06703186,9.916779,-0.04623413,0.05355835,9.806351,0.0021209717,0.004257202,0.004257202,-21.418762,20.129395,-18.096924,0
0.658111572,0.685159,0.7283932,-7.263284E-4,-0.7283783,0.6851379,-0.007155787,-0.0047145914,0.0054318937,0.99997413,0.6876402,0.7260508,-0.0011160742,-0.7260384,0.68761754,-0.0070983665,-0.004386342,0.0056914347,0.9999742,-0.04309082,-0.03829956,9.969452,-0.04623413,0.053268433,9.806351,0.003189087,0.0095825195,-0.007461548,-21.418762,20.129395,-18.096924,0
0.662475586,0.68514997,0.7284017,-7.0616143E-4,-0.72838664,0.68512887,-0.007177312,-0.0047441544,0.0054318933,0.9999741,0.68758076,0.72610706,-0.0011128457,-0.7260945,0.6875578,-0.007147945,-0.0044250274,0.0057228203,0.99997383,-0.13406372,0.03829956,9.993393,-0.046524048,0.053268433,9.806351,0.008514404,0.007446289,-0.0032043457,-21.418762,20.129395,-18.096924,0
0.6668396,0.6610344,0.75035495,-9.3601487E-4,-0.75034076,0.66101307,-0.007107716,-0.0047145924,0.0054007755,0.99997437,0.6875157,0.7261688,-0.0010559126,-0.7261559,0.68749315,-0.0071273427,-0.004449721,0.0056669167,0.9999741,0.01914978,-0.01914978,9.969452,-0.04623413,0.052963257,9.806351,-0.011703491,0.004257202,-0.0053253174,-22.673035,19.950867,-18.615723,0
0.671234131,0.66104996,0.7503412,-9.69726E-4,-0.75032705,0.6610282,-0.007137562,-0.004714591,0.005445897,0.9999741,0.6869781,0.7266775,-0.0010509246,-0.7266644,0.68695545,-0.007149346,-0.0044733295,0.005675113,0.9999739,-0.04309082,0.19152832,9.892838,-0.04623413,0.05340576,9.806351,0.003189087,0.004257202,-0.0053253174,-22.673035,19.950867,-18.615723,0
0.675598145,0.66106486,0.7503281,-0.0010018322,-0.7503142,0.66104305,-0.007124518,-0.0046834718,0.005461457,0.99997413,0.6864575,0.7271691,-0.0010663196,-0.72715604,0.6864347,-0.0071713123,-0.0044827983,0.0056981826,0.9999737,0.05265808,0.09576416,10.0316925,-0.045928955,0.05355835,9.806351,0.0063934326,0.0010528564,-0.0032043457,-22.673035,19.950867,-18.615723,0
0.679962158,0.65188843,0.758314,-0.0010867704,-0.7583005,0.6518667,-0.007089862,-0.004667913,0.0054458985,0.99997437,0.6859608,0.7276377,-0.0010648607,-0.72762465,0.6859381,-0.007163803,-0.0044822246,0.005688907,0.9999738,-0.03829956,0.0,10.007751,-0.045776367,0.05340576,9.806351,-0.0010681152,-0.0010681152,0.0010681152,-21.777344,18.695068,-18.096924,0
0.684326172,0.651873,0.75832736,-0.0010543528,-0.7583137,0.65185136,-0.0070823687,-0.004683473,0.0054163355,0.9999744,0.6852966,0.72826326,-0.0010984733,-0.7282502,0.6852736,-0.00719337,-0.004485912,0.0057295556,0.99997354,-0.06703186,-0.004776001,9.979019,-0.045928955,0.053115845,9.806351,0.010650635,0.0,0.0010681152,-21.777344,18.695068,-18.096924,0
0.688720703,0.6518674,0.75833225,-0.0010426053,-0.7583185,0.6518458,-0.0070722187,-0.004683473,0.005400776,0.9999744,0.6846449,0.728876,-0.0011161629,-0.7288632,0.6846219,-0.00716462,-0.00445797,0.00571875,0.9999737,-0.05265808,0.009567261,9.988602,-0.045928955,0.052963257,9.806351,-0.0010681152,-0.007461548,0.0010681152,-21.777344,18.695068,-18.096924,0
0.693084717,0.6112953,0.7914013,-0.0014112326,-0.7913887,0.61127305,-0.007007976,-0.004683473,0.005400776,0.9999744,0.68399876,0.7294823,-0.0011383814,-0.7294695,0.6839756,-0.007190938,-0.0044670375,0.005749007,0.99997354,-0.03829956,0.02394104,9.916779,-0.045928955,0.052963257,9.806351,0.008514404,0.0010528564,-0.0010681152,-22.853088,17.619324,-18.443298,0
0.69744873,0.61127335,0.79141843,-0.0013677753,-0.7914055,0.6112513,-0.0070135435,-0.004714593,0.0053696563,0.9999744,0.6826036,0.7307878,-0.0011653879,-0.7307753,0.6825806,-0.007150976,-0.0044303746,0.005732919,0.9999737,-0.13885498,-0.0143585205,9.974243,-0.04623413,0.05265808,9.806351,-0.0021362305,-0.009597778,0.0,-22.853088,17.619324,-18.443298,0
0.701843262,0.6112586,0.7914297,-0.0013387506,-0.7914166,0.61123663,-0.0070283553,-0.0047441563,0.005355653,0.9999744,0.6812337,0.732065,-0.0011691214,-0.7320526,0.6812107,-0.007135001,-0.0044268672,0.0057164617,0.9999739,-0.1197052,0.02394104,9.94072,-0.046524048,0.052520752,9.806351,-0.0021362305,-0.0021362305,0.0,-22.853088,17.619324,-18.443298,0
0.706207275,0.6462887,0.76309234,-0.0010107328,-0.7630782,0.6462673,-0.0070933998,-0.0047597154,0.0053556524,0.99997437,0.67991537,0.7332896,-0.0012117266,-0.73327774,0.67989266,-0.007050038,-0.0043458757,0.005681961,0.9999744,-0.07661438,0.04309082,10.09874,-0.046676636,0.052520752,9.806351,-0.006378174,-0.020248413,0.008514404,-22.314453,18.875122,-17.9245,0
0.710571289,0.6462738,0.763105,-9.788856E-4,-0.76309055,0.6462524,-0.0071070706,-0.004790834,0.005340092,0.9999742,0.6792427,0.7339129,-0.001159111,-0.7339007,0.67922026,-0.0070427805,-0.004381496,0.0056344294,0.99997455,-0.13885498,0.028717041,10.041275,-0.04698181,0.052368164,9.806351,-0.0095825195,0.006378174,-0.004272461,-22.314453,18.875122,-17.9245,0
0.71496582,0.6462785,0.763101,-9.88898E-4,-0.76308674,0.6462572,-0.007095204,-0.004775275,0.005340093,0.99997437,0.6786026,0.73450464,-0.0011914314,-0.7344926,0.67858,-0.0070583997,-0.004375946,0.005664946,0.99997437,-0.004776001,0.03829956,9.811432,-0.046829224,0.052368164,9.806351,0.008514404,-0.0032043457,0.0021209717,-22.314453,18.875122,-17.9245,0
0.719329834,0.610581,0.7919528,-0.0012916191,-0.7919393,0.6105591,-0.007045173,-0.0047908346,0.0053245327,0.99997437,0.67798173,0.7350778,-0.0011818854,-0.7350655,0.6779591,-0.007084983,-0.004406743,0.0056722523,0.9999742,-0.0909729,0.009567261,9.926346,-0.04698181,0.052215576,9.806351,0.003189087,0.0053253174,0.004257202,-24.287415,18.695068,-18.443298,0
0.723693848,0.6105724,0.79195935,-0.0012736444,-0.7919457,0.6105505,-0.0070685716,-0.0048203976,0.0053245323,0.9999742,0.6766636,0.73629135,-0.0012183711,-0.736279,0.67664045,-0.007133861,-0.004428201,0.005724285,0.99997383,-0.10055542,0.05744934,9.950287,-0.04727173,0.052215576,9.806351,0.013839722,0.003189087,-0.0063934326,-24.287415,18.695068,-18.443298,0
0.728088379,0.6105752,0.7919573,-0.0012793482,-0.79194385,0.61055344,-0.0070356643,-0.004790835,0.0053089736,0.9999744,0.6753863,0.73746306,-0.001239646,-0.7374507,0.675363,-0.007150571,-0.004436071,0.0057435753,0.99997365,0.02394104,0.02394104,9.998184,-0.04698181,0.05206299,9.806351,0.0063934326,0.0,-0.0010681152,-24.287415,18.695068,-18.443298,0
0.732452393,0.66787034,0.74427736,-7.401305E-4,-0.7442623,0.6678498,-0.007101025,-0.0047908355,0.0052934145,0.9999745,0.67412233,0.73861873,-0.0011906379,-0.7386062,0.67409945,-0.00712727,-0.0044617266,0.005684065,0.9999739,-0.05265808,-0.004776001,10.060425,-0.04698181,0.0519104,9.806351,-0.011703491,0.004257202,-0.004272461,-22.853088,20.487976,-19.134521,0
0.736816406,0.66786546,0.7442816,-7.2978396E-4,-0.74426645,0.66784483,-0.0071125994,-0.0048063947,0.005293414,0.9999744,0.67400116,0.73872924,-0.0012294326,-0.738717,0.67397815,-0.0071147885,-0.0044272915,0.0057035787,0.99997395,-0.07661438,0.05744934,9.935928,-0.0471344,0.0519104,9.806351,0.0063934326,-0.009597778,0.0010681152,-22.853088,20.487976,-19.134521,0
0.74118042,0.66785634,0.7442899,-7.1009586E-4,-0.7442746,0.66783583,-0.0071136616,-0.0048203985,0.00527941,0.9999744,0.67388237,0.73883766,-0.0012600811,-0.7388254,0.67385894,-0.007157813,-0.004439344,0.0057545034,0.9999736,-0.09576416,0.028717041,9.974243,-0.04727173,0.05177307,9.806351,0.013839722,0.0010528564,0.0010681152,-22.853088,20.487976,-19.134521,0
0.745574951,0.6671656,0.744909,-7.179549E-4,-0.74489355,0.66714483,-0.0071559018,-0.004851517,0.005308972,0.99997413,0.67377895,0.73893195,-0.0012320331,-0.73891956,0.6737558,-0.007135112,-0.0044422727,0.005717862,0.9999738,-0.1197052,0.1197052,9.902405,-0.047576904,0.05206299,9.806351,-0.006378174,-0.0010681152,0.0053253174,-22.494507,20.129395,-18.096924,0
0.749938965,0.6671656,0.744909,-7.179549E-4,-0.74489355,0.66714483,-0.0071559018,-0.004851517,0.005308972,0.99997413,0.6736235,0.73907363,-0.0012531688,-0.73906124,0.67359996,-0.0071826386,-0.0044643646,0.005764562,0.9999734,-0.08139038,0.04309082,10.050858,-0.047576904,0.05206299,9.806351,0.012786865,0.003189087,-0.007461548,-22.494507,20.129395,-18.096924,0
0.754302979,0.6671513,0.744922,-6.8574026E-4,-0.7449063,0.66713065,-0.0071686893,-0.0048826355,0.005293412,0.9999741,0.6735015,0.73918474,-0.0012813392,-0.73917246,0.6734779,-0.0071865655,-0.004449246,0.005787293,0.99997336,-0.09576416,0.02394104,9.98381,-0.04788208,0.0519104,9.806351,0.007446289,-0.005340576,0.0021209717,-22.494507,20.129395,-18.096924,0
0.75869751,0.6523174,0.7579454,-8.5335656E-4,-0.7579301,0.6522961,-0.0071948175,-0.004896638,0.0053400896,0.9999738,0.6734224,0.73925686,-0.0012272596,-0.7392443,0.673399,-0.007184815,-0.0044849887,0.00574566,0.9999734,-0.10533142,0.16758728,10.084366,-0.04801941,0.052368164,9.806351,-0.007446289,0.006378174,0.014892578,-21.955872,18.875122,-18.615723,0
0.763061523,0.6523174,0.7579454,-8.5335656E-4,-0.7579301,0.6522961,-0.0071948175,-0.004896638,0.0053400896,0.9999738,0.6729783,0.73966116,-0.001257106,-0.7396489,0.672955,-0.0071505485,-0.004443007,0.005741981,0.9999736,-0.0622406,0.0622406,9.8688965,-0.04801941,0.052368164,9.806351,0.0010681152,-0.01171875,-0.008529663,-21.955872,18.875122,-18.615723,0
0.767425537,0.652306,0.75795525,-8.298775E-4,-0.7579399,0.6522849,-0.007174507,-0.004896639,0.005308971,0.9999739,0.6726071,0.7399987,-0.00122761,-0.7399861,0.6725838,-0.007174696,-0.004483595,0.0057341666,0.9999735,-0.0335083,-0.0143585205,9.974243,-0.04801941,0.05206299,9.806351,0.0,0.007446289,0.01171875,-21.955872,18.875122,-18.615723,0
0.771820068,0.63052726,0.77616644,-0.0010420379,-0.77615184,0.63050586,-0.007137189,-0.0048826355,0.0053089717,0.9999741,0.6722093,0.74036026,-0.0011560263,-0.7403475,0.6721867,-0.0071227383,-0.0044963267,0.005643832,0.99997395,-0.02394104,0.0622406,9.888046,-0.04788208,0.05206299,9.806351,-0.019165039,0.0010528564,0.0010681152,-23.928833,19.412231,-19.825745,0
0.776184082,0.6305066,0.77618325,-0.0010006402,-0.7761684,0.63048536,-0.007141468,-0.004912199,0.0052794083,0.9999741,0.67137486,0.7411171,-0.0011284645,-0.7411042,0.67135215,-0.0071368613,-0.004531653,0.0056278184,0.9999739,-0.10055542,-0.03829956,9.92157,-0.048171997,0.05177307,9.806351,-0.0021362305,0.006378174,-0.0063934326,-23.928833,19.412231,-19.825745,0
0.780548096,0.63050056,0.7761881,-9.886179E-4,-0.7761732,0.6304794,-0.00713165,-0.0049121995,0.0052638487,0.99997413,0.67060995,0.74180937,-0.00111804,-0.74179614,0.6705871,-0.007172399,-0.0045708097,0.005639239,0.99997365,-0.04788208,0.004776001,10.108307,-0.048171997,0.051620483,9.806351,0.004257202,0.007446289,0.010650635,-23.928833,19.412231,-19.825745,0
0.784942627,0.6425103,0.76627654,-8.555271E-4,-0.76626116,0.64248943,-0.0071481057,-0.004927759,0.005248289,0.99997413,0.66982234,0.74252063,-0.0010770403,-0.7425071,0.6697997,-0.007179741,-0.0046097045,0.005608861,0.99997365,-0.0909729,0.01914978,9.902405,-0.048324585,0.051467896,9.806351,-0.0053100586,0.007446289,-0.0010681152,-23.390198,19.592285,-17.9245,0
0.789306641,0.6425059,0.7662804,-8.4557146E-4,-0.766265,0.6424851,-0.0071600247,-0.0049433187,0.0052482886,0.9999741,0.6692812,0.7430085,-0.0010215568,-0.7429946,0.6692587,-0.0071945423,-0.00466192,0.005574183,0.9999736,-0.10533142,0.0622406,9.974243,-0.048477173,0.051467896,9.806351,-0.006378174,0.010650635,-0.0010681152,-23.390198,19.592285,-17.9245,0
0.793670654,0.6424907,0.766293,-8.118687E-4,-0.7662774,0.64247,-0.007151937,-0.0049588787,0.00521717,0.99997413,0.6687437,0.7434923,-0.0010112769,-0.7434781,0.668721,-0.0072487285,-0.0047131116,0.0055994033,0.99997324,-0.07182312,-0.0335083,10.084366,-0.04862976,0.05116272,9.806351,0.007446289,0.010650635,-0.0032043457,-23.390198,19.592285,-17.9245,0
0.798065186,0.64668906,0.7627535,-7.725817E-4,-0.7627378,0.6466685,-0.0071562887,-0.0049588787,0.00521717,0.99997413,0.66824,0.7439452,-9.333638E-4,-0.74393046,0.6682177,-0.0072473083,-0.0047679096,0.005537299,0.9999733,-0.05265808,0.028717041,10.103531,-0.04862976,0.05116272,9.806351,-0.012771606,0.011703491,0.004257202,-22.494507,19.05365,-17.75055,0
0.802429199,0.6467036,0.76274097,-8.044381E-4,-0.76272553,0.6466829,-0.0071426295,-0.0049277595,0.00523273,0.9999742,0.667787,0.7443518,-9.5172157E-4,-0.744337,0.6677644,-0.0072830906,-0.004785656,0.005571955,0.99997306,0.03829956,0.09576416,9.979019,-0.048324585,0.051315308,9.806351,0.0095825195,0.003189087,-0.008529663,-22.494507,19.05365,-17.75055,0
0.806793213,0.6467115,0.76273423,-8.216783E-4,-0.76271904,0.646691,-0.0070981598,-0.0048826374,0.0052171713,0.9999744,0.6673703,0.74472535,-0.0010029341,-0.7447109,0.66734755,-0.0072674444,-0.0047429446,0.0055969725,0.99997306,0.0335083,0.028717041,10.017334,-0.04788208,0.05116272,9.806351,0.007446289,-0.010665894,0.0,-22.494507,19.05365,-17.75055,0
0.811157227,0.66091996,0.75045604,-6.8824296E-4,-0.7504404,0.6608997,-0.0071123373,-0.0048826374,0.0052171713,0.9999744,0.6669925,0.7450639,-9.5002423E-4,-0.74504924,0.6669702,-0.0072441176,-0.004763692,0.005539587,0.99997336,-0.028717041,0.04788208,9.916779,-0.04788208,0.05116272,9.806351,-0.011703491,0.004257202,0.0095825195,-22.673035,19.950867,-18.615723,0
0.815551758,0.6609116,0.7504634,-6.701761E-4,-0.7504476,0.6608913,-0.0071564754,-0.0049277595,0.00523273,0.9999742,0.666892,0.7451538,-9.383634E-4,-0.7451391,0.6668697,-0.0072417464,-0.004770449,0.005528674,0.99997336,-0.15322876,0.11012268,10.036484,-0.048324585,0.051315308,9.806351,-0.0010681152,0.0010528564,0.0063934326,-22.673035,19.950867,-18.615723,0
0.819915771,0.66090626,0.75046813,-6.5855024E-4,-0.7504522,0.660886,-0.007146187,-0.0049277595,0.0052171703,0.9999742,0.6667967,0.745239,-9.916413E-4,-0.74522465,0.66677415,-0.0072431993,-0.004736714,0.0055687367,0.9999733,-0.05265808,-0.004776001,9.998184,-0.048324585,0.05116272,9.806351,0.010650635,-0.008529663,0.007446289,-22.673035,19.950867,-18.615723,0
0.824279785,0.65228325,0.75797486,-7.418525E-4,-0.7579591,0.6522627,-0.0071601337,-0.004943319,0.0052327295,0.99997413,0.66667247,0.7453501,-9.781932E-4,-0.7453357,0.66665006,-0.007235121,-0.0047405856,0.005552538,0.9999733,-0.10533142,0.0909729,9.907196,-0.048477173,0.051315308,9.806351,-0.0021362305,0.0,-0.0021362305,-21.955872,18.875122,-19.651794,0
0.828674316,0.65227944,0.75797814,-7.3439896E-4,-0.75796217,0.65225875,-0.0071926853,-0.0049728807,0.0052482877,0.99997383,0.66638374,0.7456083,-9.7493175E-4,-0.7455938,0.6663612,-0.00725918,-0.004762848,0.005564302,0.9999732,-0.10533142,0.10055542,10.00296,-0.04876709,0.051467896,9.806351,0.004257202,0.004257202,-0.0010681152,-21.955872,18.875122,-19.651794,0
0.83303833,0.65227425,0.7579827,-7.242989E-4,-0.7579666,0.6522535,-0.007204474,-0.0049884403,0.005248287,0.9999738,0.6661517,0.7458157,-9.177276E-4,-0.74580085,0.6661295,-0.0072477213,-0.004794139,0.005512524,0.9999733,-0.10055542,0.05744934,9.8688965,-0.048919678,0.051467896,9.806351,-0.010635376,0.006378174,0.014892578,-21.955872,18.875122,-19.651794,0
0.837402344,0.6522751,0.75798196,-7.2593556E-4,-0.75796574,0.6522542,-0.007226417,-0.005003999,0.0052638464,0.9999736,0.6658831,0.7460555,-9.180014E-4,-0.7460406,0.6658609,-0.00726259,-0.0048070336,0.0055209026,0.9999732,-0.08618164,0.09576416,10.041275,-0.049072266,0.051620483,9.806351,0.003189087,0.0021209717,0.0021209717,-21.955872,18.875122,-19.651794,0
0.841796875,0.65227425,0.7579827,-7.242989E-4,-0.7579666,0.6522535,-0.007204474,-0.0049884403,0.005248287,0.9999738,0.6655926,0.74631476,-9.3010673E-4,-0.7462997,0.66557,-0.0073127616,-0.004838571,0.005561458,0.9999729,-0.01914978,-0.009567261,10.017334,-0.048919678,0.051467896,9.806351,0.010650635,0.006378174,-0.0063934326,-21.955872,18.875122,-19.651794,0
0.846160889,0.6522734,0.7579834,-7.226618E-4,-0.75796735,0.6522528,-0.007182531,-0.004972881,0.005232728,0.9999739,0.66532487,0.7465534,-8.8805496E-4,-0.74653834,0.6653027,-0.0072705075,-0.0048369975,0.0055002165,0.9999732,-0.028717041,0.02394104,10.017334,-0.04876709,0.051315308,9.806351,-0.012771606,-0.0010681152,-0.0010681152,-21.955872,18.875122,-19.651794,0
0.850524902,0.64830315,0.76138204,-7.518623E-4,-0.761366,0.6482824,-0.0072124368,-0.005004,0.005248287,0.9999738,0.665076,0.7467752,-8.375852E-4,-0.7467597,0.665054,-0.0072875572,-0.004885128,0.0054722545,0.9999731,-0.11491394,0.09576416,10.007751,-0.049072266,0.051467896,9.806351,-0.0053100586,0.010650635,0.003189087,-23.031616,19.592285,-18.960571,0
0.854919434,0.64830786,0.7613779,-7.619045E-4,-0.7613619,0.64828706,-0.007200594,-0.0049884403,0.005248287,0.9999738,0.6647913,0.74702865,-8.484055E-4,-0.7470133,0.6647693,-0.0072787916,-0.004873472,0.005472647,0.9999732,-0.009567261,0.05265808,10.0269165,-0.048919678,0.051467896,9.806351,0.0010681152,-0.0032043457,0.014892578,-23.031616,19.592285,-18.960571,0
0.859283447,0.6482927,0.7613909,-7.3002646E-4,-0.7613748,0.6482721,-0.0072141862,-0.0050195595,0.0052327276,0.9999738,0.6644818,0.74730396,-8.269511E-4,-0.74728847,0.66446,-0.007271804,-0.004884772,0.005449953,0.99997324,-0.13885498,0.0143585205,10.041275,-0.049224854,0.051315308,9.806351,-0.004257202,0.0021209717,0.0053253174,-23.031616,19.592285,-18.960571,0
0.863647461,0.6240619,0.7813744,-9.465187E-4,-0.7813587,0.62404066,-0.007199858,-0.0050351187,0.0052327267,0.9999736,0.66413385,0.7476133,-8.1863697E-4,-0.7475977,0.66411203,-0.007270911,-0.0048921625,0.005440869,0.99997324,-0.0622406,0.05744934,9.892838,-0.04937744,0.051315308,9.806351,-0.0010681152,0.0010528564,-0.008529663,-22.314453,17.799377,-18.615723,0
0.868011475,0.624063,0.7813734,-9.489548E-4,-0.78135765,0.6240417,-0.007221726,-0.0050506773,0.005248286,0.9999735,0.6633429,0.74831504,-8.9286594E-4,-0.7482999,0.6633208,-0.0072715813,-0.004849177,0.005491683,0.9999732,-0.08618164,0.06703186,9.720444,-0.04953003,0.051467896,9.806351,0.012786865,-0.010665894,-0.0021362305,-22.314453,17.799377,-18.615723,0
0.872406006,0.6240408,0.7813913,-9.0516236E-4,-0.7813754,0.62401974,-0.007204485,-0.005064682,0.0052031633,0.9999736,0.6625911,0.7489808,-8.430793E-4,-0.74896526,0.66256917,-0.007280035,-0.004894008,0.0054551237,0.9999731,-0.10055542,-0.04309082,10.055634,-0.04966736,0.05102539,9.806351,-0.007446289,0.0095825195,0.0053253174,-22.314453,17.799377,-18.615723,0
0.87677002,0.63953084,0.76876503,-7.4904796E-4,-0.76874876,0.6395103,-0.007211184,-0.0050646826,0.0051876046,0.9999738,0.66183627,0.74964786,-8.809683E-4,-0.7496325,0.6618141,-0.007292317,-0.004883633,0.005486722,0.999973,-0.05744934,0.009567261,9.821014,-0.04966736,0.050872803,9.806351,0.008514404,-0.0032043457,0.0,-22.494507,18.695068,-18.443298,0
0.881134033,0.6395294,0.7687663,-7.460556E-4,-0.7687501,0.6395089,-0.007190467,-0.005050679,0.005172045,0.99997383,0.6613752,0.75005466,-8.52105E-4,-0.75003886,0.66135305,-0.007334039,-0.004937388,0.005489664,0.9999727,-0.0143585205,-0.009567261,10.007751,-0.04953003,0.050720215,9.806351,0.0021209717,0.011703491,-0.0063934326,-22.494507,18.695068,-18.443298,0
0.885528564,0.63953996,0.7687575,-7.6786993E-4,-0.7687414,0.63951933,-0.0071884664,-0.0050351196,0.0051876046,0.99997383,0.6609231,0.75045305,-8.6631114E-4,-0.7504373,0.6609009,-0.007333205,-0.0049306806,0.0054967976,0.99997276,-0.004776001,0.11012268,10.213654,-0.04937744,0.050872803,9.806351,0.003189087,-0.0021362305,-0.0063934326,-22.494507,18.695068,-18.443298,0
0.889892578,0.68558574,0.7279918,-3.3539115E-4,-0.7279743,0.68556595,-0.007253668,-0.0050506783,0.005217167,0.9999736,0.66051424,0.75081295,-9.3724066E-4,-0.7507975,0.6604915,-0.0073514995,-0.0049005616,0.005559448,0.9999726,-0.10533142,0.13885498,10.1657715,-0.04953003,0.05116272,9.806351,0.015975952,-0.007461548,0.004257202,-21.955872,20.66803,-19.306946,0
0.894256592,0.68559074,0.72798723,-3.4600968E-4,-0.72796994,0.685571,-0.0072423443,-0.005035119,0.005217168,0.9999738,0.66103685,0.7503529,-9.018462E-4,-0.75033766,0.6610147,-0.007286878,-0.004871596,0.0054935836,0.99997306,-0.0143585205,0.05265808,9.993393,-0.04937744,0.05116272,9.806351,-0.013839722,-0.007461548,0.004257202,-21.955872,20.66803,-19.306946,0
0.898651123,0.6855765,0.72800046,-3.1568666E-4,-0.7279829,0.68555677,-0.0072542573,-0.005064682,0.0052031633,0.9999736,0.6615283,0.7499197,-8.8542164E-4,-0.7499042,0.6615061,-0.007306046,-0.004893236,0.005497137,0.99997294,-0.1197052,0.0,9.959869,-0.04966736,0.05102539,9.806351,0.0021209717,0.004257202,-0.0021362305,-21.955872,20.66803,-19.306946,0
0.903015137,0.624755,0.78082037,-8.864245E-4,-0.78080446,0.62473416,-0.0071955896,-0.0050646826,0.0051876046,0.9999738,0.66200244,0.74950117,-8.717454E-4,-0.7494856,0.66198015,-0.007321625,-0.004910488,0.0055002943,0.9999728,-0.0622406,0.0143585205,10.050858,-0.04966736,0.050872803,9.806351,0.0021209717,0.003189087,-0.004272461,-22.494507,17.977905,-18.096924,0
0.90737915,0.62475926,0.780817,-8.951343E-4,-0.7808011,0.62473834,-0.00718466,-0.005050679,0.0051876046,0.9999738,0.6612862,0.75013316,-8.936215E-4,-0.75011784,0.6612639,-0.007301484,-0.0048861657,0.0054986915,0.99997294,0.0,0.0335083,9.916779,-0.04953003,0.050872803,9.806351,0.0010681152,-0.0063934326,0.004257202,-22.494507,17.977905,-18.096924,0
0.911773682,0.624749,0.780825,-8.743294E-4,-0.78080904,0.6247282,-0.0071858605,-0.0050646826,0.0051720445,0.9999738,0.66060776,0.75073075,-8.607239E-4,-0.75071496,0.66058546,-0.0073365136,-0.004939165,0.005492716,0.9999727,-0.07661438,0.03829956,9.916779,-0.04966736,0.050720215,9.806351,0.0,0.011703491,0.01171875,-22.494507,17.977905,-18.096924,0
0.916137695,0.6342366,0.7731386,-7.88682E-4,-0.77312225,0.63421583,-0.007217899,-0.0050802417,0.0051876036,0.9999736,0.65991485,0.75134,-8.4683043E-4,-0.75132394,0.6598925,-0.007363456,-0.0049736416,0.0054954975,0.9999725,-0.10533142,0.09576416,10.113098,-0.049819946,0.050872803,9.806351,0.0021209717,0.007446289,0.003189087,-23.031616,18.875122,-18.269348,0
0.920501709,0.63423765,0.77313775,-7.908341E-4,-0.77312136,0.6342168,-0.007239798,-0.005095801,0.005203163,0.9999735,0.65939826,0.7517934,-8.2273246E-4,-0.7517774,0.659376,-0.0073522823,-0.0049849073,0.0054665934,0.99997264,-0.07182312,0.06703186,10.132248,-0.049972534,0.05102539,9.806351,-0.0053100586,0.0021209717,-0.0032043457,-23.031616,18.875122,-18.269348,0
0.924865723,0.634232,0.7731425,-7.78857E-4,-0.7731261,0.6342112,-0.007229924,-0.005095801,0.005187603,0.99997354,0.65891576,0.75221634,-8.204933E-4,-0.75220037,0.65889376,-0.007324036,-0.0049686413,0.0054430976,0.9999728,-0.07661438,0.0143585205,10.0316925,-0.049972534,0.050872803,9.806351,-0.004257202,-0.004272461,0.004257202,-23.031616,18.875122,-18.269348,0
0.929260254,0.6401553,0.7682452,-7.0135144E-4,-0.76822853,0.6401348,-0.0072376896,-0.005111361,0.0051720436,0.99997354,0.65842867,0.7526427,-8.531406E-4,-0.752627,0.65840673,-0.007290771,-0.0049256324,0.0054425495,0.99997306,-0.0909729,0.009567261,9.883255,-0.050125122,0.050720215,9.806351,0.0010681152,-0.010665894,0.0,-22.673035,18.875122,-19.306946,0
0.933624268,0.6401553,0.7682452,-7.0135144E-4,-0.76822853,0.6401348,-0.0072376896,-0.005111361,0.0051720436,0.99997354,0.6580426,0.7529802,-8.7773986E-4,-0.7529648,0.65802073,-0.0072649857,-0.004892819,0.0054415776,0.99997324,-0.05265808,0.07182312,9.969452,-0.050125122,0.050720215,9.806351,0.0010681152,-0.008529663,-0.007461548,-22.673035,18.875122,-19.306946,0
0.937988281,0.64015776,0.76824313,-7.0631015E-4,-0.76822627,0.640137,-0.0072803227,-0.0051409225,0.0052031614,0.99997324,0.6576747,0.75330156,-8.4817037E-4,-0.7532859,0.6576527,-0.00730793,-0.0049472735,0.0054451553,0.99997294,-0.10533142,0.13406372,9.964661,-0.05041504,0.05102539,9.806351,0.0021209717,0.011703491,-0.004272461,-22.673035,18.875122,-19.306946,0
0.942382812,0.6670722,0.7449929,-4.5630577E-4,-0.74497545,0.6670521,-0.007290403,-0.005126919,0.005203162,0.99997336,0.6573449,0.7535894,-8.398271E-4,-0.75357354,0.6573228,-0.007320539,-0.004964643,0.0054449905,0.9999728,0.0,0.04309082,9.931137,-0.05027771,0.05102539,9.806351,0.0010681152,0.003189087,0.0053253174,-22.494507,20.129395,-20.170593,0
0.946746826,0.66705036,0.7450125,-4.1240078E-4,-0.74499494,0.6670306,-0.0072696875,-0.0051409244,0.005156484,0.99997354,0.65754396,0.7534157,-8.7139965E-4,-0.75339997,0.6575218,-0.0073237764,-0.0049448838,0.0054722177,0.9999728,-0.10533142,-0.0622406,10.007751,-0.05041504,0.050567627,9.806351,0.007446289,-0.005340576,0.0010681152,-22.494507,20.129395,-20.170593,0
0.95111084,0.6670601,0.7450037,-4.3202625E-4,-0.74498624,0.6670402,-0.0072476678,-0.005111361,0.0051564844,0.9999736,0.6577454,0.75323987,-7.9076295E-4,-0.7532238,0.65772367,-0.007314748,-0.004989657,0.0054068635,0.99997294,0.01914978,0.04788208,10.156189,-0.050125122,0.050567627,9.806351,-0.013839722,0.0095825195,0.003189087,-22.494507,20.129395,-20.170593,0
0.955505371,0.6531493,0.75722903,-5.5600924E-4,-0.75721186,0.65312916,-0.007250207,-0.0051269205,0.005156484,0.99997354,0.6578706,0.75313056,-7.775661E-4,-0.7531144,0.6578489,-0.0073203575,-0.0050016637,0.005401444,0.9999729,-0.06703186,0.04788208,9.935928,-0.05027771,0.050567627,9.806351,0.0,0.0021209717,-0.019180298,-22.314453,19.233704,-18.615723,0
0.959869385,0.65315056,0.7572279,-5.586333E-4,-0.7572107,0.65313035,-0.007270974,-0.005140924,0.005172043,0.9999735,0.6577385,0.75324595,-7.590279E-4,-0.75322926,0.65771645,-0.0073977765,-0.0050731204,0.005437524,0.99997234,-0.10055542,0.08618164,9.988602,-0.05041504,0.050720215,9.806351,0.0095825195,0.015960693,-0.01171875,-22.314453,19.233704,-18.615723,0
0.964233398,0.6531401,0.75723696,-5.367879E-4,-0.7572196,0.65312004,-0.007272586,-0.0051564835,0.0051564835,0.9999735,0.6576709,0.753305,-7.712967E-4,-0.7532886,0.65764904,-0.0073489407,-0.005028751,0.005414193,0.9999727,-0.09576416,0.004776001,9.959869,-0.050567627,0.050567627,9.806351,-0.004257202,-0.010665894,0.007446289,-22.314453,19.233704,-18.615723,0
0.96862793,0.6849463,0.72859347,-2.566593E-4,-0.72857547,0.6849268,-0.007278012,-0.00512692,0.005172043,0.9999735,0.6575187,0.7534378,-7.6109567E-4,-0.7534213,0.65749687,-0.0073606446,-0.0050453697,0.0054131877,0.9999726,0.02394104,0.11491394,10.070007,-0.05027771,0.050720215,9.806351,0.0010681152,0.003189087,-0.019180298,-21.418762,20.129395,-17.75055,0
0.972991943,0.6849364,0.7286028,-2.3408426E-4,-0.72858477,0.68491715,-0.0072566955,-0.005126921,0.0051409244,0.9999736,0.6580659,0.75296,-7.216828E-4,-0.75294334,0.6580442,-0.0073580174,-0.0050653936,0.005385446,0.9999727,-0.03829956,-0.028717041,10.079575,-0.05027771,0.05041504,9.806351,-0.0053100586,0.004257202,-0.0032043457,-21.418762,20.129395,-17.75055,0
0.977355957,0.68495065,0.72858936,-2.665944E-4,-0.7285716,0.68493134,-0.0072446847,-0.0050958022,0.005156485,0.9999738,0.65862554,0.7524705,-6.9090887E-4,-0.75245357,0.65860397,-0.0073801745,-0.005098328,0.005380648,0.9999725,0.0335083,0.08139038,9.840164,-0.049972534,0.050567627,9.806351,0.0,0.007446289,0.004257202,-21.418762,20.129395,-17.75055,0
0.981719971,0.67355037,0.7391412,-4.0108312E-4,-0.73912394,0.6735307,-0.0072386493,-0.0050802426,0.0051720445,0.9999738,0.6591638,0.7519991,-6.543447E-4,-0.7519821,0.6591425,-0.0073470343,-0.005093657,0.0053349547,0.99997276,-0.04788208,0.11012268,9.888046,-0.049819946,0.050720215,9.806351,-0.0095825195,-0.0010681152,0.0010681152,-22.494507,20.487976,-19.134521,0
0.986114502,0.67354596,0.7391453,-3.916664E-4,-0.7391277,0.67352605,-0.0072721266,-0.0051113605,0.0051876027,0.9999735,0.6594745,0.7517267,-6.419569E-4,-0.75170976,0.6594534,-0.007332482,-0.005088682,0.00531815,0.99997294,-0.12927246,0.08618164,9.787491,-0.050125122,0.050872803,9.806351,-0.0032043457,-0.0010681152,0.0063934326,-22.494507,20.487976,-19.134521,0
0.990478516,0.6735353,0.7391549,-3.6876838E-4,-0.7391373,0.6735156,-0.0072511616,-0.005111361,0.0051564844,0.9999736,0.65978223,0.75145656,-6.012721E-4,-0.7514397,0.6597616,-0.0072816904,-0.0050751776,0.00525615,0.9999733,-0.04309082,-0.04309082,9.945511,-0.050125122,0.050567627,9.806351,-0.013839722,-0.0032043457,0.007446289,-22.494507,20.487976,-19.134521,0
0.994842529,0.6851738,0.7283796,-2.637029E-4,-0.72836196,0.6851546,-0.0072227735,-0.005080243,0.005140926,0.9999739,0.660063,0.75121,-5.983729E-4,-0.7511931,0.6600425,-0.0072583985,-0.00505763,0.0052404944,0.9999735,0.04788208,0.01914978,9.94072,-0.049819946,0.05041504,9.806351,-0.0032043457,-0.004272461,0.0010681152,-21.59729,20.309448,-18.615723,0
0.999237061,0.6851554,0.7283968,-2.2365189E-4,-0.7283784,0.6851359,-0.007310951,-0.005172042,0.005172042,0.99997324,0.660566,0.75076777,-5.848012E-4,-0.75075096,0.6605456,-0.007251801,-0.0050581307,0.0052293334,0.99997354,-0.004776001,0.0143585205,9.902405,-0.050720215,0.050720215,9.806351,-0.0021362305,0.0,-0.0021362305,-21.59729,20.309448,-18.615723,0
1.003601074,0.6851503,0.7284017,-2.1236992E-4,-0.72838336,0.685131,-0.0073002903,-0.0051720426,0.0051564826,0.99997336,0.66103756,0.7503526,-5.3893216E-4,-0.75033504,0.66101676,-0.007359421,-0.005165918,0.005269233,0.99997276,-0.04788208,0.0143585205,9.988602,-0.050720215,0.050567627,9.806351,0.0095825195,0.024475098,-0.008529663,-21.59729,20.309448,-18.615723,0
1.007965088,0.6290028,0.77740276,-7.1289676E-4,-0.7773857,0.62898237,-0.007269799,-0.005203162,0.005126919,0.99997336,0.6615508,0.74990016,-4.8206886E-4,-0.7498824,0.66153044,-0.0073323064,-0.0051795947,0.005212188,0.999973,-0.13885498,-0.02394104,9.998184,-0.05102539,0.05027771,9.806351,-0.012771606,0.003189087,0.007446289,-23.570251,19.05365,-18.788147,0
1.012359619,0.62898695,0.7774156,-6.8004313E-4,-0.7773984,0.6289667,-0.0072610984,-0.005217166,0.005095801,0.9999735,0.6609079,0.75046676,-4.8176665E-4,-0.7504492,0.6608878,-0.0073024365,-0.005161843,0.00518778,0.9999732,-0.009567261,0.0909729,10.055634,-0.05116272,0.049972534,9.806351,-0.0053100586,-0.004272461,-0.0010681152,-23.570251,19.05365,-18.788147,0
1.016723633,0.62898225,0.7774194,-6.7029987E-4,-0.77740204,0.628962,-0.0072731897,-0.0052327253,0.0050958,0.99997336,0.66034603,0.75096136,-4.3363217E-4,-0.75094354,0.66032606,-0.0072984835,-0.0051945406,0.0051451577,0.9999733,-0.12449646,0.05265808,10.074799,-0.051315308,0.049972534,9.806351,-0.0095825195,0.007446289,0.020217896,-23.570251,19.05365,-18.788147,0
1.021087646,0.6607545,0.75060207,-3.365367E-4,-0.7505836,0.6607349,-0.007329802,-0.0052794027,0.0050957985,0.99997306,0.6597226,0.751509,-4.909034E-4,-0.7514911,0.6597021,-0.007362282,-0.0052089714,0.005225974,0.99997276,-0.16758728,0.028717041,9.959869,-0.05177307,0.049972534,9.806351,0.019165039,0.003189087,-0.0021362305,-22.673035,19.950867,-18.269348,0
1.025482178,0.660745,0.75061035,-3.1569635E-4,-0.75059175,0.66072553,-0.0073300283,-0.0052934065,0.005080239,0.99997306,0.65975356,0.7514819,-4.3825596E-4,-0.7514639,0.6597334,-0.0073423237,-0.005228491,0.005173458,0.99997294,-0.08618164,0.0335083,9.92157,-0.0519104,0.049819946,9.806351,-0.011703491,0.004257202,0.003189087,-22.673035,19.950867,-18.269348,0
1.029846191,0.6607591,0.7505979,-3.4677272E-4,-0.75057954,0.66073954,-0.007318126,-0.005263844,0.005095799,0.9999732,0.6597321,0.7515008,-4.729433E-4,-0.7514831,0.6597119,-0.007313613,-0.0051841796,0.0051804334,0.9999732,0.03829956,0.07182312,10.0269165,-0.051620483,0.049972534,9.806351,0.0021209717,-0.010665894,-0.012786865,-22.673035,19.950867,-18.269348,0
1.034210205,0.64431274,0.764762,-4.6267684E-4,-0.7647438,0.644293,-0.0073114345,-0.0052934075,0.00506468,0.9999732,0.659756,0.75147974,-4.513336E-4,-0.75146216,0.6597362,-0.0072665988,-0.0051629404,0.0051333425,0.9999735,-0.14364624,-0.0143585205,10.050858,-0.0519104,0.04966736,9.806351,-0.010635376,-0.005340576,0.0010681152,-21.777344,18.336487,-18.096924,0
1.038574219,0.64432514,0.76475143,-4.882314E-4,-0.7647332,0.6443051,-0.007353415,-0.005308965,0.005111357,0.9999729,0.65944296,0.7517545,-4.5971852E-4,-0.7517369,0.65942293,-0.0072928974,-0.0051793195,0.0051548365,0.9999733,-0.10055542,0.15800476,9.92157,-0.05206299,0.050125122,9.806351,0.0053253174,0.003189087,-0.0021362305,-21.777344,18.336487,-18.096924,0
1.04296875,0.6443203,0.76475555,-4.7825245E-4,-0.7647372,0.6443002,-0.0073653106,-0.0053245244,0.0051113567,0.99997276,0.65914315,0.7520173,-4.662238E-4,-0.75199944,0.6591229,-0.007335537,-0.005209152,0.005185769,0.99997294,-0.07661438,0.06703186,10.0269165,-0.052215576,0.050125122,9.806351,0.007446289,0.006378174,0.0,-21.777344,18.336487,-18.096924,0
1.047332764,0.64432126,0.7647549,-4.801172E-4,-0.76473635,0.64430106,-0.0073872353,-0.005340083,0.0051269154,0.9999726,0.65884566,0.752278,-4.5267097E-4,-0.75226,0.6588255,-0.00732404,-0.005211483,0.0051659383,0.99997306,-0.09576416,0.10055542,10.012543,-0.052368164,0.05027771,9.806351,-0.004257202,0.0,-0.0010681152,-21.777344,18.336487,-18.096924,0
1.051696777,0.644323,0.7647534,-4.8366134E-4,-0.7647347,0.6443025,-0.0074288915,-0.005369645,0.0051564774,0.9999723,0.65857804,0.7525123,-5.088514E-4,-0.75249475,0.6585579,-0.0072892997,-0.00515018,0.005183481,0.9999733,-0.11012268,0.11491394,9.98381,-0.05265808,0.050567627,9.806351,0.004257202,-0.014923096,0.0063934326,-21.777344,18.336487,-18.096924,0
1.056091309,0.64433706,0.76474154,-5.125999E-4,-0.7647231,0.64431655,-0.007394394,-0.005324523,0.0051564784,0.99997246,0.6583124,0.75274473,-4.890263E-4,-0.75272715,0.6582923,-0.0072933016,-0.005168072,0.0051693735,0.9999733,0.028717041,0.0335083,10.070007,-0.052215576,0.050567627,9.806351,-0.0032043457,0.003189087,0.0053253174,-21.777344,18.336487,-18.096924,0
1.060455322,0.6465904,0.76283723,-4.907817E-4,-0.76281875,0.64656997,-0.007395874,-0.005324523,0.0051564784,0.99997246,0.65806264,0.75296307,-4.9335044E-4,-0.7529454,0.65804243,-0.0073047234,-0.005175541,0.0051784315,0.9999732,-0.028717041,0.08139038,9.964661,-0.052215576,0.050567627,9.806351,0.0021209717,0.0010528564,0.008514404,-22.494507,19.05365,-20.170593,0
1.064819336,0.6466018,0.7628275,-5.1260204E-4,-0.7628092,0.64658135,-0.007394073,-0.005308964,0.0051720385,0.9999726,0.6578415,0.75315624,-5.208787E-4,-0.75313884,0.6578213,-0.0072819088,-0.00514177,0.005182636,0.99997336,-0.01914978,0.09576416,10.0316925,-0.05206299,0.050720215,9.806351,0.0010681152,-0.008529663,0.0021209717,-22.494507,19.05365,-20.170593,0
1.069213867,0.64660084,0.76282835,-5.108028E-4,-0.7628102,0.6465805,-0.0073721427,-0.0052934047,0.0051564793,0.9999727,0.6576215,0.75334823,-5.28326E-4,-0.753331,0.6576015,-0.0072545623,-0.0051177843,0.0051687616,0.99997354,0.004776001,0.009567261,10.146622,-0.0519104,0.050567627,9.806351,-0.0032043457,-0.0063934326,0.0010681152,-22.494507,19.05365,-20.170593,0
1.073577881,0.6720063,0.74054533,-2.3943321E-4,-0.7405264,0.6719867,-0.0073862593,-0.0053089643,0.0051409197,0.9999727,0.65739566,0.75354546,-5.0863833E-4,-0.7535279,0.65737534,-0.0073068854,-0.0051717036,0.0051867873,0.9999732,-0.09576416,-0.009567261,10.0316925,-0.05206299,0.05041504,9.806351,0.004257202,0.011703491,-0.0021362305,-21.59729,19.592285,-18.960571,0
1.077941895,0.67200124,0.74054986,-2.290268E-4,-0.7405307,0.67198163,-0.0073977793,-0.0053245234,0.0051409192,0.9999726,0.65769374,0.7532853,-4.8832525E-4,-0.7532675,0.6576734,-0.0073256805,-0.005197169,0.0051858937,0.999973,-0.0909729,0.06703186,10.050858,-0.052215576,0.05041504,9.806351,0.0,0.0053253174,0.0010681152,-21.59729,19.592285,-18.960571,0
1.082336426,0.6720063,0.74054533,-2.3943321E-4,-0.7405264,0.6719867,-0.0073862593,-0.0053089643,0.0051409197,0.9999727,0.65799254,0.7530243,-4.5923772E-4,-0.7530062,0.6579722,-0.0073545766,-0.0052360096,0.005185066,0.9999728,-0.01914978,0.03829956,9.993393,-0.05206299,0.05041504,9.806351,0.0,0.008514404,0.003189087,-21.59729,19.592285,-18.960571,0
1.086700439,0.68582344,0.72776794,-6.885254E-5,-0.72774833,0.6858043,-0.0074025,-0.005340083,0.0051269154,0.9999726,0.65826464,0.7527864,-3.928265E-4,-0.7527678,0.65824455,-0.0073983674,-0.005310815,0.0051657916,0.9999725,-0.15800476,0.03829956,10.09874,-0.052368164,0.05027771,9.806351,-0.004257202,0.017028809,-0.0032043457,-22.314453,21.026611,-18.615723,0
1.091064453,0.6857952,0.7277946,-4.8738198E-6,-0.72777456,0.6857763,-0.0074253194,-0.005400765,0.0050957953,0.99997246,0.6588387,0.75228417,-4.019509E-4,-0.7522659,0.6588188,-0.0073391125,-0.005256285,0.0051376657,0.999973,-0.1819458,-0.0335083,9.911987,-0.052963257,0.049972534,9.806351,-0.006378174,-0.012786865,0.004257202,-22.314453,21.026611,-18.615723,0
1.095458984,0.6857999,0.7277902,-1.5497022E-5,-0.7277702,0.68578094,-0.0074139955,-0.0053852056,0.0050957953,0.99997246,0.6593865,0.751804,-3.372007E-4,-0.7517854,0.65936685,-0.0073576323,-0.0053091585,0.005105026,0.9999729,-0.04309082,0.02394104,9.979019,-0.05281067,0.049972534,9.806351,-0.007446289,0.011703491,0.0,-22.314453,21.026611,-18.615723,0
1.099822998,0.6340885,0.77326024,-4.5903557E-4,-0.77324146,0.6340687,-0.0073809377,-0.005416326,0.005035114,0.9999727,0.6599713,0.75129074,-3.2044505E-4,-0.751272,0.65995175,-0.007349792,-0.0053103524,0.0050913934,0.99997294,-0.10533142,-0.10055542,9.988602,-0.053115845,0.04937744,9.806351,-0.0032043457,0.0,0.014892578,-23.031616,18.875122,-18.960571,0
1.104217529,0.63411534,0.77323836,-5.134055E-4,-0.77321976,0.6340952,-0.0073855044,-0.0053852065,0.0050802366,0.9999726,0.6595053,0.7516998,-2.945247E-4,-0.7516809,0.65948594,-0.00735553,-0.005334915,0.0050724,0.9999729,0.0,0.17237854,10.065216,-0.05281067,0.049819946,9.806351,-0.004257202,0.0053253174,0.013824463,-23.031616,18.875122,-18.960571,0
1.108581543,0.6340945,0.7732554,-4.7101104E-4,-0.7732366,0.6340745,-0.0073908074,-0.0054163258,0.005050673,0.9999726,0.65898395,0.7521569,-3.105267E-4,-0.7521379,0.6589643,-0.0073846425,-0.005349784,0.00509992,0.9999727,-0.12927246,-0.04309082,10.017334,-0.053115845,0.04953003,9.806351,0.0063934326,0.003189087,-0.0063934326,-23.031616,18.875122,-18.960571,0
1.112976074,0.63533896,0.77223325,-4.3507564E-4,-0.7722144,0.6353193,-0.007371786,-0.0054163267,0.0050195544,0.99997276,0.6585032,0.75257784,-3.129451E-4,-0.75255847,0.6584831,-0.0074686203,-0.005414649,0.0051536197,0.99997205,-0.03829956,0.009567261,9.92157,-0.053115845,0.049224854,9.806351,0.012786865,0.014892578,0.003189087,-23.390198,19.233704,-17.9245,0
1.117340088,0.63534445,0.7722288,-4.470392E-4,-0.77220994,0.63532466,-0.007381675,-0.005416326,0.005035114,0.9999727,0.6580422,0.75298095,-3.408813E-4,-0.752962,0.65802234,-0.007409744,-0.0053550885,0.005132595,0.99997246,-0.08139038,0.07661438,10.074799,-0.053115845,0.04937744,9.806351,-0.004257202,-0.0138549805,-0.0010681152,-23.390198,19.233704,-17.9245,0
1.121704102,0.63535887,0.77221686,-4.7868886E-4,-0.77219826,0.635339,-0.0073675383,-0.005385207,0.005050674,0.99997276,0.6575974,0.75336945,-2.7542235E-4,-0.7533501,0.6575778,-0.007417026,-0.0054066493,0.0050849067,0.99997246,0.04309082,0.08618164,10.007751,-0.05281067,0.04953003,9.806351,-0.010635376,0.011703491,0.0010681152,-23.390198,19.233704,-17.9245,0
1.126098633,0.6852163,0.72833955,5.559367E-7,-0.7283195,0.6851974,-0.007414651,-0.005400765,0.0050802357,0.99997246,0.65712726,0.75377965,-2.37155E-4,-0.75376016,0.65710783,-0.0074093384,-0.005429172,0.005047636,0.9999725,-0.10533142,0.11012268,10.060425,-0.052963257,0.049819946,9.806351,-0.008514404,0.0053253174,-0.009597778,-21.777344,20.487976,-19.47937,0
1.130462646,0.68527657,0.72828305,-1.2619824E-4,-0.728264,0.6852573,-0.0073678517,-0.0052794022,0.0051409206,0.9999729,0.6577432,0.7532423,-2.1089031E-4,-0.7532225,0.6577239,-0.0074271676,-0.0054557486,0.0050440156,0.9999724,-0.028717041,0.13406372,9.979019,-0.05177307,0.05041504,9.806351,-0.0010681152,0.006378174,0.013824463,-21.777344,20.487976,-19.47937,0
1.134857178,0.68527657,0.72828305,-1.2619824E-4,-0.728264,0.6852573,-0.0073678517,-0.0052794022,0.0051409206,0.9999729,0.6582892,0.7527651,-3.049923E-4,-0.7527462,0.65826964,-0.0073646605,-0.005343092,0.0050776573,0.9999729,-0.0622406,0.04788208,9.897629,-0.05177307,0.05041504,9.806351,0.007446289,-0.02557373,-0.004272461,-21.777344,20.487976,-19.47937,0
1.139221191,0.67200816,0.7405436,-2.478448E-4,-0.7405249,0.6719887,-0.0073329797,-0.005263843,0.005111358,0.99997306,0.658903,0.7522279,-2.7169264E-4,-0.7522086,0.65888345,-0.0074056676,-0.0053917356,0.005083986,0.9999725,0.009567261,-0.009567261,10.017334,-0.051620483,0.050125122,9.806351,0.0010681152,0.011703491,0.020217896,-21.59729,19.592285,-18.615723,0
1.143615723,0.6720087,0.7405432,-2.4890606E-4,-0.74052435,0.67198914,-0.0073549584,-0.0052794022,0.0051269173,0.9999729,0.6591739,0.7519905,-2.2805342E-4,-0.7519711,0.6591547,-0.007384501,-0.005402752,0.00503916,0.9999727,-0.08139038,0.08139038,10.14183,-0.05177307,0.05027771,9.806351,-0.010635376,0.003189087,0.0021209717,-21.59729,19.592285,-18.615723,0
1.147979736,0.6719973,0.7405535,-2.2490561E-4,-0.7405348,0.6719781,-0.007312066,-0.005263844,0.00508024,0.99997324,0.65940845,0.75178486,-1.9574654E-4,-0.7517654,0.6593894,-0.007379555,-0.0054187654,0.0050132964,0.99997276,-0.028717041,-0.04309082,10.007751,-0.051620483,0.049819946,9.806351,-0.006378174,0.004257202,-0.007461548,-21.59729,19.592285,-18.615723,0
1.152374268,0.6859684,0.7276312,-5.4110755E-5,-0.727612,0.6859497,-0.007325859,-0.0052934075,0.00506468,0.9999732,0.65966207,0.7515623,-2.1832506E-4,-0.751543,0.65964293,-0.0073669245,-0.0053926865,0.0050237617,0.9999728,-0.13885498,-0.004776001,10.117889,-0.0519104,0.04966736,9.806351,0.0021209717,-0.005340576,0.0,-22.494507,21.20514,-18.443298,0
1.156738281,0.68595916,0.72764003,-3.2692522E-5,-0.72762084,0.6859407,-0.00730558,-0.005293408,0.0050351173,0.99997336,0.6601655,0.75112015,-1.5133014E-4,-0.7511007,0.6601469,-0.007334547,-0.005409226,0.0049556782,0.9999731,-0.0622406,-0.03829956,9.955078,-0.0519104,0.04937744,9.806351,-0.015960693,0.004257202,-0.009597778,-22.494507,21.20514,-18.443298,0
1.161132812,0.6859306,0.7276671,3.3174518E-5,-0.7276477,0.68591267,-0.007264607,-0.0053089694,0.004958876,0.9999736,0.66069955,0.75065047,-1.2869551E-4,-0.7506307,0.6606809,-0.0073706666,-0.0054477677,0.0049663987,0.9999728,-0.0622406,-0.1484375,10.103531,-0.05206299,0.04862976,9.806351,0.0021209717,0.0095825195,0.003189087,-22.494507,21.20514,-18.443298,0
1.166687012,0.64703405,0.762461,-3.0021495E-4,-0.7624425,0.64701545,-0.0072381054,-0.00532453,0.0049121976,0.9999738,0.6611911,0.75021744,-1.1504232E-4,-0.7501977,0.6611726,-0.0073594544,-0.005445128,0.0049523106,0.9999729,-0.11012268,-0.04788208,9.969452,-0.052215576,0.048171997,9.806351,-0.0032043457,0.0,-0.0063934326,-22.673035,19.233704,-17.578125,0
1.172271729,0.64701945,0.76247346,-2.6774427E-4,-0.7624548,0.6470011,-0.007230837,-0.00534009,0.0048826346,0.99997383,0.6609365,0.75044185,-7.240102E-5,-0.750422,0.66091824,-0.007339415,-0.005459953,0.0049052183,0.99997306,-0.08139038,-0.02394104,10.036484,-0.052368164,0.04788208,9.806351,-0.008514404,0.003189087,0.0063934326,-22.673035,19.233704,-17.578125,0
1.177856445,0.6470197,0.7624732,-2.6835164E-4,-0.7624544,0.64700115,-0.007251759,-0.005355648,0.004896637,0.9999736,0.66062975,0.75071186,-9.261328E-5,-0.7506918,0.66061115,-0.007397987,-0.0054925755,0.0049568545,0.99997264,-0.1197052,0.06703186,10.151413,-0.052520752,0.04801941,9.806351,0.0095825195,0.006378174,-0.007461548,-22.673035,19.233704,-17.578125,0
1.183441162,0.6094213,0.7928463,-5.893312E-4,-0.7928282,0.609402,-0.007245226,-0.0053852117,0.004882633,0.99997354,0.66041195,0.7509035,-9.30815E-5,-0.75088364,0.66039366,-0.0073459,-0.005454591,0.0049212133,0.999973,-0.09576416,0.01914978,9.955078,-0.05281067,0.04788208,9.806351,-0.006378174,-0.0063934326,0.012771606,-24.10736,18.51654,-18.269348,0
1.189025879,0.6094266,0.7928423,-6.0038624E-4,-0.79282427,0.60940725,-0.0072537647,-0.0053852117,0.004896637,0.99997354,0.6594504,0.7517481,-5.5191107E-5,-0.75172794,0.6594322,-0.0073721725,-0.0055056214,0.00490307,0.9999728,-0.05744934,0.10055542,10.093948,-0.05281067,0.04801941,9.806351,-0.0032043457,0.0095825195,0.007446289,-24.10736,18.51654,-18.269348,0
1.193847656,0.60942984,0.79283977,-6.072703E-4,-0.79282194,0.6094106,-0.0072217947,-0.005355649,0.004882634,0.9999738,0.6584763,0.75260144,-2.7941307E-5,-0.75258094,0.65845805,-0.0074139545,-0.0055613546,0.0049029416,0.9999725,0.009567261,0.004776001,9.950287,-0.052520752,0.04788208,9.806351,0.0,0.010650635,0.0,-24.10736,18.51654,-18.269348,0
1.19821167,0.62884575,0.7775299,-4.2621462E-4,-0.77751166,0.6288271,-0.00721272,-0.0053400905,0.0048670755,0.9999739,0.65753585,0.7534232,-1.6518636E-5,-0.75340307,0.6575181,-0.007330141,-0.005511837,0.0048322757,0.9999731,-0.0335083,0.004776001,9.988602,-0.052368164,0.047729492,9.806351,-0.014907837,-0.009597778,0.004257202,-23.570251,19.05365,-17.059326,0
1.202575684,0.6288415,0.77753335,-4.1646924E-4,-0.77751505,0.62882286,-0.007224815,-0.0053556496,0.004867075,0.99997383,0.656926,0.753955,-7.044547E-5,-0.75393534,0.6569082,-0.0072826,-0.0054444764,0.004837241,0.9999735,-0.07182312,0.05265808,9.945511,-0.052520752,0.047729492,9.806351,0.0010681152,-0.014923096,-0.0138549805,-23.570251,19.05365,-17.059326,0
1.206939697,0.628843,0.7775322,-4.1974758E-4,-0.77751374,0.6288241,-0.0072454875,-0.005369652,0.0048826337,0.9999736,0.6563969,0.75441575,-3.820029E-5,-0.7543957,0.6563791,-0.0073197056,-0.005497027,0.00483345,0.99997324,-0.08139038,0.08139038,10.117889,-0.05265808,0.04788208,9.806351,-0.0010681152,0.012756348,0.007446289,-23.570251,19.05365,-17.059326,0
1.211303711,0.6539016,0.75657976,-1.5076052E-4,-0.75656044,0.65388346,-0.007268701,-0.0054007713,0.0048670736,0.99997354,0.6558712,0.7548728,-5.3211814E-5,-0.7548528,0.65585333,-0.007330725,-0.0054988656,0.004848179,0.9999731,-0.13406372,0.02394104,10.0316925,-0.052963257,0.047729492,9.806351,0.003189087,0.0010528564,0.0053253174,-22.673035,19.592285,-18.615723,0
1.215667725,0.6539016,0.75657976,-1.5076052E-4,-0.75656044,0.65388346,-0.007268701,-0.0054007713,0.0048670736,0.99997354,0.6558387,0.754901,-4.6813395E-5,-0.7548814,0.65582114,-0.0072559332,-0.0054468103,0.0047940607,0.99997365,-0.05744934,0.04788208,10.09874,-0.052963257,0.047729492,9.806351,-0.012771606,-0.01171875,0.0021209717,-22.673035,19.592285,-18.615723,0
