time,ax,ay,az,imid,cf
0.0,9.572006,-0.12449646,2.0829468,1.0,0
0.004425049,9.567215,-0.1197052,2.087738,1.0,0
0.00881958,9.572006,-0.0909729,1.9584503,1.0,0
0.013244629,9.5767975,-0.05265808,1.8961945,1.0,0
0.017669678,9.634262,-0.11491394,2.1595612,1.0,0
0.022094727,9.62468,0.028717041,1.953659,1.0,0
0.026519776,9.60553,-0.14364624,2.0925293,1.0,0
0.030914307,9.653412,-0.04788208,2.015915,1.0,0
0.035339356,9.490601,-0.10055542,2.0446472,1.0,0
0.039764404,9.548065,-0.08139038,2.0829468,1.0,0
0.044189453,9.706085,-0.17237854,2.0446472,1.0,0
0.048583985,9.548065,-0.22026062,2.2170258,1.0,0
0.053009033,9.461884,-0.0909729,2.039856,1.0,0
0.057434082,9.548065,-0.1197052,1.8818359,1.0,0
0.061859131,9.485825,-0.09576416,2.1164703,1.0,0
0.06628418,9.485825,-0.09576416,2.1164703,1.0,0
0.070678711,9.485825,-0.09576416,2.1164703,1.0,0
0.07510376,9.533707,-0.15800476,2.1452026,1.0,0
0.079528809,9.533707,-0.15800476,2.1452026,1.0,0
0.083953858,9.643829,-0.16279602,2.1930847,1.0,0
0.088348389,9.62468,-0.15322876,2.2170258,1.0,0
0.092773438,9.524124,-0.24420166,2.202652,1.0,0
0.097198486,9.519333,-0.07661438,2.0254822,1.0,0
0.101623535,9.519333,-0.07661438,2.0254822,1.0,0
0.106018067,9.595947,-0.11012268,2.3271637,1.0,0
0.110443115,9.533707,-0.07182312,2.1404114,1.0,0
0.114868164,9.572006,-0.10055542,2.269699,1.0,0
0.119293213,9.476242,-0.22984314,2.2601166,1.0,0
0.123718262,9.476242,-0.22984314,2.2601166,1.0,0
0.128112793,9.5767975,-0.10055542,2.1068878,1.0,0
0.132537842,9.567215,-0.24420166,2.2601166,1.0,0
0.136962891,9.581589,-0.15800476,2.173935,1.0,0
0.14138794,9.60553,-0.009567261,2.0494232,1.0,0
0.145782471,9.595947,-0.10533142,2.1835022,1.0,0
0.15020752,9.62468,-0.028717041,2.0063324,1.0,0
0.154632569,9.581589,-0.04309082,2.0685883,1.0,0
0.159057617,9.543274,-0.1819458,2.1930847,1.0,0
0.163452149,9.567215,-0.11491394,2.1835022,1.0,0
0.167877197,9.5767975,-0.10055542,1.8243713,1.0,0
0.172302246,9.46666,-0.0909729,2.0590057,1.0,0
0.176727295,9.500183,-0.15322876,2.0829468,1.0,0
0.181152344,9.552856,-0.10533142,2.0542145,1.0,0
0.185546875,9.629471,-0.03829956,2.0207062,1.0,0
0.189971924,9.629471,-0.03829956,2.0207062,1.0,0
0.194396973,9.533707,-0.16279602,1.9680328,1.0,0
0.198822022,9.595947,-0.07182312,1.9728088,1.0,0
0.203216553,9.485825,-0.13885498,2.0781555,1.0,0
0.207641602,9.60553,-0.18673706,2.111679,1.0,0
0.212066651,9.639053,-0.05265808,2.0111237,1.0,0
0.216491699,9.648621,-0.1484375,2.2409668,1.0,0
0.220916748,9.572006,-0.08139038,2.0446472,1.0,0
0.225311279,9.528915,-0.04309082,1.9728088,1.0,0
0.229736328,9.509766,-0.10055542,2.1404114,1.0,0
0.234161377,9.557648,-0.12449646,2.2313843,1.0,0
0.238586426,9.552856,-0.16279602,2.1404114,1.0,0
0.242980957,9.500183,-0.1819458,1.9488678,1.0,0
0.247406006,9.648621,-0.26335144,2.0925293,1.0,0
0.251800537,9.481033,-0.0909729,2.2936401,1.0,0
0.256225586,9.58638,-0.07661438,2.2553253,1.0,0
0.260650635,9.58638,-0.19152832,2.202652,1.0,0
0.265045166,9.572006,-0.07661438,2.1212616,1.0,0
0.269439697,9.720444,-0.0909729,2.2553253,1.0,0
0.273803711,9.495392,-0.06703186,2.2936401,1.0,0
0.278167725,9.562439,-0.21546936,2.1452026,1.0,0
0.282531738,9.514557,-0.15800476,2.1882935,1.0,0
0.286895752,9.595947,-0.004776001,1.9919739,1.0,0
0.291259766,9.619888,-0.08618164,2.1643524,1.0,0
0.295623779,9.533707,-0.17237854,2.0829468,1.0,0
0.299987793,9.595947,0.028717041,2.0925293,1.0,0
0.304351807,9.42836,-0.08618164,2.15477,1.0,0
0.30871582,9.524124,-0.17237854,2.111679,1.0,0
0.313079834,9.610321,-0.18673706,2.0590057,1.0,0
0.317443848,9.533707,-0.07182312,2.1164703,1.0,0
0.321807861,9.533707,-0.07182312,2.1164703,1.0,0
0.326171875,9.533707,-0.07182312,2.1164703,1.0,0
0.330535889,9.528915,-0.12927246,2.0350647,1.0,0
0.334899903,9.60553,-0.16279602,1.9967499,1.0,0
0.339294434,9.524124,-0.22026062,2.178711,1.0,0
0.343658447,9.610321,-0.14364624,1.9680328,1.0,0
0.348022461,9.615112,-0.06703186,2.0015411,1.0,0
0.352386475,9.639053,-0.11491394,2.087738,1.0,0
0.356750488,9.557648,-0.0622406,2.1452026,1.0,0
0.361114502,9.552856,-0.1484375,2.221817,1.0,0
0.365478516,9.519333,-0.08618164,2.1020966,1.0,0
0.369842529,9.490601,-0.0622406,2.0542145,1.0,0
0.374206543,9.485825,-0.08139038,2.1308289,1.0,0
0.378570557,9.485825,-0.0909729,2.0685883,1.0,0
0.38293457,9.46666,-0.11491394,2.1068878,1.0,0
0.387298584,9.46666,-0.11491394,2.1068878,1.0,0
0.391662598,9.60553,-0.10055542,2.1499786,1.0,0
0.396026611,9.58638,-0.15800476,2.039856,1.0,0
0.400390625,9.46666,-0.15322876,2.0446472,1.0,0
0.404754639,9.524124,-0.12927246,1.929718,1.0,0
0.40914917,9.658203,-0.2106781,2.173935,1.0,0
0.413513184,9.514557,-0.1197052,2.1930847,1.0,0
0.417877197,9.591171,-0.004776001,2.13562,1.0,0
0.422241211,9.519333,-0.12449646,2.0925293,1.0,0
0.426605225,9.615112,-0.22505188,2.0733643,1.0,0
0.430969238,9.46666,-0.07661438,2.1930847,1.0,0
0.435333252,9.591171,-0.11491394,2.1164703,1.0,0
0.439697266,9.476242,-0.12449646,2.2122345,1.0,0
0.444061279,9.562439,-0.16758728,2.015915,1.0,0
0.448425293,9.528915,-0.14364624,1.9919739,1.0,0
0.452789307,9.533707,-0.028717041,1.9345093,1.0,0
0.45715332,9.581589,-0.27293396,2.063797,1.0,0
0.461517334,9.461884,-0.09576416,1.9776001,1.0,0
0.465881348,9.46666,-0.15322876,2.0781555,1.0,0
0.470245361,9.500183,-0.12449646,1.9919739,1.0,0
0.474609375,9.528915,-0.13885498,2.1020966,1.0,0
0.479003906,9.543274,-0.07661438,2.0781555,1.0,0
0.48336792,9.457092,-0.1771698,2.0781555,1.0,0
0.487731934,9.533707,-0.11012268,2.087738,1.0,0
0.492095947,9.610321,-0.10533142,1.9584503,1.0,0
0.496459961,9.552856,-0.10055542,2.1595612,1.0,0
0.500823975,9.581589,-0.19152832,2.0542145,1.0,0
0.505187988,9.600739,-0.12449646,2.0350647,1.0,0
0.509552002,9.581589,-0.08618164,2.0302734,1.0,0
0.513916016,9.634262,-0.17237854,2.0494232,1.0,0
0.518280029,9.538498,-0.12449646,1.8531036,1.0,0
0.522644043,9.543274,-0.08618164,1.9105682,1.0,0
0.527008057,9.533707,-0.03829956,2.015915,1.0,0
0.53137207,9.600739,-0.07182312,2.087738,1.0,0
0.535736084,9.552856,-0.0143585205,2.0254822,1.0,0
0.540100098,9.528915,-0.05744934,2.1835022,1.0,0
0.544464111,9.572006,-0.16758728,2.197876,1.0,0
0.548858643,9.600739,-0.07661438,2.0685883,1.0,0
0.553222656,9.567215,-0.13885498,2.015915,1.0,0
0.55758667,9.528915,-0.13885498,2.221817,1.0,0
0.561950684,9.514557,-0.10055542,2.1020966,1.0,0
0.566314697,9.667786,0.0,2.0781555,1.0,0
0.570678711,9.5767975,-0.04788208,2.0542145,1.0,0
0.575042725,9.5767975,-0.04788208,2.0542145,1.0,0
0.579406738,9.481033,-0.11012268,1.9967499,1.0,0
0.58404541,9.653412,-0.03829956,1.9967499,1.0,0
0.588684082,9.653412,-0.03829956,1.9967499,1.0,0
0.593322754,9.528915,-0.17237854,2.063797,1.0,0
0.597961426,9.567215,-0.03829956,2.0063324,1.0,0
0.602600098,9.600739,-0.07182312,1.8674622,1.0,0
0.60723877,9.610321,-0.009567261,1.9488678,1.0,0
0.611877442,9.509766,-0.08139038,1.9440765,1.0,0
0.616485596,9.567215,-0.13406372,2.0063324,1.0,0
0.621124268,9.543274,-0.02394104,1.9153595,1.0,0
0.62576294,9.62468,-0.07661438,2.0111237,1.0,0
0.630401611,9.490601,-0.10055542,1.9345093,1.0,0
0.635040283,9.591171,-0.1197052,1.9488678,1.0,0
0.639678955,9.600739,-0.04788208,2.063797,1.0,0
0.644317627,9.557648,-0.14364624,2.1068878,1.0,0
0.648956299,9.567215,-0.0909729,2.087738,1.0,0
0.653594971,9.533707,-0.07182312,1.9249268,1.0,0
0.657806397,9.595947,-0.13406372,2.1835022,1.0,0
0.661895752,9.58638,-0.10533142,2.0254822,1.0,0
0.665985108,9.62468,-0.13885498,1.9919739,1.0,0
0.670074463,9.672562,-0.04309082,1.9919739,1.0,0
0.674163819,9.524124,-0.0909729,2.0302734,1.0,0
0.678253174,9.557648,-0.12927246,2.087738,1.0,0
0.682342529,9.600739,-0.13885498,2.087738,1.0,0
0.686431885,9.4379425,-0.12927246,1.9105682,1.0,0
0.69052124,9.533707,-0.10533142,2.15477,1.0,0
0.694610596,9.572006,-0.11491394,2.0207062,1.0,0
0.698699951,9.519333,-0.13885498,2.1404114,1.0,0
0.702789307,9.543274,-0.10533142,1.9680328,1.0,0
0.706878662,9.600739,-0.04788208,2.0254822,1.0,0
0.710968018,9.490601,-0.11491394,2.1595612,1.0,0
0.715637207,9.706085,-0.10533142,2.0781555,1.0,0
0.720306397,9.706085,-0.10533142,2.0781555,1.0,0
0.725006104,9.581589,-0.15800476,2.0111237,1.0,0
0.729675293,9.619888,-0.10055542,1.9967499,1.0,0
0.734375,9.557648,-0.09576416,2.087738,1.0,0
0.73904419,9.600739,-0.12449646,1.9680328,1.0,0
0.743743897,9.514557,-0.15322876,1.9584503,1.0,0
0.748413086,9.538498,-0.13885498,1.9967499,1.0,0
0.753112793,9.548065,-0.16758728,2.1020966,1.0,0
0.757781983,9.615112,-0.12927246,2.0925293,1.0,0
0.76248169,9.500183,-0.01914978,2.1020966,1.0,0
0.767150879,9.667786,-0.11012268,2.0254822,1.0,0
0.771850586,9.524124,-0.03829956,2.0111237,1.0,0
0.776519776,9.572006,-0.08618164,2.0254822,1.0,0
0.780944824,9.581589,-0.0143585205,2.1260376,1.0,0
0.785339356,9.509766,-0.11012268,1.9776001,1.0,0
0.789764404,9.433151,-0.004776001,2.087738,1.0,0
0.794158936,9.528915,-0.10055542,2.087738,1.0,0
0.798583985,9.567215,-0.08139038,1.9776001,1.0,0
0.802978516,9.552856,-0.1771698,2.039856,1.0,0
0.807373047,9.600739,-0.1197052,2.0494232,1.0,0
0.811798096,9.514557,-0.16279602,2.1404114,1.0,0
0.816192627,9.44751,-0.1197052,2.0781555,1.0,0
0.820617676,9.5767975,-0.0909729,2.0207062,1.0,0
0.825012207,9.567215,-0.13885498,1.9201355,1.0,0
0.829437256,9.567215,-0.13885498,1.9201355,1.0,0
0.833831787,9.5767975,-0.04788208,2.0111237,1.0,0
0.838226319,9.557648,-0.10055542,1.9728088,1.0,0
0.842651367,9.552856,-0.1197052,1.9105682,1.0,0
0.847045899,9.572006,-0.07182312,2.0207062,1.0,0
0.851470947,9.572006,-0.0909729,2.0302734,1.0,0
0.855865479,9.572006,-0.0909729,2.0302734,1.0,0
0.860290528,9.595947,-0.12449646,1.8722534,1.0,0
0.864685059,9.639053,-0.08139038,2.0207062,1.0,0
0.86907959,9.615112,-0.20111084,2.0925293,1.0,0
0.873504639,9.524124,-0.004776001,1.953659,1.0,0
0.87789917,9.595947,-0.01914978,1.9680328,1.0,0
0.882324219,9.591171,-0.12927246,1.9584503,1.0,0
0.88671875,9.500183,-0.1819458,2.0254822,1.0,0
0.891143799,9.504974,-0.11491394,2.0590057,1.0,0
0.89553833,9.552856,-0.06703186,2.1404114,1.0,0
0.899963379,9.648621,-0.19631958,2.0925293,1.0,0
0.90435791,9.5767975,-0.12927246,2.0733643,1.0,0
0.908752442,9.62468,-0.07182312,1.9632416,1.0,0
0.91317749,9.58638,-0.004776001,2.197876,1.0,0
0.917572022,9.58638,-0.04788208,2.0302734,1.0,0
0.92199707,9.610321,-0.12449646,2.015915,1.0,0
0.926391602,9.548065,-0.04788208,2.1308289,1.0,0
0.930816651,9.696503,-0.11491394,2.0925293,1.0,0
0.935211182,9.538498,-0.17237854,2.039856,1.0,0
0.939605713,9.528915,-0.0622406,2.1499786,1.0,0
0.944030762,9.58638,-0.11012268,1.8818359,1.0,0
0.948425293,9.509766,-0.05744934,1.8052216,1.0,0
0.952850342,9.595947,-0.10055542,2.0254822,1.0,0
0.957244873,9.481033,-0.1197052,2.087738,1.0,0
0.961669922,9.60553,-0.04788208,2.0542145,1.0,0
0.966064453,9.610321,-0.08618164,2.0254822,1.0,0
0.970458985,9.653412,-0.08139038,1.953659,1.0,0
0.974884033,9.619888,-0.15322876,1.9393005,1.0,0
0.979278565,9.538498,-0.19631958,1.9249268,1.0,0
0.983703613,9.595947,-0.04309082,1.9967499,1.0,0
0.988098145,9.595947,-0.04309082,1.9967499,1.0,0
0.992523194,9.543274,-0.1197052,1.9393005,1.0,0
0.996917725,9.5767975,-0.1771698,2.2744904,1.0,0
1.001342774,9.629471,-0.07182312,2.0207062,1.0,0
1.005737305,9.629471,-0.08618164,1.9345093,1.0,0
1.010131836,9.629471,-0.05744934,1.9393005,1.0,0
1.014556885,9.639053,-0.18673706,1.9823914,1.0,0
1.018951416,9.615112,-0.028717041,2.015915,1.0,0
1.023376465,9.634262,-0.08618164,1.9919739,1.0,0
1.027770996,9.600739,-0.1197052,2.1308289,1.0,0
1.032196045,9.691727,-0.028717041,2.0973206,1.0,0
1.036590576,9.557648,-0.0335083,2.221817,1.0,0
1.040985108,9.591171,-0.02394104,2.0446472,1.0,0
1.045410156,9.662994,-0.15322876,2.0590057,1.0,0
1.049804688,9.648621,-0.11491394,2.0302734,1.0,0
1.054229736,9.653412,-0.10533142,1.9776001,1.0,0
1.058624268,9.701294,-0.03829956,2.0925293,1.0,0
1.063049317,9.519333,-0.16758728,2.0973206,1.0,0
1.067443848,9.672562,-0.03829956,1.9728088,1.0,0
1.071868897,9.686935,-0.17237854,1.9345093,1.0,0
1.076263428,9.595947,-0.0909729,1.9009857,1.0,0
1.080657959,9.595947,-0.0909729,1.9009857,1.0,0
1.085083008,9.619888,-0.14364624,1.7381897,1.0,0
1.089477539,9.533707,-0.10533142,1.905777,1.0,0
1.093902588,9.595947,-0.19152832,1.9153595,1.0,0
1.098297119,9.648621,-0.05265808,2.0015411,1.0,0
1.102722168,9.509766,-0.10055542,2.0207062,1.0,0
1.107116699,9.46666,-0.07182312,2.0733643,1.0,0
1.111511231,9.524124,0.0335083,2.1212616,1.0,0
1.115936279,9.495392,-0.028717041,1.9728088,1.0,0
1.120330811,9.495392,-0.028717041,1.9728088,1.0,0
1.12475586,9.528915,-0.1819458,2.063797,1.0,0
1.129150391,9.457092,-0.13406372,2.0015411,1.0,0
1.13357544,9.557648,-0.0909729,1.9584503,1.0,0
1.137969971,9.581589,-0.0335083,2.111679,1.0,0
1.142364502,9.658203,-0.04309082,2.015915,1.0,0
1.146789551,9.658203,-0.14364624,2.1643524,1.0,0
1.151184082,9.634262,-0.13885498,2.1308289,1.0,0
1.155609131,9.519333,-0.05265808,2.0542145,1.0,0
1.160003662,9.662994,0.01914978,2.0685883,1.0,0
1.164428711,9.562439,-0.009567261,2.0781555,1.0,0
1.168823242,9.552856,-0.19631958,1.9680328,1.0,0
1.173248291,9.648621,-0.02394104,1.9009857,1.0,0
1.177642822,9.572006,-0.12449646,1.9823914,1.0,0
1.182037354,9.552856,-0.11012268,1.8531036,1.0,0
1.186462403,9.62468,-0.08618164,1.9009857,1.0,0
1.190856934,9.619888,-0.23461914,1.7764893,1.0,0
1.195281983,9.519333,-0.18673706,1.5610046,1.0,0
1.199676514,9.62468,-0.009567261,1.8291626,1.0,0
1.204101563,9.552856,-0.01914978,1.8674622,1.0,0
1.208496094,9.533707,-0.19631958,1.9201355,1.0,0
1.212890625,9.538498,-0.05265808,2.1020966,1.0,0
1.217315674,9.533707,-0.12449646,2.0207062,1.0,0
1.221710205,9.519333,-0.19631958,2.1068878,1.0,0
1.226135254,9.691727,-0.14364624,2.2170258,1.0,0
1.230529785,9.667786,-0.15322876,1.9823914,1.0,0
1.234954834,9.519333,-0.1771698,2.1260376,1.0,0
1.239349365,9.60553,-0.1484375,2.1882935,1.0,0
1.243774414,9.552856,-0.028717041,2.0446472,1.0,0
1.248168945,9.500183,-0.10533142,2.0207062,1.0,0
1.252563477,9.552856,0.0335083,1.9728088,1.0,0
1.256988526,9.543274,-0.13406372,2.0111237,1.0,0
1.261383057,9.552856,-0.04788208,1.9201355,1.0,0
1.265808106,9.610321,-0.08618164,1.7908478,1.0,0
1.270202637,9.562439,-0.1197052,1.8148041,1.0,0
1.274627686,9.504974,-0.10533142,2.015915,1.0,0
1.279022217,9.581589,-0.11491394,2.0494232,1.0,0
1.283416748,9.648621,-0.10533142,1.9680328,1.0,0
1.287841797,9.572006,-0.02394104,1.9488678,1.0,0
1.292236328,9.610321,-0.10055542,2.0494232,1.0,0
1.296661377,9.5767975,-0.10055542,1.9440765,1.0,0
1.301055908,9.60553,-0.14364624,1.9440765,1.0,0
1.305480957,9.538498,-0.13406372,2.0207062,1.0,0
1.309875488,9.600739,-0.07661438,1.9249268,1.0,0
1.31427002,9.495392,-0.12449646,1.9440765,2.0,0
1.318695069,9.5767975,-0.13406372,1.8866272,2.0,0
1.3230896,9.619888,-0.14364624,1.8722534,2.0,0
1.327514649,9.500183,-0.13885498,1.9488678,2.0,0
1.33190918,9.500183,-0.13885498,1.9488678,2.0,0
1.336334229,9.461884,-0.11012268,2.039856,2.0,0
1.34072876,9.615112,-0.16279602,2.0542145,2.0,0
1.345153809,9.528915,-0.0909729,2.0685883,2.0,0
1.34954834,9.490601,-0.14364624,1.9249268,2.0,0
1.353942871,9.62468,-0.15800476,1.9153595,2.0,0
1.35836792,9.60553,-0.01914978,1.9823914,2.0,0
1.362762451,9.595947,-0.11491394,1.8818359,2.0,0
1.3671875,9.5767975,-0.08618164,1.8531036,2.0,0
1.371582031,9.658203,-0.15800476,1.9871826,2.0,0
1.37600708,9.667786,-0.10533142,1.9488678,2.0,0
1.380401611,9.548065,-0.08139038,1.8531036,2.0,0
1.384796143,9.538498,-0.13885498,1.9776001,2.0,0
1.389221192,9.538498,-0.13885498,1.9776001,2.0,0
1.393615723,9.600739,-0.07182312,1.8722534,2.0,0
1.398040772,9.677353,-0.20111084,2.0111237,2.0,0
1.402435303,9.600739,-0.0622406,2.0111237,2.0,0
1.406860352,9.619888,-0.04788208,2.015915,2.0,0
1.411254883,9.662994,-0.05265808,1.9871826,2.0,0
1.415679932,9.667786,-0.08618164,2.0207062,2.0,0
1.420074463,9.643829,-0.14364624,2.1499786,2.0,0
1.424468994,9.615112,-0.12449646,2.0685883,2.0,0
1.428894043,9.62468,-0.13885498,1.9823914,2.0,0
1.433288574,9.485825,-0.15800476,2.0925293,2.0,0
1.437713623,9.619888,-0.12927246,1.9871826,2.0,0
1.442108154,9.562439,-0.07661438,2.1068878,2.0,0
1.446533203,9.600739,-0.15322876,2.0015411,2.0,0
1.450927735,9.548065,-0.0622406,2.087738,2.0,0
1.455322266,9.634262,-0.11012268,1.9823914,2.0,0
1.459747315,9.533707,-0.03829956,1.9488678,2.0,0
1.464141846,9.552856,-0.03829956,1.9440765,2.0,0
1.468566895,9.639053,-0.05744934,2.2170258,2.0,0
1.472961426,9.461884,-0.09576416,1.8818359,2.0,0
1.477386475,9.629471,-0.0335083,2.1595612,2.0,0
1.481781006,9.691727,-0.10533142,2.0925293,2.0,0
1.486175537,9.552856,-0.04788208,1.9728088,2.0,0
1.490600586,9.5767975,-0.1484375,2.1260376,2.0,0
1.494995117,9.452301,-0.07182312,2.0350647,2.0,0
1.499420166,9.572006,-0.0909729,1.8961945,2.0,0
1.503814697,9.514557,-0.16758728,1.7333984,2.0,0
1.508239746,9.548065,-0.1484375,1.8483124,2.0,0
1.512634278,9.615112,0.009567261,1.8674622,2.0,0
1.517059326,9.528915,-0.20111084,1.8866272,2.0,0
1.521453858,9.528915,-0.20111084,1.8866272,2.0,0
1.525848389,9.639053,-0.02394104,2.0254822,2.0,0
1.530273438,9.710876,-0.0335083,1.9153595,2.0,0
1.534667969,9.581589,0.0335083,1.8770447,2.0,0
1.539093018,9.572006,-0.06703186,1.9584503,2.0,0
1.543487549,9.567215,-0.19631958,1.9919739,2.0,0
1.547912598,9.60553,-0.02394104,2.0685883,2.0,0
1.552307129,9.490601,-0.0622406,2.1691437,2.0,0
1.55670166,9.60553,-0.11012268,2.015915,2.0,0
1.561126709,9.524124,-0.15800476,2.0733643,2.0,0
1.56552124,9.662994,-0.11012268,1.953659,2.0,0
1.569946289,9.519333,-0.13885498,1.8961945,2.0,0
1.57434082,9.643829,-0.02394104,1.9488678,2.0,0
1.578765869,9.643829,-0.08618164,1.905777,2.0,0
1.583160401,9.643829,-0.08618164,1.905777,2.0,0
1.587585449,9.619888,-0.04309082,2.0973206,2.0,0
1.591979981,9.619888,-0.04309082,2.0973206,2.0,0
1.596374512,9.552856,-0.22505188,1.9728088,2.0,0
1.600799561,9.500183,-0.1197052,1.9728088,2.0,0
1.605194092,9.519333,-0.12449646,2.0494232,2.0,0
1.609619141,9.591171,-0.07661438,2.0063324,2.0,0
1.614013672,9.524124,-0.07661438,1.9680328,2.0,0
1.618438721,9.495392,-0.05265808,2.015915,2.0,0
1.622833252,9.5767975,-0.0622406,1.8770447,2.0,0
1.627227783,9.509766,-0.11012268,1.9632416,2.0,0
1.631652832,9.481033,-0.08139038,1.9105682,2.0,0
1.636047363,9.658203,-0.12927246,1.8770447,2.0,0
1.640472412,9.524124,-0.10055542,2.1595612,2.0,0
1.644866944,9.634262,-0.1484375,1.8339539,2.0,0
1.649291992,9.648621,-0.11012268,2.015915,2.0,0
1.653686524,9.648621,-0.11012268,2.015915,2.0,0
1.658081055,9.567215,-0.0909729,1.8722534,2.0,0
1.662506104,9.581589,-0.07661438,1.7860718,2.0,0
1.666900635,9.629471,-0.14364624,1.8866272,2.0,0
1.671325684,9.629471,-0.12449646,1.9249268,2.0,0
1.675720215,9.619888,-0.04309082,2.1068878,2.0,0
1.680145264,9.643829,-0.1484375,1.8100128,2.0,0
1.684539795,9.567215,-0.12449646,1.9919739,2.0,0
1.688964844,9.639053,-0.15322876,1.8674622,2.0,0
1.693359375,9.581589,-0.10055542,2.087738,2.0,0
1.697753906,9.504974,-0.07182312,1.9871826,2.0,0
1.702178955,9.600739,-0.05265808,1.9440765,2.0,0
1.706573486,9.610321,-0.06703186,1.8626862,2.0,0
1.710998535,9.60553,-0.18673706,1.9440765,2.0,0
1.715393067,9.581589,-0.19152832,2.1212616,2.0,0
1.719818115,9.572006,0.004776001,1.9967499,2.0,0
1.724212647,9.662994,-0.08618164,1.9105682,2.0,0
1.728607178,9.504974,-0.11491394,1.9871826,2.0,0
1.733032227,9.504974,-0.03829956,1.9009857,2.0,0
1.737426758,9.490601,-0.10055542,1.8387451,2.0,0
1.741851807,9.509766,-0.06703186,1.9201355,2.0,0
1.746246338,9.572006,-0.13885498,2.1499786,2.0,0
1.750671387,9.5767975,-0.18673706,2.0111237,2.0,0
1.755065918,9.60553,-0.0909729,1.8148041,2.0,0
1.759490967,9.58638,-0.03829956,1.8195801,2.0,0
1.763885498,9.768341,-0.17237854,2.063797,2.0,0
1.768280029,9.581589,0.02394104,2.1404114,2.0,0
1.772705078,9.543274,-0.18673706,2.0063324,2.0,0
1.77709961,9.653412,-0.1771698,2.1212616,2.0,0
1.781524658,9.495392,0.01914978,1.8531036,2.0,0
1.78591919,9.495392,0.01914978,1.8531036,2.0,0
1.790344238,9.581589,-0.0622406,1.9249268,2.0,0
1.79473877,9.600739,-0.10055542,1.9584503,2.0,0
1.799133301,9.610321,-0.11012268,1.8626862,2.0,0
1.80355835,9.615112,-0.14364624,1.9632416,2.0,0
1.807952881,9.610321,-0.04788208,1.9201355,2.0,0
1.81237793,9.639053,-0.08139038,1.953659,2.0,0
1.816772461,9.543274,-0.06703186,1.747757,2.0,0
1.82119751,9.581589,-0.11012268,1.9776001,2.0,0
1.825592041,9.62468,-0.11491394,1.9105682,2.0,0
1.829986572,9.643829,-0.09576416,2.039856,2.0,0
1.834411621,9.643829,-0.09576416,2.039856,2.0,0
1.838806153,9.600739,-0.0909729,1.9249268,2.0,0
1.843231201,9.701294,-0.17237854,1.929718,2.0,0
1.847625733,9.648621,-0.06703186,1.9728088,2.0,0
1.852050781,9.524124,-0.19152832,1.8578949,2.0,0
1.856445313,9.543274,-0.08618164,1.9009857,2.0,0
1.860870361,9.595947,-0.12449646,1.9345093,2.0,0
1.865264893,9.62468,-0.15322876,2.0446472,2.0,0
1.869659424,9.60553,-0.09576416,1.8531036,2.0,0
1.874084473,9.543274,-0.07182312,2.197876,2.0,0
1.878479004,9.686935,-0.0909729,2.0015411,2.0,0
1.882904053,9.639053,-0.13406372,1.8339539,2.0,0
1.887298584,9.682144,-0.18673706,1.8722534,2.0,0
1.891723633,9.581589,-0.12449646,1.9871826,2.0,0
1.896118164,9.60553,-0.11491394,1.9153595,2.0,0
1.900512695,9.629471,-0.13885498,1.8722534,2.0,0
1.904937744,9.595947,-0.11491394,1.953659,2.0,0
1.909332276,9.629471,-0.1484375,1.9345093,2.0,0
1.913757324,9.595947,-0.11491394,1.9919739,2.0,0
1.918151856,9.595947,-0.11491394,1.9919739,2.0,0
1.922576904,9.60553,-0.15322876,1.953659,2.0,0
1.926971436,9.543274,-0.13885498,1.8004303,2.0,0
1.931396485,9.639053,-0.19631958,1.9201355,2.0,0
1.935791016,9.595947,-0.19631958,1.953659,2.0,0
1.940185547,9.667786,-0.04309082,1.8291626,2.0,0
1.944610596,9.658203,-0.1197052,1.9584503,2.0,0
1.949005127,9.591171,-0.08139038,1.953659,2.0,0
1.953430176,9.662994,-0.08618164,1.8961945,2.0,0
1.957824707,9.686935,-0.009567261,1.9201355,2.0,0
1.962249756,9.658203,-0.10533142,1.9201355,2.0,0
1.966644287,9.696503,-0.13406372,1.9440765,2.0,0
1.971038819,9.538498,-0.1484375,1.9153595,2.0,0
1.975463867,9.490601,-0.19152832,1.9728088,2.0,0
1.979858399,9.643829,-0.09576416,1.8387451,2.0,0
1.984283447,9.643829,-0.09576416,1.8387451,2.0,0
1.988677979,9.610321,-0.1197052,1.795639,2.0,0
1.993103028,9.58638,-0.1197052,1.9488678,2.0,0
1.997497559,9.581589,-0.1197052,1.8578949,2.0,0
2.00189209,9.60553,-0.08139038,1.8004303,2.0,0
2.006317139,9.648621,-0.04788208,2.0015411,2.0,0
2.01071167,9.572006,-0.12927246,2.0111237,2.0,0
2.015136719,9.572006,-0.20111084,1.8291626,2.0,0
2.01953125,9.538498,-0.0622406,1.8578949,2.0,0
2.023956299,9.629471,-0.26335144,1.8243713,2.0,0
2.02835083,9.686935,-0.028717041,2.0015411,2.0,0
2.032775879,9.648621,-0.18673706,1.9201355,2.0,0
2.03717041,9.557648,-0.11012268,1.8243713,2.0,0
2.041564942,9.572006,-0.19631958,1.771698,2.0,0
2.04598999,9.528915,-0.12449646,1.8195801,2.0,0
2.050384522,9.528915,-0.12449646,1.8195801,2.0,0
2.05480957,9.600739,-0.15322876,1.795639,2.0,0
2.059204102,9.610321,-0.0622406,1.9249268,2.0,0
2.063629151,9.600739,-0.16279602,1.9153595,2.0,0
2.068023682,9.58638,-0.16758728,1.9249268,2.0,0
2.072418213,9.58638,-0.07182312,1.9105682,2.0,0
2.076843262,9.581589,-0.1484375,2.087738,2.0,0
2.081237793,9.739609,-0.15800476,1.8100128,2.0,0
2.085662842,9.739609,-0.15800476,1.8100128,2.0,0
2.090057373,9.58638,-0.15800476,1.8961945,2.0,0
2.094482422,9.643829,-0.1771698,1.8100128,2.0,0
2.098876953,9.509766,-0.01914978,1.929718,2.0,0
2.103302002,9.58638,-0.05744934,1.9440765,2.0,0
2.107696533,9.643829,-0.004776001,1.8435211,2.0,0
2.112091065,9.567215,-0.1819458,1.9440765,2.0,0
2.116516113,9.567215,-0.1819458,1.9440765,2.0,0
2.120910645,9.7348175,-0.05744934,1.9201355,2.0,0
2.125335694,9.658203,0.028717041,1.9728088,2.0,0
2.129730225,9.572006,-0.21546936,1.8435211,2.0,0
2.134155274,9.5767975,-0.15800476,1.9249268,2.0,0
2.138549805,9.572006,-0.009567261,1.6807251,2.0,0
2.142944336,9.615112,-0.11012268,1.8387451,2.0,0
2.147369385,9.600739,-0.12927246,1.8243713,2.0,0
2.151763916,9.514557,-0.0622406,1.8770447,2.0,0
2.156188965,9.62468,-0.16279602,1.9440765,2.0,0
2.160583496,9.696503,-0.12927246,1.8100128,2.0,0
2.165008545,9.504974,-0.0909729,1.8770447,2.0,0
2.169403076,9.552856,-0.16279602,2.0207062,2.0,0
2.173797608,9.662994,-0.02394104,1.9153595,2.0,0
2.178222656,9.662994,-0.1197052,2.0590057,2.0,0
2.182617188,9.662994,-0.1197052,2.0590057,2.0,0
2.187042236,9.634262,-0.0909729,1.953659,2.0,0
2.191436768,9.562439,-0.02394104,1.8435211,2.0,0
2.195861817,9.524124,-0.07182312,1.9680328,2.0,0
2.200256348,9.619888,-0.11012268,1.9871826,2.0,0
2.204681397,9.524124,-0.08618164,1.9776001,2.0,0
2.209075928,9.619888,-0.08618164,1.8243713,2.0,0
2.213470459,9.639053,-0.03829956,1.7621307,2.0,0
2.217895508,9.60553,-0.0622406,1.8052216,2.0,0
2.222290039,9.667786,-0.1197052,1.8626862,2.0,0
2.226715088,9.514557,-0.07182312,1.771698,2.0,0
2.231109619,9.5767975,-0.11491394,1.8195801,2.0,0
2.235534668,9.639053,-0.07182312,1.8435211,2.0,0
2.239929199,9.710876,-0.14364624,1.7525482,2.0,0
2.244323731,9.610321,-0.03829956,1.7669067,2.0,0
2.248748779,9.610321,-0.03829956,1.7669067,2.0,0
2.253143311,9.667786,-0.004776001,1.8722534,2.0,0
2.25756836,9.495392,-0.19152832,1.7046661,2.0,0
2.261962891,9.667786,-0.13885498,1.7429657,2.0,0
2.26638794,9.595947,-0.0143585205,1.8818359,2.0,0
2.270782471,9.557648,-0.13406372,1.8004303,2.0,0
2.27520752,9.58638,-0.10055542,1.7669067,2.0,0
2.279602051,9.567215,-0.09576416,1.8674622,2.0,0
2.283996582,9.634262,-0.08618164,1.8291626,2.0,0
2.288421631,9.615112,-0.13885498,1.9249268,2.0,0
2.292816162,9.500183,-0.15322876,1.9967499,2.0,0
2.297241211,9.567215,0.01914978,2.1260376,2.0,0
2.301635742,9.600739,-0.26335144,2.1164703,2.0,0
2.306060791,9.615112,-0.08139038,2.1452026,2.0,0
2.310455322,9.667786,-0.18673706,2.13562,2.0,0
2.314849854,9.667786,-0.18673706,2.13562,2.0,0
2.319274903,9.548065,-0.1484375,2.0685883,2.0,0
2.323669434,9.581589,0.0143585205,2.0829468,2.0,0
2.328094483,9.672562,-0.004776001,2.0590057,2.0,0
2.332489014,9.610321,-0.12927246,1.8291626,2.0,0
2.336914063,9.610321,-0.12927246,1.8291626,2.0,0
2.341308594,9.720444,-0.08618164,1.905777,2.0,0
2.345703125,9.682144,-0.009567261,1.8770447,2.0,0
2.350128174,9.5767975,-0.13406372,1.8578949,2.0,0
2.354522705,9.643829,-0.16279602,1.8770447,2.0,0
2.358947754,9.528915,-0.1819458,1.8483124,2.0,0
2.363342285,9.768341,0.0,1.9345093,2.0,0
2.367767334,9.615112,-0.10533142,1.771698,2.0,0
2.372161865,9.648621,-0.1197052,1.8435211,2.0,0
2.376586914,9.524124,-0.24899292,1.8291626,2.0,0
2.380981445,9.524124,-0.24899292,1.8291626,2.0,0
2.385375977,9.572006,-0.2681427,1.9105682,2.0,0
2.389801026,9.538498,-0.2394104,1.905777,2.0,0
2.394195557,9.60553,-0.14364624,1.8387451,2.0,0
2.398620606,9.682144,-0.07182312,1.7860718,2.0,0
2.403015137,9.653412,-0.1197052,1.5610046,2.0,0
2.407440186,9.600739,-0.07661438,1.9009857,2.0,0
2.411834717,9.677353,-0.15322876,1.7908478,2.0,0
2.416229248,9.58638,-0.07661438,1.8531036,2.0,0
2.420654297,9.629471,-0.07182312,1.7525482,2.0,0
2.425048828,9.662994,-0.14364624,1.8004303,2.0,0
2.429473877,9.610321,-0.0622406,1.7142334,2.0,0
2.433868408,9.62468,-0.15322876,1.8770447,2.0,0
2.438293457,9.629471,-0.11491394,1.9153595,2.0,0
2.442687988,9.643829,-0.19631958,1.8961945,2.0,0
2.447113037,9.591171,-0.17237854,2.1020966,2.0,0
2.451507569,9.552856,-0.13885498,1.8483124,2.0,0
2.4559021,9.567215,-0.09576416,1.8483124,2.0,0
2.460327149,9.686935,-0.12927246,1.8578949,2.0,0
2.46472168,9.615112,-0.004776001,1.9632416,2.0,0
2.469146729,9.543274,-0.15322876,1.8291626,2.0,0
2.47354126,9.567215,-0.07661438,1.8914185,2.0,0
2.477966309,9.572006,-0.0622406,1.8387451,2.0,0
2.48236084,9.60553,-0.02394104,1.953659,2.0,0
2.486755371,9.581589,-0.10533142,1.8100128,2.0,0
2.49118042,9.610321,-0.16758728,1.8818359,2.0,0
2.495574951,9.706085,-0.13885498,1.9728088,2.0,0
2.5,9.662994,-0.20588684,1.8722534,2.0,0
2.504394531,9.615112,-0.11012268,1.9153595,2.0,0
2.50881958,9.567215,-0.028717041,1.9440765,2.0,0
2.513214111,9.60553,-0.11491394,1.9009857,2.0,0
2.517608643,9.562439,-0.1484375,1.9153595,2.0,0
2.522033692,9.4379425,-0.07182312,1.8961945,2.0,0
2.526428223,9.677353,-0.2106781,1.8291626,2.0,0
2.530853272,9.653412,-0.04788208,1.9440765,2.0,0
2.535247803,9.60553,-0.15322876,1.8674622,2.0,0
2.539672852,9.62468,-0.13406372,1.8531036,2.0,0
2.544067383,9.696503,-0.11012268,1.8722534,2.0,0
2.548492432,9.595947,-0.009567261,1.7573395,2.0,0
2.552886963,9.5767975,-0.21546936,1.8961945,2.0,0
2.557281494,9.595947,-0.11012268,1.9680328,2.0,0
2.561706543,9.58638,-0.13406372,1.9105682,2.0,0
2.566101074,9.538498,-0.08618164,1.9584503,2.0,0
2.570526123,9.667786,-0.16758728,1.9440765,2.0,0
2.574920654,9.552856,-0.07182312,2.039856,2.0,0
2.579345703,9.701294,-0.1484375,1.8148041,2.0,0
2.583740235,9.567215,-0.13406372,1.7669067,2.0,0
2.588134766,9.567215,-0.13406372,1.7669067,2.0,0
2.592559815,9.648621,-0.13885498,1.8866272,2.0,0
2.596954346,9.634262,-0.08139038,1.6998749,2.0,0
2.601379395,9.629471,-0.1197052,1.8722534,2.0,0
2.605773926,9.725235,-0.04788208,1.8004303,2.0,0
2.610198975,9.5767975,-0.0622406,1.6998749,2.0,0
2.614593506,9.519333,-0.11012268,1.7142334,2.0,0
2.619018555,9.595947,-0.07661438,1.8148041,2.0,0
2.623413086,9.658203,-0.1197052,1.8387451,2.0,0
2.627807617,9.643829,-0.07661438,1.8387451,2.0,0
2.632232666,9.643829,-0.12927246,1.9345093,2.0,0
2.636627197,9.648621,-0.0143585205,1.929718,2.0,0
2.641052246,9.696503,-0.12449646,1.7525482,2.0,0
2.645446778,9.62468,-0.06703186,2.0350647,2.0,0
2.649871826,9.514557,-0.11012268,1.8339539,2.0,0
2.654266358,9.691727,-0.1484375,1.8004303,2.0,0
2.658660889,9.572006,-0.04788208,1.8052216,2.0,0
2.663085938,9.481033,-0.1484375,1.9345093,2.0,0
2.667480469,9.682144,-0.10055542,1.9440765,2.0,0
2.671905518,9.643829,-0.0335083,1.8961945,2.0,0
2.676300049,9.629471,-0.13406372,2.0302734,2.0,0
2.680725098,9.653412,-0.20111084,1.8339539,2.0,0
2.685119629,9.658203,-0.09576416,1.8866272,2.0,0
2.68951416,9.715668,-0.05744934,1.8866272,2.0,0
2.693939209,9.682144,-0.1197052,1.7860718,2.0,0
2.69833374,9.581589,-0.09576416,1.7046661,2.0,0
2.702758789,9.682144,-0.1197052,1.613678,2.0,0
2.70715332,9.643829,-0.0909729,1.8243713,2.0,0
2.711578369,9.62468,-0.13406372,1.6902924,2.0,0
2.715972901,9.62468,-0.13406372,1.6902924,2.0,0
2.720397949,9.643829,-0.22984314,1.7669067,2.0,0
2.724792481,9.552856,-0.0909729,1.608902,2.0,0
2.729187012,9.600739,-0.14364624,1.7094574,2.0,0
2.733612061,9.639053,-0.028717041,1.7669067,2.0,0
2.738006592,9.62468,-0.04309082,1.8243713,2.0,0
2.742431641,9.557648,-0.1484375,1.8100128,2.0,0
2.746826172,9.730026,-0.15322876,1.6519928,2.0,0
2.751251221,9.653412,-0.13406372,1.747757,2.0,0
2.755645752,9.509766,-0.04309082,1.6950836,2.0,0
2.760040283,9.739609,-0.14364624,1.7669067,2.0,0
2.764465332,9.619888,-0.16279602,1.8243713,2.0,0
2.768859863,9.634262,-0.08618164,1.7573395,2.0,0
2.773284912,9.658203,-0.11491394,1.6711426,2.0,0
2.777679444,9.643829,-0.29208374,1.7764893,2.0,0
2.782104492,9.643829,-0.29208374,1.7764893,2.0,0
2.786499024,9.557648,-0.14364624,1.7286072,2.0,0
2.790924072,9.629471,-0.06703186,1.8531036,2.0,0
2.795318604,9.619888,-0.20111084,1.6902924,2.0,0
2.799713135,9.658203,-0.08618164,1.6472015,2.0,0
2.804138184,9.701294,-0.13406372,1.5322876,2.0,0
2.808532715,9.543274,-0.08139038,1.608902,2.0,0
2.812957764,9.600739,-0.13406372,1.6232605,2.0,0
2.817352295,9.5767975,-0.15800476,1.3694763,2.0,0
2.821777344,9.667786,0.0143585205,1.5514374,2.0,0
2.826171875,9.662994,-0.0622406,1.7046661,2.0,0
2.830566406,9.639053,0.0,1.6472015,2.0,0
2.834991455,9.639053,-0.1197052,1.8435211,2.0,0
2.839385986,9.639053,-0.1197052,1.8435211,2.0,0
2.843811035,9.595947,-0.20111084,1.9201355,2.0,0
2.848205567,9.595947,-0.20111084,1.9201355,2.0,0
2.852630615,9.533707,-0.14364624,2.0542145,2.0,0
2.857025147,9.667786,-0.24899292,1.9345093,2.0,0
2.861419678,9.490601,-0.13885498,2.0015411,2.0,0
2.865844727,9.595947,-0.05744934,1.5897369,2.0,0
2.870239258,9.62468,-0.02394104,1.7669067,2.0,0
2.874664307,9.610321,-0.13406372,1.7381897,2.0,0
2.879058838,9.581589,-0.15322876,1.6998749,2.0,0
2.883483887,9.60553,-0.028717041,1.7286072,2.0,0
2.887878418,9.691727,-0.15800476,1.613678,2.0,0
2.892303467,9.648621,-0.12449646,1.7525482,2.0,0
2.896697998,9.701294,-0.09576416,1.8531036,2.0,0
2.901092529,9.615112,-0.20111084,1.8483124,2.0,0
2.905517578,9.7348175,-0.0335083,1.8674622,2.0,0
2.90991211,9.629471,-0.16279602,1.8100128,2.0,0
2.914337158,9.634262,-0.18673706,1.8674622,2.0,0
2.91873169,9.634262,-0.18673706,1.8674622,2.0,0
2.923156738,9.552856,-0.1819458,1.8866272,2.0,0
2.92755127,9.648621,-0.1771698,1.905777,2.0,0
2.931945801,9.672562,-0.06703186,1.9201355,2.0,0
2.93637085,9.691727,-0.20111084,1.8052216,2.0,0
2.940765381,9.5767975,-0.13885498,1.9345093,2.0,0
2.94519043,9.591171,-0.10533142,1.771698,2.0,0
2.949584961,9.557648,-0.18673706,1.6711426,2.0,0
2.95401001,9.653412,-0.18673706,1.6615753,2.0,0
2.958404541,9.730026,-0.028717041,1.7812805,2.0,0
2.96282959,9.634262,-0.0622406,1.6998749,2.0,0
2.967224121,9.595947,-0.20588684,1.8578949,2.0,0
2.971618653,9.682144,-0.11491394,1.5993195,2.0,0
2.976043701,9.58638,-0.08139038,1.8626862,2.0,0
2.980438233,9.7444,-0.12449646,1.8818359,2.0,0
2.984863281,9.567215,-0.12449646,1.9009857,2.0,0
2.989257813,9.533707,-0.16279602,1.7764893,2.0,0
2.993682861,9.634262,-0.04788208,1.8914185,2.0,0
2.998077393,9.58638,-0.1484375,1.905777,2.0,0
3.002471924,9.648621,0.009567261,1.9153595,2.0,0
3.006896973,9.619888,-0.11491394,1.8770447,2.0,0
3.011291504,9.653412,-0.08139038,1.8722534,2.0,0
3.015716553,9.715668,-0.12449646,1.7286072,2.0,0
3.020111084,9.648621,-0.0909729,1.9153595,2.0,0
3.024536133,9.634262,-0.0335083,1.8243713,2.0,0
3.028930664,9.610321,-0.0909729,1.8961945,2.0,0
3.033325195,9.701294,-0.1484375,1.8770447,2.0,0
3.037750244,9.662994,-0.0909729,1.9105682,2.0,0
3.042144776,9.639053,-0.05265808,1.8004303,2.0,0
3.046569824,9.524124,-0.08618164,1.8339539,2.0,0
3.050964356,9.524124,-0.08618164,1.8339539,2.0,0
3.055389404,9.524124,-0.1771698,1.9488678,2.0,0
3.059783936,9.452301,-0.11491394,1.8435211,2.0,0
3.064208985,9.658203,-0.12449646,2.015915,2.0,0
3.068603516,9.672562,0.01914978,2.0302734,2.0,0
3.072998047,9.610321,-0.17237854,1.9632416,2.0,0
3.077423096,9.610321,-0.12449646,1.8674622,2.0,0
3.081817627,9.753967,-0.08618164,1.7908478,2.0,0
3.086242676,9.615112,-0.20111084,1.9105682,2.0,0
3.090637207,9.615112,-0.20111084,1.9105682,2.0,0
3.095062256,9.500183,-0.15800476,1.8243713,2.0,0
3.099456787,9.653412,-0.08618164,1.8578949,2.0,0
3.103851319,9.548065,-0.17237854,1.747757,2.0,0
3.108276367,9.567215,-0.20111084,1.9153595,2.0,0
3.112670899,9.581589,-0.11491394,1.7860718,2.0,0
3.117095947,9.581589,-0.11491394,1.7860718,2.0,0
3.121490479,9.682144,-0.05744934,1.8435211,2.0,0
3.125915528,9.619888,-0.05744934,1.8100128,2.0,0
3.130310059,9.5767975,-0.19152832,1.8004303,2.0,0
3.134735108,9.643829,-0.004776001,1.8291626,2.0,0
3.139129639,9.653412,-0.10055542,2.0111237,2.0,0
3.14352417,9.619888,-0.10533142,1.8961945,2.0,0
3.147949219,9.667786,-0.09576416,1.953659,2.0,0
3.15234375,9.557648,-0.08618164,1.8961945,2.0,0
3.156768799,9.629471,-0.07182312,1.8195801,2.0,0
3.16116333,9.552856,-0.11491394,1.8722534,2.0,0
3.165588379,9.572006,-0.25856018,1.8770447,2.0,0
3.16998291,9.62468,-0.10533142,1.8914185,2.0,0
3.174377442,9.715668,-0.08139038,2.0446472,2.0,0
3.17880249,9.667786,-0.11491394,1.8483124,2.0,0
3.183197022,9.5767975,-0.14364624,1.9823914,2.0,0
3.18762207,9.5767975,-0.14364624,1.9823914,2.0,0
3.192016602,9.639053,-0.17237854,1.8291626,2.0,0
3.196441651,9.60553,-0.01914978,2.1595612,2.0,0
3.200836182,9.667786,-0.1197052,2.0015411,2.0,0
3.205230713,9.591171,-0.12927246,1.6950836,2.0,0
3.209655762,9.562439,-0.09576416,1.8961945,2.0,0
3.214050293,9.639053,-0.04788208,1.6998749,2.0,0
3.218475342,9.543274,-0.09576416,1.953659,2.0,0
3.222869873,9.581589,-0.08139038,1.8243713,2.0,0
3.227294922,9.672562,-0.01914978,1.6950836,2.0,0
3.231689453,9.557648,-0.07661438,1.7429657,2.0,0
3.236114502,9.562439,-0.19152832,1.8435211,2.0,0
3.240509033,9.739609,-0.25856018,1.8004303,2.0,0
3.244903565,9.648621,-0.15800476,1.9680328,2.0,0
3.249328613,9.648621,-0.15800476,1.9680328,2.0,0
3.253723145,9.62468,-0.14364624,1.929718,2.0,0
3.258148194,9.658203,-0.0909729,1.9632416,2.0,0
3.262542725,9.562439,-0.15322876,1.8531036,2.0,0
3.266967774,9.567215,-0.0622406,2.0015411,2.0,0
3.271362305,9.691727,-0.0909729,2.1260376,2.0,0
3.275756836,9.60553,0.0,2.0254822,2.0,0
3.280181885,9.629471,-0.19152832,2.0685883,2.0,0
3.284576416,9.677353,-0.1771698,1.7908478,2.0,0
3.289001465,9.619888,-0.13885498,1.9105682,2.0,0
3.293395996,9.682144,-0.1197052,1.8961945,2.0,0
3.297821045,9.581589,-0.16758728,1.9584503,2.0,0
3.302215576,9.581589,-0.16758728,1.7908478,2.0,0
3.306640625,9.591171,-0.13885498,1.9009857,2.0,0
3.311035156,9.471451,0.0143585205,1.929718,2.0,0
3.315429688,9.662994,-0.22026062,1.9009857,2.0,0
3.319854736,9.567215,-0.09576416,1.9249268,2.0,0
3.324249268,9.572006,-0.11491394,1.9584503,2.0,0
3.328674317,9.58638,-0.21546936,1.9584503,2.0,0
3.333068848,9.610321,-0.028717041,1.8531036,2.0,0
3.337493897,9.610321,-0.07661438,1.8866272,2.0,0
3.341888428,9.610321,-0.07661438,1.8866272,2.0,0
3.346282959,9.62468,-0.15322876,1.8818359,2.0,0
3.350708008,9.658203,-0.19631958,1.8483124,2.0,0
3.355102539,9.567215,-0.20111084,1.7525482,2.0,0
3.359527588,9.62468,-0.13406372,1.8722534,2.0,0
3.363922119,9.548065,-0.09576416,1.8626862,2.0,0
3.368347168,9.62468,-0.07182312,1.8148041,2.0,0
3.372741699,9.615112,-0.15800476,1.8291626,2.0,0
3.377136231,9.581589,-0.13406372,1.7669067,2.0,0
3.381561279,9.595947,-0.0622406,1.8052216,2.0,0
3.385955811,9.595947,-0.0622406,1.8052216,2.0,0
3.39038086,9.758759,-0.17237854,1.8243713,2.0,0
3.394775391,9.552856,-0.06703186,1.9680328,2.0,0
3.39920044,9.591171,-0.09576416,2.1068878,2.0,0
3.403594971,9.504974,-0.10533142,2.0111237,2.0,0
3.40802002,9.658203,-0.05744934,1.8626862,2.0,0
3.412414551,9.60553,-0.13406372,1.905777,2.0,0
3.416809082,9.62468,-0.12927246,1.8914185,2.0,0
3.421234131,9.538498,-0.09576416,1.905777,2.0,0
3.425628662,9.615112,-0.13406372,2.015915,2.0,0
3.430053711,9.619888,-0.03829956,1.8004303,2.0,0
3.434448242,9.634262,-0.1197052,1.8148041,2.0,0
3.438873291,9.591171,-0.1197052,1.8531036,2.0,0
3.443267822,9.619888,-0.2394104,1.8291626,2.0,0
3.447662354,9.481033,-0.05744934,1.953659,2.0,0
3.452087403,9.481033,-0.05744934,1.953659,2.0,0
3.456481934,9.615112,-0.11012268,1.9009857,2.0,0
3.460906983,9.667786,-0.2681427,1.632843,2.0,0
3.465301514,9.648621,-0.05265808,1.7812805,2.0,0
3.469726563,9.552856,-0.07661438,1.656784,2.0,0
3.474121094,9.562439,-0.0143585205,1.7908478,2.0,0
3.478546143,9.557648,-0.18673706,1.8052216,2.0,0
3.482940674,9.629471,0.028717041,1.7669067,2.0,0
3.487335205,9.615112,-0.12449646,1.6950836,2.0,0
3.491760254,9.653412,-0.13406372,1.8195801,2.0,0
3.496154785,9.5767975,-0.08139038,1.9153595,2.0,0
3.500579834,9.691727,-0.12449646,1.8531036,2.0,0
3.504974365,9.629471,-0.16758728,1.8004303,2.0,0
3.509399414,9.591171,-0.10533142,1.905777,2.0,0
3.513793945,9.519333,-0.0622406,1.9393005,2.0,0
3.518188477,9.519333,-0.0622406,1.9393005,2.0,0
3.522613526,9.44751,-0.08618164,1.8339539,2.0,0
3.527008057,9.62468,0.01914978,2.0207062,2.0,0
3.531433106,9.58638,-0.14364624,1.9009857,2.0,0
3.535827637,9.572006,-0.16758728,2.063797,2.0,0
3.540252686,9.528915,-0.23461914,1.8339539,2.0,0
3.544647217,9.500183,-0.08139038,1.8387451,2.0,0
3.549041748,9.610321,-0.0909729,2.0542145,2.0,0
3.553466797,9.595947,-0.12449646,2.1308289,2.0,0
3.557861328,9.658203,-0.13406372,1.9393005,2.0,0
3.562286377,9.667786,-0.07661438,1.9584503,2.0,0
3.566680908,9.610321,-0.05265808,1.905777,2.0,0
3.571105957,9.548065,-0.07182312,1.9488678,2.0,0
3.575500488,9.595947,-0.0143585205,2.0111237,2.0,0
3.579925537,9.643829,-0.08618164,1.8866272,2.0,0
3.584320069,9.643829,-0.08618164,1.8866272,2.0,0
3.5887146,9.595947,-0.1771698,1.7621307,2.0,0
3.593139649,9.595947,-0.1771698,1.7621307,2.0,0
3.59753418,9.677353,-0.15322876,1.8004303,2.0,0
3.601959229,9.46666,-0.0335083,1.8531036,2.0,0
3.60635376,9.567215,-0.01914978,1.9967499,2.0,0
3.610778809,9.629471,-0.21546936,1.7908478,2.0,0
3.61517334,9.677353,-0.15322876,1.8100128,2.0,0
3.619567871,9.5767975,-0.08618164,1.8435211,2.0,0
3.62399292,9.619888,-0.11012268,1.8961945,2.0,0
3.628387451,9.643829,-0.15322876,1.7764893,2.0,0
3.6328125,9.634262,-0.13885498,1.9009857,2.0,0
3.637207031,9.701294,-0.07182312,1.9488678,2.0,0
3.64163208,9.610321,-0.11491394,1.9393005,2.0,0
3.646026611,9.557648,-0.08139038,1.8818359,2.0,0
3.650421143,9.557648,-0.08139038,1.8818359,2.0,0
3.654846192,9.519333,-0.19631958,2.0542145,2.0,0
3.659240723,9.533707,-0.08618164,2.2313843,2.0,0
3.663665772,9.500183,-0.19631958,2.0685883,2.0,0
3.668060303,9.524124,-0.1197052,2.221817,2.0,0
3.672485352,9.643829,-0.1484375,1.9632416,2.0,0
3.676879883,9.634262,-0.24420166,2.0590057,2.0,0
3.681304932,9.528915,-0.01914978,2.0350647,2.0,0
3.685699463,9.643829,-0.08139038,1.8148041,2.0,0
3.690093994,9.653412,-0.04788208,1.8674622,2.0,0
3.694519043,9.471451,-0.1771698,1.9153595,2.0,0
3.698913574,9.662994,-0.08618164,1.8004303,2.0,0
3.703338623,9.60553,-0.08618164,1.8483124,2.0,0
3.707733154,9.696503,-0.10533142,1.9584503,2.0,0
3.712158203,9.572006,-0.15322876,1.795639,2.0,0
3.716552735,9.572006,-0.15322876,1.795639,2.0,0
3.720947266,9.610321,-0.07182312,1.8148041,2.0,0
3.725372315,9.639053,-0.0622406,1.6519928,2.0,0
3.729766846,9.686935,-0.16758728,1.656784,2.0,0
3.734191895,9.572006,-0.22505188,1.7429657,2.0,0
3.738586426,9.504974,-0.13406372,1.7573395,2.0,0
3.743011475,9.591171,-0.1197052,1.7142334,2.0,0
3.747406006,9.629471,-0.0909729,1.7429657,2.0,0
3.751831055,9.519333,-0.09576416,1.771698,2.0,0
3.756225586,9.58638,-0.10055542,1.7860718,2.0,0
3.760620117,9.662994,-0.1484375,2.0685883,2.0,0
3.765045166,9.615112,-0.08139038,1.7812805,2.0,0
3.769439697,9.572006,-0.08139038,1.9871826,2.0,0
3.773864746,9.610321,0.01914978,1.8578949,2.0,0
3.778259278,9.581589,-0.19152832,1.9776001,2.0,0
3.782684326,9.581589,-0.19152832,1.9776001,2.0,0
3.787078858,9.44751,-0.0909729,2.0111237,2.0,0
3.791473389,9.519333,-0.1197052,2.0829468,2.0,0
3.795898438,9.5767975,0.06703186,2.0254822,2.0,0
3.800292969,9.619888,-0.21546936,2.0542145,2.0,0
3.804718018,9.720444,-0.1771698,1.953659,2.0,0
3.809112549,9.672562,-0.0909729,1.8578949,2.0,0
3.813537598,9.58638,-0.1197052,1.9249268,2.0,0
3.817932129,9.610321,-0.07661438,1.8866272,2.0,0
3.82232666,9.653412,-0.0909729,1.9249268,2.0,0
3.826751709,9.610321,-0.1484375,1.8004303,2.0,0
3.83114624,9.619888,-0.13406372,2.0015411,2.0,0
3.835571289,9.562439,-0.20111084,1.6950836,2.0,0
3.83996582,9.653412,-0.23461914,1.8100128,2.0,0
3.844390869,9.653412,-0.23461914,1.8100128,2.0,0
3.848785401,9.643829,-0.12927246,1.7238159,2.0,0
3.853210449,9.643829,-0.12927246,1.7238159,2.0,0
3.857604981,9.495392,-0.15800476,1.6711426,2.0,0
3.861999512,9.643829,-0.24899292,1.6998749,2.0,0
3.866424561,9.835373,-0.25856018,1.6519928,2.0,0
3.870819092,9.768341,-0.45010376,1.4843903,2.0,0
3.875244141,9.706085,-0.37348938,1.450882,2.0,0
3.879638672,9.658203,-0.41178894,1.2689209,2.0,0
3.884063721,9.758759,-0.27293396,1.4077759,2.0,0
3.888458252,9.768341,-0.09576416,1.4029999,2.0,0
3.892852783,9.720444,-0.3591156,1.4077759,2.0,0
3.897277832,8.968674,-7.297516,1.771698,2.0,0
3.901672363,9.710876,-5.4970856,2.0829468,2.0,0
3.906097412,9.701294,-3.428482,1.905777,2.0,0
3.910491944,9.701294,-2.5043335,2.0350647,2.0,0
3.914916992,9.548065,-2.6144562,1.8195801,2.0,0
3.919311524,9.643829,-2.9687958,2.0302734,2.0,0
3.923736572,9.548065,-3.0980835,2.2649078,2.0,0
3.928131104,9.524124,-3.241745,2.245758,2.0,0
3.932525635,9.60553,-3.0885162,2.1835022,2.0,0
3.936950684,9.62468,-2.8251495,2.0111237,2.0,0
3.941345215,9.672562,-2.7772675,1.9728088,2.0,0
3.945770264,9.720444,-2.5953064,1.9584503,2.0,0
3.950164795,9.677353,-2.336731,1.6615753,2.0,0
3.954589844,9.591171,-2.6383972,1.7429657,2.0,0
3.958984375,9.701294,-2.5378418,1.5753784,2.0,0
3.963378906,9.725235,-2.6192474,1.613678,2.0,0
3.967803955,9.629471,-2.408554,1.7525482,2.0,0
3.972198486,9.610321,-1.9584503,1.929718,2.0,0
3.976623535,9.653412,-1.6998749,1.795639,2.0,0
3.981018067,9.7444,-1.5897369,1.9967499,2.0,0
3.985443115,9.7444,-1.5897369,1.9967499,2.0,0
3.989837647,9.634262,-1.2976532,1.9105682,2.0,0
3.994232178,9.495392,-2.8059998,2.1691437,2.0,0
3.998657227,9.519333,-2.7628937,2.1691437,2.0,0
4.003051758,9.318222,-3.155548,1.8722534,2.0,0
4.007476807,9.490601,-2.7820587,1.7238159,2.0,0
4.011871338,9.4379425,-2.8969727,1.5753784,2.0,0
4.016296387,9.332596,-2.6623383,1.6902924,2.0,0
4.020690918,9.504974,-2.5330505,1.929718,2.0,0
4.025115967,9.552856,-2.4133453,1.9249268,2.0,0
4.029510498,9.715668,-2.1452026,2.2553253,2.0,0
4.033905029,9.710876,-1.8148041,1.8866272,2.0,0
4.038330078,9.643829,-2.1691437,2.2505493,2.0,0
4.04272461,9.706085,-2.0111237,2.13562,2.0,0
4.047149658,9.686935,-1.9009857,2.0925293,2.0,0
4.05154419,9.686935,-1.9009857,2.0925293,2.0,0
4.055969238,9.639053,-1.7669067,1.9440765,2.0,0
4.06036377,9.500183,-2.0063324,1.9201355,2.0,0
4.064758301,9.591171,-1.7238159,1.8483124,2.0,0
4.06918335,9.682144,-1.8578949,1.8148041,2.0,0
4.073577881,9.524124,-1.5179138,1.7381897,2.0,0
4.07800293,9.62468,-1.5322876,1.6711426,2.0,0
4.082397461,9.500183,-1.7429657,1.632843,2.0,0
4.08682251,9.686935,-1.771698,1.7908478,2.0,0
4.091217041,9.730026,-0.9911957,1.6184692,2.0,0
4.09564209,9.730026,-0.9911957,1.6184692,2.0,0
4.100036621,9.62468,-0.92414856,1.5179138,2.0,0
4.104431153,9.619888,-0.885849,1.3455353,2.0,0
4.108856201,9.58638,-1.182724,1.3982086,2.0,0
4.113250733,9.648621,-0.79486084,1.4221497,2.0,0
4.117675781,9.648621,-0.79486084,1.4221497,2.0,0
4.122070313,9.696503,-0.96725464,1.6232605,2.0,0
4.126495361,9.715668,-0.49798584,1.4891815,2.0,0
4.130889893,9.797058,-0.59854126,1.6998749,2.0,0
4.135284424,9.639053,-0.8188019,1.8243713,2.0,0
4.139709473,9.715668,-0.5315094,1.7525482,2.0,0
4.144104004,9.821014,-0.26335144,1.7525482,2.0,0
4.148529053,9.758759,-0.48840332,1.7573395,2.0,0
4.152923584,9.710876,-0.3591156,1.7525482,2.0,0
4.157348633,9.567215,-0.09576416,1.6232605,2.0,0
4.161743164,9.725235,-0.05744934,1.4173584,2.0,0
4.166137695,9.749176,-0.05265808,1.3551178,2.0,0
4.170562744,9.854523,-0.2394104,1.3215942,2.0,0
4.174957276,9.667786,0.3543396,1.2641296,2.0,0
4.179382324,9.878464,0.33517456,1.316803,2.0,0
4.183776856,9.811432,0.33039856,1.4077759,2.0,0
4.188201904,9.777908,0.22984314,1.316803,2.0,0
4.192596436,9.725235,0.6224823,1.340744,2.0,0
4.197021485,9.888046,0.6512146,1.5418549,2.0,0
4.201416016,9.758759,0.20588684,1.632843,2.0,0
4.205810547,9.667786,0.16758728,1.8339539,2.0,0
4.210235596,9.715668,0.16279602,1.6663513,2.0,0
4.214630127,9.677353,-0.028717041,1.613678,2.0,0
4.219055176,9.60553,-0.004776001,1.6902924,2.0,0
4.223449707,9.667786,-0.2394104,1.7333984,2.0,0
4.227874756,9.701294,-0.004776001,2.0829468,2.0,0
4.232269287,9.667786,-0.44052124,1.9632416,2.0,0
4.236663819,9.548065,-0.23461914,1.8626862,2.0,0
4.241088867,9.5767975,-0.46446228,1.9632416,2.0,0
4.245483399,9.581589,-0.14364624,2.1452026,2.0,0
4.249908447,9.481033,-0.11491394,2.1499786,2.0,0
4.254302979,9.514557,-0.09576416,2.1499786,2.0,0
4.258728028,9.504974,-0.27772522,2.178711,2.0,0
4.263122559,9.706085,0.40222168,2.039856,2.0,0
4.267547608,9.562439,0.5650177,2.2792664,2.0,0
4.271942139,9.509766,0.3830719,1.9776001,2.0,0
4.27633667,9.5767975,0.6799469,2.1691437,2.0,0
4.280761719,9.686935,0.6895294,2.13562,2.0,0
4.28515625,9.548065,0.5746002,2.1260376,2.0,0
4.289581299,9.514557,1.1923065,2.1835022,2.0,0
4.29397583,9.662994,1.0582275,2.015915,2.0,0
4.298400879,9.40921,0.8427582,2.0015411,2.0,0
4.30279541,9.5767975,0.99598694,2.0925293,2.0,0
4.307189942,9.60553,0.75177,2.202652,2.0,0
4.31161499,9.538498,0.64642334,2.2074432,2.0,0
4.316009522,9.610321,0.8714752,2.0925293,2.0,0
4.32043457,9.562439,0.73262024,2.1452026,2.0,0
4.324829102,9.648621,0.6320648,2.0302734,2.0,0
4.329254151,9.787491,0.71347046,2.1260376,2.0,0
4.333648682,9.7444,0.6033325,1.795639,2.0,0
4.338043213,9.777908,0.5027771,1.8387451,2.0,0
4.342468262,9.595947,0.65600586,1.6807251,2.0,0
4.346862793,9.595947,0.65600586,1.6807251,2.0,0
4.351287842,9.509766,0.8571167,1.8004303,2.0,0
4.355682373,9.519333,0.48362732,1.7238159,2.0,0
4.360107422,9.548065,0.53630066,1.7381897,2.0,0
4.364501953,9.533707,0.90979004,1.6807251,2.0,0
4.368927002,9.600739,0.71824646,1.9393005,2.0,0
4.373321533,9.538498,1.0055542,1.7908478,2.0,0
4.377716065,9.706085,1.043869,1.8674622,2.0,0
4.382141113,9.519333,0.8666992,2.0542145,2.0,0
4.386535645,9.5767975,0.85232544,2.0542145,2.0,0
4.390960694,9.610321,1.3120117,1.9105682,2.0,0
4.395355225,9.591171,0.90979004,2.0302734,2.0,0
4.399780274,9.60553,1.2593384,2.221817,2.0,0
4.404174805,9.548065,1.0390778,1.9823914,2.0,0
4.408569336,9.5767975,1.1492157,1.905777,2.0,0
4.412994385,9.481033,1.019928,1.9249268,2.0,0
4.417388916,9.615112,1.2401886,1.9345093,2.0,0
4.421813965,9.643829,1.2976532,1.9201355,2.0,0
4.426208496,9.490601,1.1970978,1.7573395,2.0,0
4.430633545,9.595947,1.2737122,1.7860718,2.0,0
4.435028076,9.58638,1.1396332,1.8195801,2.0,0
4.439453125,9.634262,0.9768219,1.6807251,2.0,0
4.443847656,9.595947,0.8427582,1.7573395,2.0,0
4.448242188,9.662994,0.73262024,1.8866272,2.0,0
4.452667236,9.643829,0.8762665,1.795639,2.0,0
4.457061768,9.394836,0.88105774,1.7238159,2.0,0
4.461486817,9.672562,0.8140259,1.7190247,2.0,0
4.465881348,9.672562,0.8140259,1.7190247,2.0,0
4.470306397,9.485825,0.76135254,2.0542145,2.0,0
4.474700928,9.591171,0.75177,1.7429657,2.0,0
4.479095459,9.648621,0.83317566,1.8674622,2.0,0
4.483520508,9.634262,0.6224823,1.9680328,2.0,0
4.487915039,9.591171,0.59375,2.0350647,2.0,0
4.492340088,9.524124,0.8188019,2.1068878,2.0,0
4.496734619,9.509766,1.0869598,2.0494232,2.0,0
4.501159668,9.691727,1.0917511,1.9632416,2.0,0
4.505554199,9.62468,1.3598938,1.8291626,2.0,0
4.509948731,9.62468,1.6615753,1.8483124,2.0,0
4.514373779,9.643829,1.6280518,1.7046661,2.0,0
4.518768311,9.610321,1.474823,1.7908478,2.0,0
4.52319336,9.672562,1.3551178,1.6855164,2.0,0
4.527587891,9.662994,1.6184692,1.7429657,2.0,0
4.53201294,9.720444,1.4796143,1.5370636,2.0,0
4.536407471,9.667786,1.2928619,1.5801697,2.0,0
4.54083252,9.739609,1.0486603,1.5083466,2.0,0
4.545227051,9.619888,1.0582275,1.7286072,2.0,0
4.549621582,9.725235,0.9049988,1.632843,2.0,0
4.554046631,9.648621,0.50756836,1.7669067,2.0,0
4.558441162,9.610321,0.49319458,1.8531036,2.0,0
4.562866211,9.667786,0.3591156,1.9393005,2.0,0
4.567260742,9.543274,0.27293396,1.8387451,2.0,0
4.571685791,9.715668,0.2394104,1.9393005,2.0,0
4.576080322,9.634262,0.32081604,2.0446472,2.0,0
4.580474854,9.667786,0.34954834,2.0781555,2.0,0
4.584899903,9.58638,0.23461914,2.039856,2.0,0
4.589294434,9.418777,0.6512146,2.1212616,2.0,0
4.593719483,9.543274,0.7996521,1.9967499,2.0,0
4.598114014,9.538498,0.7421875,1.9009857,2.0,0
4.602539063,9.629471,0.9337311,2.0733643,2.0,0
4.606933594,9.648621,0.8379669,1.9632416,2.0,0
4.611358643,9.504974,0.8475342,2.2553253,2.0,0
4.615753174,9.686935,1.024704,2.1882935,2.0,0
4.620147705,9.5767975,1.364685,1.9249268,2.0,0
4.624572754,9.662994,1.4125671,2.15477,2.0,0
4.628967285,9.629471,1.5945282,2.178711,2.0,0
4.633392334,9.667786,1.6041107,2.1882935,2.0,0
4.637786865,9.682144,1.6807251,2.269699,2.0,0
4.642211914,9.691727,1.5466461,1.9823914,2.0,0
4.646606445,9.639053,1.4891815,1.8387451,2.0,0
4.651000977,9.677353,1.5274963,1.7860718,2.0,0
4.655426026,9.691727,1.2210388,1.929718,2.0,0
4.659820557,9.572006,1.2641296,1.6472015,2.0,0
4.664245606,9.739609,1.2497711,2.0111237,2.0,0
4.668640137,9.600739,1.0726013,1.8866272,2.0,0
4.673065186,9.619888,0.9864044,1.9440765,2.0,0
4.677459717,9.42836,0.68473816,2.0350647,2.0,0
4.681854248,9.62468,0.7565613,1.8387451,2.0,0
4.686279297,9.648621,0.77571106,1.8961945,2.0,0
4.690673828,9.629471,0.59375,1.7046661,2.0,0
4.695098877,9.62468,0.6081238,1.9249268,2.0,0
4.699493408,9.691727,0.5458679,1.7094574,2.0,0
4.703918457,9.595947,0.39263916,1.6519928,2.0,0
4.708312988,9.600739,0.3543396,1.6232605,2.0,0
4.712738037,9.629471,0.26335144,1.6472015,2.0,0
4.717132569,9.538498,0.2681427,1.7286072,2.0,0
4.7215271,9.572006,0.40701294,1.9201355,2.0,0
4.725952149,9.519333,0.40701294,1.9488678,2.0,0
4.73034668,9.500183,0.46925354,1.953659,2.0,0
4.734771729,9.643829,0.7374115,2.0207062,2.0,0
4.73916626,9.562439,0.70388794,2.0015411,2.0,0
4.743591309,9.730026,0.79008484,2.0973206,2.0,0
4.74798584,9.643829,0.77571106,2.1212616,2.0,0
4.752380371,9.7444,0.9768219,2.13562,2.0,0
4.75680542,9.643829,1.1348419,2.1691437,2.0,0
4.761199951,9.500183,1.06781,2.269699,2.0,0
4.765625,9.552856,1.1013184,2.1595612,2.0,0
4.770019531,9.648621,1.0055542,2.221817,2.0,0
4.77444458,9.528915,0.9433136,2.202652,2.0,0
4.778839111,9.58638,0.7805023,2.3798218,2.0,0
4.78326416,9.538498,0.3878479,2.197876,2.0,0
4.787658692,9.60553,0.04788208,2.3223724,2.0,0
4.792053223,9.533707,0.04788208,2.2601166,2.0,0
4.796478272,9.58638,-0.14364624,2.1835022,2.0,0
4.800872803,9.562439,-0.21546936,1.7764893,2.0,0
4.805297852,9.696503,-0.07661438,1.7142334,2.0,0
4.809692383,9.500183,-0.14364624,1.6998749,2.0,0
4.814117432,9.62468,-0.16279602,1.6902924,2.0,0
4.818511963,9.706085,-0.1484375,1.7238159,2.0,0
4.822906494,9.533707,-0.23461914,1.8531036,2.0,0
4.827331543,9.572006,-0.08618164,1.9440765,2.0,0
4.831726074,9.591171,-0.13885498,1.9632416,2.0,0
4.836151123,9.667786,-0.11491394,1.9488678,2.0,0
4.840545654,9.615112,-0.1771698,2.0350647,2.0,0
4.844970703,9.648621,-0.10055542,2.1260376,2.0,0
4.849365235,9.629471,-0.10533142,1.9632416,2.0,0
4.853759766,9.500183,-0.10533142,1.953659,2.0,0
4.858184815,9.653412,-0.07182312,1.8961945,2.0,0
4.862579346,9.533707,-0.004776001,1.9153595,2.0,0
4.867004395,9.600739,-0.07661438,2.015915,2.0,0
4.871398926,9.634262,-0.05265808,2.0590057,2.0,0
4.875823975,9.634262,-0.23461914,2.039856,2.0,0
4.880218506,9.600739,-0.14364624,2.1308289,2.0,0
4.884643555,9.600739,-0.07182312,2.0254822,2.0,0
4.889038086,9.677353,-0.0909729,2.0015411,2.0,0
4.893432617,9.595947,-0.2681427,2.0685883,2.0,0
4.897857666,9.725235,-0.1484375,1.9584503,2.0,0
4.902252197,9.572006,-0.2394104,1.9680328,2.0,0
4.906677246,9.691727,-0.19631958,1.8243713,2.0,0
4.911071778,9.701294,-0.23461914,1.7094574,2.0,0
4.915496826,9.562439,-0.22984314,1.8052216,2.0,0
4.919891358,9.595947,-0.25378418,1.498764,2.0,0
4.924285889,9.610321,-0.20588684,1.7333984,2.0,0
4.928710938,9.643829,-0.24420166,1.6280518,2.0,0
4.933105469,9.514557,-0.15800476,1.7142334,2.0,0
4.937530518,9.58638,-0.16279602,1.8387451,2.0,0
4.941925049,9.634262,-0.1484375,1.9393005,2.0,0
4.946350098,9.749176,-0.16279602,1.6807251,2.0,0
4.950744629,9.60553,-0.19631958,1.7429657,2.0,0
4.955169678,9.40921,-0.3830719,1.632843,2.0,0
4.959564209,9.662994,0.04309082,1.8387451,2.0,0
4.96395874,9.476242,-0.0622406,1.8674622,2.0,0
4.968383789,9.62468,-0.25378418,2.0207062,2.0,0
4.97277832,9.639053,-0.14364624,2.0015411,2.0,0
4.977203369,9.543274,-0.009567261,1.6998749,2.0,0
4.981597901,9.552856,-0.17237854,1.7525482,2.0,0
4.986022949,9.519333,-0.1197052,1.8148041,2.0,0
4.990417481,9.662994,-0.16279602,2.0494232,2.0,0
4.994812012,9.720444,-0.028717041,1.8818359,2.0,0
4.999237061,9.653412,-0.20111084,1.9488678,2.0,0
5.003631592,9.528915,-0.24420166,1.7573395,2.0,0
5.008056641,9.648621,-0.15322876,1.4604492,2.0,0
5.012451172,9.701294,-0.0143585205,1.613678,2.0,0
5.016876221,9.634262,-0.12449646,1.8866272,2.0,0
5.021270752,9.60553,-0.3591156,1.637619,2.0,0
5.025665283,9.567215,-0.41178894,1.5466461,2.0,0
5.030090332,9.543274,-0.20111084,1.4700317,2.0,0
5.034484863,9.686935,0.13406372,1.5274963,2.0,0
5.038909912,9.806641,-0.009567261,1.364685,2.0,0
5.043304444,9.710876,-0.10055542,1.5418549,2.0,0
5.047729492,9.686935,-0.1484375,1.632843,2.0,0
5.052124024,9.619888,-0.28729248,1.7812805,2.0,0
5.056549072,9.653412,-0.25856018,1.7812805,2.0,0
5.060943604,9.639053,-0.19631958,1.7812805,2.0,0
5.065338135,9.591171,-0.12449646,1.7286072,2.0,0
5.069763184,9.557648,-0.22505188,1.8435211,2.0,0
5.074157715,9.677353,-0.24420166,2.063797,2.0,0
5.078582764,9.572006,-0.2681427,1.8339539,2.0,0
5.082977295,9.390045,-0.23461914,2.0350647,2.0,0
5.087402344,9.610321,-0.1771698,2.1308289,2.0,0
5.091796875,9.615112,-0.15322876,2.1643524,2.0,0
5.096191406,9.667786,-0.16758728,1.9919739,2.0,0
5.100616455,9.615112,-0.24899292,2.1882935,2.0,0
5.105010986,9.672562,-0.0622406,2.0925293,2.0,0
5.109436035,9.610321,-0.20588684,2.0829468,2.0,0
5.113830567,9.562439,-0.11491394,2.1020966,2.0,0
5.118255615,9.600739,-0.25856018,2.0542145,2.0,0
5.122650147,9.667786,-0.1484375,1.953659,2.0,0
5.127075195,9.572006,-0.18673706,2.0829468,2.0,0
5.131469727,9.634262,-0.19631958,2.039856,2.0,0
5.135864258,9.495392,-0.18673706,2.13562,2.0,0
5.140289307,9.5767975,-0.20111084,2.0350647,2.0,0
5.144683838,9.648621,-0.10533142,1.8866272,2.0,0
5.149108887,9.634262,-0.13406372,1.9153595,2.0,0
5.153503418,9.691727,-0.1819458,1.6807251,2.0,0
5.157928467,9.706085,-0.15800476,1.6041107,2.0,0
5.162322998,9.696503,-0.06703186,1.6759338,2.0,0
5.166717529,9.677353,-0.2106781,1.6519928,2.0,0
5.171142578,9.581589,-0.05744934,1.5514374,2.0,0
5.17553711,9.5767975,-0.12449646,1.5035553,2.0,0
5.179962158,9.648621,-0.14364624,1.5083466,2.0,0
5.18435669,9.610321,-0.15322876,1.7046661,2.0,0
5.188781738,9.686935,-0.11491394,1.7142334,2.0,0
5.19317627,9.62468,-0.06703186,1.6807251,2.0,0
5.197570801,9.572006,-0.11491394,1.6998749,2.0,0
5.20199585,9.653412,-0.22984314,1.6663513,2.0,0
5.206390381,9.653412,-0.12927246,1.5945282,2.0,0
5.21081543,9.691727,-0.18673706,1.5993195,2.0,0
5.215209961,9.792282,-0.13885498,1.6041107,2.0,0
5.21963501,9.653412,-0.17237854,1.5370636,2.0,0
5.224029541,9.629471,-0.11012268,1.656784,2.0,0
5.22845459,9.610321,-0.05265808,1.771698,2.0,0
5.232849121,9.581589,-0.1197052,1.608902,2.0,0
5.237243653,9.610321,-0.15800476,1.5705872,2.0,0
5.241668701,9.533707,-0.17237854,1.9105682,2.0,0
5.246063233,9.548065,-0.16758728,1.8866272,2.0,0
5.250488281,9.682144,-0.1771698,1.8914185,2.0,0
5.254882813,9.686935,-0.22984314,2.0111237,2.0,0
5.259307861,9.648621,-0.0909729,1.9919739,2.0,0
5.263702393,9.619888,-0.23461914,1.929718,2.0,0
5.268096924,9.629471,-0.27772522,1.9919739,2.0,0
5.272521973,9.715668,-0.23461914,1.7190247,2.0,0
5.276916504,9.591171,-0.16279602,1.7573395,2.0,0
5.281341553,9.533707,-0.20588684,1.5514374,2.0,0
5.285736084,9.581589,-0.13885498,1.5849609,2.0,0
5.290161133,9.528915,-0.17237854,1.7381897,2.0,0
5.294555664,9.686935,-0.25378418,1.656784,2.0,0
5.298980713,9.715668,-0.29208374,1.5801697,2.0,0
5.303375244,9.60553,-0.16279602,1.613678,2.0,0
5.307769776,9.619888,-0.28729248,1.8004303,2.0,0
5.312194824,9.58638,-0.21546936,1.6280518,2.0,0
5.316589356,9.610321,-0.22026062,1.7860718,2.0,0
5.321014404,9.667786,-0.13406372,1.8100128,2.0,0
5.325408936,9.5767975,-0.30645752,1.905777,2.0,0
5.329833985,9.639053,-0.30166626,1.9584503,2.0,0
5.334228516,9.595947,-0.21546936,1.9823914,2.0,0
5.338623047,9.60553,-0.18673706,2.1595612,2.0,0
5.343048096,9.62468,-0.12449646,2.0542145,2.0,0
5.347442627,9.691727,-0.24420166,2.1068878,2.0,0
5.351867676,9.629471,-0.25378418,1.9967499,2.0,0
5.356262207,9.691727,-0.15322876,2.173935,2.0,0
5.360687256,9.572006,-0.12449646,2.0111237,2.0,0
5.365081787,9.7348175,-0.21546936,2.0494232,2.0,0
5.369476319,9.567215,-0.12449646,2.1212616,2.0,0
5.373901367,9.567215,-0.16758728,1.9680328,2.0,0
5.378295899,9.682144,-0.10533142,1.9967499,2.0,0
5.382720947,9.739609,-0.11491394,1.9584503,2.0,0
5.387115479,9.662994,-0.13406372,1.905777,2.0,0
5.391540528,9.557648,-0.27293396,2.0302734,2.0,0
5.395935059,9.533707,-0.10533142,1.8770447,2.0,0
5.400360108,9.643829,-0.19631958,1.9584503,2.0,0
5.404754639,9.634262,-0.10533142,1.8195801,2.0,0
5.40914917,9.552856,-0.19631958,1.7429657,2.0,0
5.413574219,9.62468,-0.18673706,1.8531036,2.0,0
5.41796875,9.710876,-0.17237854,1.8291626,2.0,0
5.422393799,9.58638,-0.21546936,1.9009857,2.0,0
5.42678833,9.543274,-0.13885498,1.8387451,2.0,0
5.431213379,9.562439,-0.1771698,1.7812805,2.0,0
5.43560791,9.643829,-0.1197052,1.9153595,2.0,0
5.440002442,9.653412,-0.16279602,1.795639,2.0,0
5.44442749,9.658203,-0.08139038,1.929718,2.0,0
5.448822022,9.706085,-0.26335144,1.7908478,2.0,0
5.45324707,9.548065,-0.16758728,1.9488678,2.0,0
5.457641602,9.62468,-0.18673706,1.8961945,2.0,0
5.462066651,9.610321,-0.20111084,2.0350647,2.0,0
5.466461182,9.591171,-0.12927246,1.9105682,2.0,0
5.470886231,9.60553,-0.04309082,1.9776001,2.0,0
5.475280762,9.701294,-0.15800476,1.9440765,2.0,0
5.479675293,9.533707,-0.05265808,1.953659,2.0,0
5.484100342,9.653412,-0.08618164,1.9488678,2.0,0
5.488494873,9.595947,-0.08618164,1.8626862,2.0,0
5.492919922,9.595947,-0.12927246,1.9632416,2.0,0
5.497314453,9.60553,-0.2681427,1.6902924,2.0,0
5.501739502,9.600739,-0.17237854,1.8100128,2.0,0
5.506134033,9.672562,-0.20588684,1.7764893,2.0,0
5.510528565,9.639053,-0.17237854,1.7860718,2.0,0
5.514953613,9.557648,-0.28729248,1.7908478,2.0,0
5.519348145,9.600739,-0.1771698,1.7046661,2.0,0
5.523773194,9.643829,-0.10533142,1.7669067,2.0,0
5.528167725,9.672562,-0.20588684,1.5083466,2.0,0
5.532592774,9.682144,-0.23461914,1.7860718,2.0,0
5.536987305,9.615112,-0.10055542,1.6950836,2.0,0
5.541381836,9.610321,-0.13406372,1.8578949,2.0,0
5.545806885,9.662994,-0.10055542,1.6711426,2.0,0
5.550201416,9.648621,-0.15322876,1.7046661,2.0,0
5.554626465,9.715668,-0.19631958,1.747757,2.0,0
5.559020996,9.524124,-0.26335144,1.8531036,2.0,0
5.563446045,9.677353,-0.25856018,1.795639,2.0,0
5.567840576,9.658203,-0.14364624,1.7860718,2.0,0
5.572265625,9.658203,-0.22026062,1.8052216,2.0,0
5.576660156,9.548065,-0.1484375,1.8243713,2.0,0
5.581054688,9.60553,-0.10533142,1.8866272,2.0,0
5.585479736,9.552856,-0.20111084,1.8435211,2.0,0
5.589874268,9.528915,-0.21546936,1.7908478,2.0,0
5.594299317,9.662994,-0.25856018,1.9632416,2.0,0
5.598693848,9.753967,-0.20111084,1.8578949,2.0,0
5.603118897,9.777908,-0.1197052,1.8243713,2.0,0
5.607513428,9.60553,-0.13885498,1.8100128,2.0,0
5.611907959,9.686935,-0.20111084,1.9153595,2.0,0
5.616333008,9.615112,-0.17237854,1.747757,2.0,0
5.620727539,9.595947,-0.22505188,1.6424103,2.0,0
5.625152588,9.5767975,-0.16279602,1.7429657,2.0,0
5.629547119,9.672562,-0.11012268,1.8100128,2.0,0
5.633972168,9.595947,-0.14364624,1.5897369,2.0,0
5.638366699,9.600739,-0.1771698,1.6759338,2.0,0
5.642791748,9.643829,-0.11491394,1.5897369,2.0,0
5.647186279,9.677353,-0.11491394,1.5562286,2.0,0
5.651580811,9.634262,-0.10055542,1.5179138,2.0,0
5.65600586,9.677353,-0.10055542,1.5945282,2.0,0
5.660400391,9.691727,-0.13885498,1.5514374,2.0,0
5.66482544,9.634262,-0.19152832,1.5466461,2.0,0
5.669219971,9.648621,-0.15800476,1.3790588,2.0,0
5.67364502,9.701294,-0.07182312,1.5849609,2.0,0
5.678039551,9.797058,-0.04788208,1.7094574,2.0,0
5.682434082,9.567215,-0.18673706,1.8100128,2.0,0
5.686859131,9.591171,-0.19152832,1.9967499,2.0,0
5.691253662,9.710876,-0.28250122,2.0590057,2.0,0
5.695678711,9.672562,-0.17237854,2.0973206,2.0,0
5.700073242,9.653412,-0.22984314,2.0829468,2.0,0
5.704498291,9.600739,-0.2681427,1.9488678,2.0,0
5.708892822,9.629471,-0.22505188,1.795639,2.0,0
5.713287354,9.615112,-0.17237854,1.8914185,2.0,0
5.717712403,9.710876,-0.1197052,1.7669067,2.0,0
5.722106934,9.533707,-0.1197052,1.7286072,2.0,0
5.726531983,9.552856,-0.13406372,1.747757,2.0,0
5.730926514,9.662994,-0.22505188,1.7573395,2.0,0
5.735351563,9.696503,-0.16279602,1.8291626,2.0,0
5.739746094,9.643829,-0.20588684,1.8914185,2.0,0
5.744171143,9.567215,-0.18673706,1.8243713,2.0,0
5.748565674,9.5767975,-0.2106781,1.8626862,2.0,0
5.752960205,9.60553,-0.08618164,1.6998749,2.0,0
5.757385254,9.595947,-0.22505188,1.8052216,2.0,0
5.761779785,9.706085,-0.18673706,1.8195801,2.0,0
5.766204834,9.686935,-0.11491394,1.8770447,2.0,0
5.770599365,9.619888,-0.08139038,1.9728088,2.0,0
5.775024414,9.667786,-0.12927246,1.8483124,2.0,0
5.779418945,9.600739,-0.24420166,1.632843,2.0,0
5.783813477,9.643829,-0.30166626,1.7190247,2.0,0
5.788238526,9.643829,-0.2106781,1.7381897,2.0,0
5.792633057,9.629471,-0.15800476,1.4269409,2.0,0
5.797058106,9.730026,-0.17237854,1.498764,2.0,0
5.801452637,9.691727,-0.17237854,1.5993195,2.0,0
5.805877686,9.629471,-0.27293396,1.4843903,2.0,0
5.810272217,9.662994,-0.19152832,1.4412994,2.0,0
5.814697266,9.629471,-0.13885498,1.4269409,3.0,0
5.819091797,9.720444,-0.15800476,1.498764,3.0,0
5.823486328,9.706085,-0.13406372,1.5227051,3.0,0
5.827911377,9.634262,-0.13885498,1.6807251,3.0,0
5.832305908,9.7444,-0.22505188,1.5370636,3.0,0
5.836730957,9.662994,-0.25856018,1.5131226,3.0,0
5.841125488,9.639053,-0.1771698,1.5227051,3.0,0
5.845550537,9.639053,-0.19152832,1.5131226,3.0,0
5.849945069,9.643829,-0.0909729,1.7333984,3.0,0
5.8543396,9.62468,-0.13885498,1.7381897,3.0,0
5.858764649,9.619888,-0.19631958,1.6184692,3.0,0
5.86315918,9.710876,-0.24899292,1.7669067,3.0,0
5.867584229,9.629471,-0.1484375,1.7573395,3.0,0
5.87197876,9.696503,-0.16758728,1.8914185,3.0,0
5.876403809,9.60553,-0.22505188,2.0063324,3.0,0
5.88079834,9.600739,-0.24420166,1.8148041,3.0,0
5.885192871,9.701294,-0.08139038,1.7286072,3.0,0
5.88961792,9.648621,-0.19152832,1.771698,3.0,0
5.894012451,9.5767975,-0.16758728,1.7764893,3.0,0
5.8984375,9.5767975,-0.16758728,1.7764893,3.0,0
5.902832031,9.634262,-0.11491394,1.8387451,3.0,0
5.90725708,9.672562,-0.17237854,1.7429657,3.0,0
5.911651611,9.643829,-0.22984314,1.8387451,3.0,0
5.91607666,9.643829,-0.22984314,1.8387451,3.0,0
5.920471192,9.62468,-0.22505188,1.8339539,3.0,0
5.924865723,9.629471,-0.21546936,1.8100128,3.0,0
5.929290772,9.653412,-0.19152832,1.7764893,3.0,0
5.933685303,9.653412,-0.19152832,1.7764893,3.0,0
5.938110352,9.567215,-0.14364624,1.6759338,3.0,0
5.942504883,9.639053,-0.11012268,1.7812805,3.0,0
5.946929932,9.639053,-0.26335144,1.7764893,3.0,0
5.951324463,9.634262,-0.1484375,1.7860718,3.0,0
5.955718994,9.629471,-0.16758728,1.7190247,3.0,0
5.960144043,9.648621,-0.11491394,1.5849609,3.0,0
5.964538574,9.710876,-0.22505188,1.9728088,3.0,0
5.968963623,9.658203,-0.21546936,1.929718,3.0,0
5.973358154,9.557648,-0.16758728,1.7190247,3.0,0
5.977783203,9.672562,-0.15800476,1.8291626,3.0,0
5.982177735,9.701294,-0.18673706,1.7764893,3.0,0
5.986602783,9.696503,-0.10055542,1.8531036,3.0,0
5.990997315,9.619888,-0.20111084,1.9584503,3.0,0
5.995391846,9.610321,-0.14364624,1.8914185,3.0,0
5.999816895,9.58638,-0.19152832,1.929718,3.0,0
6.004211426,9.60553,-0.31123352,1.9776001,3.0,0
6.008636475,9.533707,-0.04309082,1.7142334,3.0,0
6.013031006,9.648621,-0.26335144,1.7669067,3.0,0
6.017456055,9.667786,-0.07182312,1.8004303,3.0,0
6.021850586,9.5767975,-0.16279602,1.8435211,3.0,0
6.026245117,9.615112,-0.2106781,1.8291626,3.0,0
6.030670166,9.648621,-0.30645752,1.8674622,3.0,0
6.035064697,9.610321,-0.18673706,1.747757,3.0,0
6.039489746,9.749176,-0.0909729,1.7669067,3.0,0
6.043884278,9.672562,-0.10055542,1.6424103,3.0,0
6.048309326,9.643829,-0.15800476,1.8914185,3.0,0
6.052703858,9.677353,-0.11491394,1.771698,3.0,0
6.057098389,9.485825,-0.29208374,1.8291626,3.0,0
6.061523438,9.639053,-0.16758728,1.795639,3.0,0
6.065917969,9.672562,-0.15800476,1.7669067,3.0,0
6.070343018,9.696503,-0.22505188,1.7908478,3.0,0
6.074737549,9.634262,-0.07182312,1.8531036,3.0,0
6.079162598,9.610321,-0.27293396,1.9776001,3.0,0
6.083557129,9.615112,-0.2394104,1.7333984,3.0,0
6.087982178,9.639053,-0.10055542,1.953659,3.0,0
6.092376709,9.634262,-0.11012268,1.8578949,3.0,0
6.09677124,9.710876,-0.23461914,1.8483124,3.0,0
6.101196289,9.701294,-0.27772522,1.7669067,3.0,0
6.10559082,9.701294,-0.27772522,1.7669067,3.0,0
6.110015869,9.730026,-0.1819458,1.7286072,3.0,0
6.114410401,9.706085,-0.20588684,1.7812805,3.0,0
6.118835449,9.619888,-0.22505188,1.9488678,3.0,0
6.123229981,9.615112,-0.15322876,1.9201355,3.0,0
6.127624512,9.701294,-0.07182312,1.8100128,3.0,0
6.132049561,9.615112,-0.13406372,1.6663513,3.0,0
6.136444092,9.543274,-0.15322876,1.8914185,3.0,0
6.140869141,9.600739,-0.22984314,1.7381897,3.0,0
6.145263672,9.600739,-0.21546936,1.8674622,3.0,0
6.149688721,9.648621,-0.18673706,1.9153595,3.0,0
6.154083252,9.60553,-0.24899292,1.8004303,3.0,0
6.158508301,9.667786,-0.16758728,1.7381897,3.0,0
6.162902832,9.619888,-0.11012268,1.8435211,3.0,0
6.167297363,9.615112,-0.11012268,1.8148041,3.0,0
6.171722412,9.758759,-0.20111084,1.6711426,3.0,0
6.176116944,9.600739,-0.11491394,1.6424103,3.0,0
6.180541992,9.5767975,-0.12927246,1.7381897,3.0,0
6.184936524,9.639053,-0.19152832,1.8674622,3.0,0
6.189361572,9.7444,-0.20588684,1.8291626,3.0,0
6.193756104,9.662994,-0.19152832,1.929718,3.0,0
6.198150635,9.619888,-0.1819458,1.8148041,3.0,0
6.202575684,9.710876,-0.1484375,1.7812805,3.0,0
6.206970215,9.701294,-0.15322876,1.6998749,3.0,0
6.211395264,9.653412,-0.22505188,1.7094574,3.0,0
6.215789795,9.7827,-0.1771698,1.8291626,3.0,0
6.220214844,9.619888,-0.22505188,1.7094574,3.0,0
6.224609375,9.677353,-0.20111084,1.7381897,3.0,0
6.229003906,9.682144,-0.24420166,1.7094574,3.0,0
6.233428955,9.562439,-0.18673706,1.7525482,3.0,0
6.237823486,9.629471,-0.17237854,1.7908478,3.0,0
6.242248535,9.696503,-0.1484375,1.7190247,3.0,0
6.246643067,9.653412,-0.19152832,1.5562286,3.0,0
6.251068115,9.629471,-0.15322876,1.5705872,3.0,0
6.255462647,9.720444,-0.1484375,1.7142334,3.0,0
6.259887695,9.572006,-0.22984314,1.7333984,3.0,0
6.264282227,9.691727,-0.12449646,1.6902924,3.0,0
6.268676758,9.696503,-0.2106781,1.7525482,3.0,0
6.273101807,9.543274,-0.15322876,1.7908478,3.0,0
6.277496338,9.562439,-0.1484375,1.8148041,3.0,0
6.281921387,9.60553,-0.22984314,1.7669067,3.0,0
6.286315918,9.662994,-0.08618164,1.7429657,3.0,0
6.290740967,9.524124,-0.22505188,1.9632416,3.0,0
6.295135498,9.543274,-0.25856018,1.9440765,3.0,0
6.299530029,9.60553,-0.19631958,1.929718,3.0,0
6.303955078,9.706085,-0.25856018,1.7669067,3.0,0
6.30834961,9.60553,-0.12449646,1.8866272,3.0,0
6.312774658,9.538498,-0.2106781,1.9153595,3.0,0
6.31716919,9.696503,-0.16758728,1.9584503,3.0,0
6.321594238,9.777908,-0.11012268,2.1020966,3.0,0
6.32598877,9.600739,-0.13406372,1.9249268,3.0,0
6.330383301,9.715668,-0.16279602,2.0254822,3.0,0
6.33480835,9.629471,-0.22984314,2.0733643,3.0,0
6.339202881,9.686935,-0.25856018,1.9967499,3.0,0
6.34362793,9.514557,-0.2681427,1.9393005,3.0,0
6.348022461,9.595947,-0.30645752,2.0350647,3.0,0
6.35244751,9.591171,-0.22505188,2.087738,3.0,0
6.356842041,9.591171,-0.22505188,2.087738,3.0,0
6.36126709,9.610321,-0.16758728,2.039856,3.0,0
6.365661621,9.682144,-0.22505188,1.953659,3.0,0
6.370056153,9.615112,-0.19152832,2.015915,3.0,0
6.374481201,9.610321,-0.22026062,2.1020966,3.0,0
6.378875733,9.629471,-0.16758728,1.9632416,3.0,0
6.383300781,9.62468,-0.07661438,1.9249268,3.0,0
6.387695313,9.653412,-0.13885498,1.8531036,3.0,0
6.392120361,9.5767975,-0.18673706,1.6950836,3.0,0
6.396514893,9.600739,-0.12927246,1.9105682,3.0,0
6.400909424,9.533707,-0.18673706,1.8674622,3.0,0
6.405334473,9.643829,-0.15322876,1.8339539,3.0,0
6.409729004,9.58638,-0.08139038,1.8531036,3.0,0
6.414154053,9.7348175,-0.17237854,1.9153595,3.0,0
6.418548584,9.691727,-0.12927246,1.8722534,3.0,0
6.422973633,9.5767975,-0.2681427,1.7142334,3.0,0
6.427368164,9.653412,-0.1197052,1.8387451,3.0,0
6.431793213,9.538498,-0.22984314,1.9440765,3.0,0
6.436187744,9.557648,-0.11491394,1.8387451,3.0,0
6.440582276,9.60553,-0.24899292,2.1020966,3.0,0
6.445007324,9.615112,-0.19631958,1.9488678,3.0,0
6.449401856,9.610321,-0.27772522,1.9728088,3.0,0
6.453826904,9.686935,-0.22026062,1.8195801,3.0,0
6.458221436,9.615112,-0.26335144,1.929718,3.0,0
6.462646485,9.548065,-0.19631958,2.0207062,3.0,0
6.467041016,9.710876,-0.10533142,1.9201355,3.0,0
6.471435547,9.524124,-0.19152832,2.0542145,3.0,0
6.475860596,9.610321,-0.14364624,1.9105682,3.0,0
6.480255127,9.639053,-0.18673706,1.929718,3.0,0
6.484680176,9.600739,-0.2681427,1.8674622,3.0,0
6.489074707,9.653412,-0.21546936,1.8722534,3.0,0
6.493499756,9.682144,-0.13406372,2.0207062,3.0,0
6.497894287,9.634262,-0.22984314,1.7669067,3.0,0
6.502288819,9.662994,-0.20588684,1.771698,3.0,0
6.506713867,9.643829,-0.1771698,1.9345093,3.0,0
6.511108399,9.591171,-0.19631958,1.8722534,3.0,0
6.515533447,9.562439,-0.16279602,1.9009857,3.0,0
6.519927979,9.667786,-0.0909729,1.795639,3.0,0
6.524353028,9.58638,-0.12927246,1.7812805,3.0,0
6.528747559,9.528915,-0.15800476,1.7429657,3.0,0
6.533172608,9.533707,-0.15800476,1.8100128,3.0,0
6.537567139,9.567215,-0.1819458,1.7429657,3.0,0
6.54196167,9.60553,-0.11012268,1.7908478,3.0,0
6.546386719,9.725235,-0.24420166,1.7860718,3.0,0
6.55078125,9.610321,-0.26335144,1.9249268,3.0,0
6.555206299,9.7348175,-0.12449646,1.953659,3.0,0
6.55960083,9.701294,-0.08139038,1.7525482,3.0,0
6.564025879,9.619888,-0.19152832,1.905777,3.0,0
6.56842041,9.643829,-0.1484375,1.7764893,3.0,0
6.572814942,9.538498,-0.16279602,1.7190247,3.0,0
6.57723999,9.567215,-0.26335144,1.8004303,3.0,0
6.581634522,9.60553,-0.19152832,1.7094574,3.0,0
6.58605957,9.591171,-0.25378418,1.7812805,3.0,0
6.590454102,9.615112,-0.12927246,1.8626862,3.0,0
6.594879151,9.682144,-0.17237854,1.9440765,3.0,0
6.599273682,9.677353,-0.25378418,1.8674622,3.0,0
6.603698731,9.610321,-0.20111084,1.7669067,3.0,0
6.608093262,9.610321,-0.20111084,1.7669067,3.0,0
6.612487793,9.662994,-0.15322876,1.9249268,3.0,0
6.616912842,9.629471,-0.19631958,1.7094574,3.0,0
6.621307373,9.619888,-0.21546936,1.8961945,3.0,0
6.625732422,9.591171,-0.16758728,1.7525482,3.0,0
6.630126953,9.567215,-0.22026062,1.8195801,3.0,0
6.634552002,9.62468,-0.1819458,1.905777,3.0,0
6.638946533,9.5767975,-0.17237854,1.7669067,3.0,0
6.643341065,9.524124,-0.18673706,1.8531036,3.0,0
6.647766113,9.691727,-0.14364624,1.9153595,3.0,0
6.652160645,9.682144,-0.1819458,1.608902,3.0,0
6.656585694,9.677353,-0.05265808,1.8961945,3.0,0
6.660980225,9.658203,-0.09576416,1.8004303,3.0,0
6.665405274,9.634262,-0.27293396,1.6424103,3.0,0
6.669799805,9.58638,-0.22026062,1.8483124,3.0,0
6.674194336,9.562439,-0.10055542,1.7190247,3.0,0
6.678619385,9.58638,-0.18673706,1.905777,3.0,0
6.683013916,9.648621,-0.13406372,1.9871826,3.0,0
6.687438965,9.5767975,-0.19631958,1.8818359,3.0,0
6.691833496,9.639053,-0.16279602,1.8961945,3.0,0
6.696258545,9.619888,-0.20111084,1.8818359,3.0,0
6.700653076,9.643829,-0.26335144,1.8626862,3.0,0
6.705078125,9.691727,-0.2106781,1.8243713,3.0,0
6.709472656,9.581589,-0.25378418,1.9967499,3.0,0
6.713867188,9.639053,-0.19631958,1.8387451,3.0,0
6.718292236,9.615112,-0.24899292,1.7238159,3.0,0
6.722686768,9.591171,-0.2106781,1.8243713,3.0,0
6.727111817,9.619888,-0.11012268,1.7333984,3.0,0
6.731506348,9.595947,-0.1819458,1.8722534,3.0,0
6.735931397,9.634262,-0.2106781,1.8626862,3.0,0
6.740325928,9.619888,-0.22026062,1.7094574,3.0,0
6.744720459,9.543274,-0.1771698,1.8148041,3.0,0
6.749145508,9.658203,-0.19152832,1.8387451,3.0,0
6.753540039,9.471451,-0.17237854,1.8626862,3.0,0
6.757965088,9.619888,-0.16279602,1.7573395,3.0,0
6.762359619,9.696503,-0.19631958,1.9345093,3.0,0
6.766784668,9.58638,-0.1484375,1.7621307,3.0,0
6.771179199,9.677353,-0.08139038,1.8770447,3.0,0
6.775604248,9.572006,-0.14364624,1.8243713,3.0,0
6.779998779,9.572006,-0.19631958,1.747757,3.0,0
6.784393311,9.710876,-0.12927246,1.6280518,3.0,0
6.78881836,9.701294,-0.1771698,1.7381897,3.0,0
6.793212891,9.58638,-0.16279602,1.929718,3.0,0
6.79763794,9.720444,-0.1819458,1.7860718,3.0,0
6.802032471,9.5767975,-0.09576416,1.8195801,3.0,0
6.80645752,9.715668,-0.16279602,1.9009857,3.0,0
6.810852051,9.610321,-0.13885498,1.8770447,3.0,0
6.815246582,9.504974,-0.13885498,1.8100128,3.0,0
6.819671631,9.538498,-0.16758728,1.8243713,3.0,0
6.824066162,9.581589,-0.32081604,1.8866272,3.0,0
6.828491211,9.581589,-0.16279602,1.8195801,3.0,0
6.832885742,9.686935,-0.1197052,1.8387451,3.0,0
6.837310791,9.662994,-0.16758728,1.8626862,3.0,0
6.841705322,9.591171,-0.24899292,1.905777,3.0,0
6.846099854,9.538498,-0.2106781,1.8626862,3.0,0
6.850524903,9.557648,-0.17237854,1.8818359,3.0,0
6.854919434,9.696503,-0.2106781,1.8914185,3.0,0
6.859344483,9.696503,-0.2106781,1.8914185,3.0,0
6.863739014,9.639053,-0.26335144,1.953659,3.0,0
6.868164063,9.639053,-0.26335144,1.953659,3.0,0
6.872558594,9.572006,-0.20588684,1.9440765,3.0,0
6.876983643,9.682144,-0.11012268,1.9393005,3.0,0
6.881378174,9.600739,-0.07661438,1.9393005,3.0,0
6.885772705,9.715668,-0.18673706,1.9584503,3.0,0
6.890197754,9.610321,-0.15800476,1.7812805,3.0,0
6.894592285,9.5767975,-0.16279602,1.8531036,3.0,0
6.899017334,9.639053,-0.26335144,1.8818359,3.0,0
6.903411865,9.634262,-0.19631958,1.7094574,3.0,0
6.907836914,9.552856,-0.2106781,1.8004303,3.0,0
6.912231445,9.701294,-0.1819458,1.771698,3.0,0
6.916625977,9.710876,-0.1819458,1.9488678,3.0,0
6.921051026,9.562439,-0.21546936,1.8914185,3.0,0
6.925445557,9.691727,-0.16758728,1.8531036,3.0,0
6.929870606,9.62468,-0.16279602,1.8531036,3.0,0
6.934265137,9.610321,-0.13885498,1.8866272,3.0,0
6.938690186,9.5767975,-0.24899292,2.0733643,3.0,0
6.943084717,9.667786,-0.13406372,2.0542145,3.0,0
6.947515968,9.619888,-0.26335144,1.7860718,3.0,0
6.951910499,9.562439,-0.20588684,1.9488678,3.0,0
6.95630503,9.591171,-0.22026062,1.9009857,3.0,0
6.960730079,9.528915,-0.2394104,1.8722534,3.0,0
6.96512461,9.725235,-0.22505188,1.9680328,3.0,0
6.969549659,9.634262,-0.13406372,2.0542145,3.0,0
6.97394419,9.677353,-0.20111084,1.8387451,3.0,0
6.978369239,9.629471,-0.07661438,1.9345093,3.0,0
6.982763771,9.600739,-0.09576416,1.905777,3.0,0
6.987158302,9.62468,-0.0622406,1.9823914,3.0,0
6.991583351,9.600739,-0.33039856,1.795639,3.0,0
6.995977882,9.519333,-0.25856018,1.8387451,3.0,0
7.000402931,9.615112,-0.13406372,1.9153595,3.0,0
7.004797462,9.672562,-0.2394104,1.8148041,3.0,0
7.009222511,9.658203,-0.08139038,1.7286072,3.0,0
7.013617042,9.639053,-0.0622406,1.6998749,3.0,0
7.018011573,9.643829,-0.19631958,1.7286072,3.0,0
7.022436622,9.610321,-0.11491394,1.9153595,3.0,0
7.026831153,9.653412,-0.17237854,1.8914185,3.0,0
7.031256202,9.619888,-0.15322876,1.8243713,3.0,0
7.035650733,9.504974,-0.25378418,1.9967499,3.0,0
7.040075782,9.639053,-0.13885498,1.8770447,3.0,0
7.044470313,9.610321,-0.1771698,1.6519928,3.0,0
7.048895362,9.639053,-0.1771698,1.8387451,3.0,0
7.053289894,9.595947,-0.19152832,1.6759338,3.0,0
7.057684425,9.476242,-0.16279602,1.8291626,3.0,0
7.062109474,9.667786,-0.19152832,1.7908478,3.0,0
7.066504005,9.58638,-0.23461914,1.8004303,3.0,0
7.070929054,9.629471,-0.2681427,1.9105682,3.0,0
7.075323585,9.62468,-0.21546936,1.9440765,3.0,0
7.079748634,9.58638,-0.2106781,1.8052216,3.0,0
7.084143165,9.543274,-0.1771698,1.8914185,3.0,0
7.088537696,9.610321,-0.06703186,2.0063324,3.0,0
7.092962745,9.581589,-0.24420166,1.9393005,3.0,0
7.097357276,9.495392,-0.23461914,1.9728088,3.0,0
7.101782325,9.615112,-0.19631958,1.9871826,3.0,0
7.106176856,9.581589,-0.15322876,1.7190247,3.0,0
7.110601905,9.581589,-0.15322876,1.7190247,3.0,0
7.114996437,9.686935,-0.18673706,1.8148041,3.0,0
7.119421485,9.619888,-0.07182312,1.9680328,3.0,0
7.123816017,9.629471,-0.16758728,1.9440765,3.0,0
7.128210548,9.610321,-0.21546936,1.6615753,3.0,0
7.132635597,9.591171,-0.19631958,1.8531036,3.0,0
7.137030128,9.562439,-0.30645752,1.8866272,3.0,0
7.141455177,9.768341,-0.16279602,1.7046661,3.0,0
7.145849708,9.643829,-0.07661438,1.7669067,3.0,0
7.150274757,9.653412,-0.15322876,1.637619,3.0,0
7.154669288,9.667786,-0.16758728,1.656784,3.0,0
7.159063819,9.648621,-0.12927246,1.8148041,3.0,0
7.163488868,9.495392,-0.16758728,1.8195801,3.0,0
7.167883399,9.5767975,-0.06703186,1.8387451,3.0,0
7.172308448,9.610321,-0.2106781,1.795639,3.0,0
7.17670298,9.715668,-0.17237854,1.7381897,3.0,0
7.181128028,9.629471,-0.3256073,1.8195801,3.0,0
7.18552256,9.5767975,-0.06703186,1.8961945,3.0,0
7.189917091,9.615112,-0.1197052,1.8052216,3.0,0
7.19434214,9.533707,-0.23461914,1.9201355,3.0,0
7.198736671,9.643829,-0.14364624,1.9201355,3.0,0
7.20316172,9.658203,-0.13885498,1.8674622,3.0,0
7.207556251,9.543274,-0.11491394,2.0111237,3.0,0
7.2119813,9.481033,-0.27293396,1.8961945,3.0,0
7.216375831,9.662994,-0.2106781,2.0207062,3.0,0
7.22080088,9.739609,-0.11012268,1.9201355,3.0,0
7.225195411,9.509766,-0.23461914,1.9632416,3.0,0
7.229589942,9.62468,-0.13885498,1.905777,3.0,0
7.234014991,9.672562,-0.19631958,1.6950836,3.0,0
7.238409522,9.538498,-0.19631958,2.0111237,3.0,0
7.242834571,9.667786,-0.07661438,1.8100128,3.0,0
7.247229103,9.62468,-0.1484375,1.8531036,3.0,0
7.251654151,9.725235,-0.17237854,1.8674622,3.0,0
7.256048683,9.543274,-0.12927246,1.8674622,3.0,0
7.260443214,9.648621,-0.1484375,2.0015411,3.0,0
7.264868263,9.514557,-0.13885498,1.9009857,3.0,0
7.269262794,9.509766,-0.11491394,1.7381897,3.0,0
7.273687843,9.567215,-0.13406372,1.9153595,3.0,0
7.278082374,9.639053,-0.14364624,1.9201355,3.0,0
7.282507423,9.485825,-0.0909729,2.1164703,3.0,0
7.286901954,9.591171,-0.2681427,1.9440765,3.0,0
7.291327003,9.634262,-0.14364624,1.9776001,3.0,0
7.295721534,9.615112,-0.11012268,1.8483124,3.0,0
7.300116065,9.552856,-0.11012268,1.7764893,3.0,0
7.304541114,9.629471,-0.10533142,1.7860718,3.0,0
7.308935646,9.672562,-0.11012268,1.8722534,3.0,0
7.313360694,9.600739,-0.1819458,1.8100128,3.0,0
7.317755226,9.653412,-0.16279602,1.7573395,3.0,0
7.322180274,9.658203,-0.22984314,2.0733643,3.0,0
7.326574806,9.500183,-0.1484375,1.8722534,3.0,0
7.330969337,9.634262,-0.28729248,1.9345093,3.0,0
7.335394386,9.591171,-0.1771698,1.8052216,3.0,0
7.339788917,9.706085,-0.11012268,1.8866272,3.0,0
7.344213966,9.730026,-0.26335144,1.7525482,3.0,0
7.348608497,9.643829,-0.028717041,1.7238159,3.0,0
7.353033546,9.58638,-0.0622406,1.9919739,3.0,0
7.357428077,9.557648,-0.19631958,2.0350647,3.0,0
7.361822608,9.557648,-0.19631958,2.0350647,3.0,0
7.366247657,9.5767975,-0.20588684,1.9967499,3.0,0
7.370642188,9.60553,-0.05265808,1.9967499,3.0,0
7.375067237,9.629471,-0.13885498,1.9632416,3.0,0
7.379461769,9.662994,-0.1819458,1.9488678,3.0,0
7.383886817,9.639053,-0.21546936,1.7812805,3.0,0
7.388281349,9.629471,-0.21546936,1.9871826,3.0,0
7.392706397,9.60553,-0.30166626,2.0446472,3.0,0
7.397100929,9.600739,-0.23461914,1.929718,3.0,0
7.40149546,9.677353,-0.21546936,1.9249268,3.0,0
7.405920509,9.62468,-0.28250122,1.8004303,3.0,0
7.41031504,9.58638,-0.1819458,1.8004303,3.0,0
7.414740089,9.682144,-0.20111084,1.8674622,3.0,0
7.41913462,9.60553,-0.296875,1.8291626,3.0,0
7.423559669,9.58638,-0.2106781,1.7812805,3.0,0
7.4279542,9.615112,-0.2394104,1.953659,3.0,0
7.432348731,9.619888,-0.05265808,1.8722534,3.0,0
7.43677378,9.758759,-0.20588684,1.7764893,3.0,0
7.441168312,9.643829,-0.1197052,1.8626862,3.0,0
7.44559336,9.509766,-0.25378418,1.8818359,3.0,0
7.449987892,9.591171,-0.16758728,1.9680328,3.0,0
7.45441294,9.60553,-0.19631958,1.9728088,3.0,0
7.458807472,9.706085,-0.16758728,1.9249268,3.0,0
7.463232521,9.60553,-0.14364624,1.9153595,3.0,0
7.467627052,9.600739,-0.13406372,1.9249268,3.0,0
7.472021583,9.60553,-0.18673706,1.8578949,3.0,0
7.476446632,9.595947,-0.25378418,1.7764893,3.0,0
7.480841163,9.615112,-0.15800476,1.9009857,3.0,0
7.485266212,9.543274,-0.20111084,1.8961945,3.0,0
7.489660743,9.677353,-0.16279602,1.8818359,3.0,0
7.494085792,9.5767975,-0.0622406,1.9249268,3.0,0
7.498480323,9.567215,-0.27772522,1.8722534,3.0,0
7.502874855,9.643829,-0.13885498,1.8531036,3.0,0
7.507299903,9.62468,-0.09576416,2.0542145,3.0,0
7.511694435,9.619888,-0.22026062,2.015915,3.0,0
7.516119483,9.682144,-0.08618164,1.8674622,3.0,0
7.520514015,9.701294,-0.11012268,1.9488678,3.0,0
7.524939063,9.548065,-0.18673706,1.8387451,3.0,0
7.529333595,9.610321,-0.22984314,1.8914185,3.0,0
7.533728126,9.610321,-0.25378418,1.9201355,3.0,0
7.538153175,9.610321,-0.1771698,1.9153595,3.0,0
7.542547706,9.562439,-0.20588684,1.795639,3.0,0
7.546972755,9.619888,-0.16758728,1.8531036,3.0,0
7.551367286,9.485825,-0.15322876,1.7908478,3.0,0
7.555792335,9.682144,-0.04788208,1.7669067,3.0,0
7.560186866,9.591171,-0.27293396,1.8004303,3.0,0
7.564611915,9.591171,-0.27293396,1.8004303,3.0,0
7.569006446,9.629471,-0.1819458,1.9153595,3.0,0
7.573400978,9.634262,-0.11012268,1.953659,3.0,0
7.577826026,9.710876,-0.12927246,1.8291626,3.0,0
7.582220558,9.600739,-0.21546936,1.8483124,3.0,0
7.586645606,9.519333,-0.18673706,1.929718,3.0,0
7.591040138,9.5767975,-0.2106781,1.9105682,3.0,0
7.595465187,9.653412,-0.17237854,1.7812805,3.0,0
7.599859718,9.615112,-0.22026062,1.8722534,3.0,0
7.604254249,9.686935,-0.028717041,1.771698,3.0,0
7.608679298,9.5767975,-0.18673706,1.9488678,3.0,0
7.613073829,9.5767975,-0.18673706,1.9488678,3.0,0
7.617498878,9.58638,-0.16279602,1.8722534,3.0,0
7.621893409,9.548065,-0.2106781,2.0254822,3.0,0
7.626318458,9.60553,-0.2394104,1.9584503,3.0,0
7.630712989,9.60553,-0.2394104,1.9584503,3.0,0
7.635138038,9.629471,-0.14364624,1.8626862,3.0,0
7.639532569,9.58638,-0.16758728,1.7094574,3.0,0
7.643927101,9.629471,-0.16279602,1.9201355,3.0,0
7.648352149,9.581589,-0.11491394,1.8339539,3.0,0
7.652746681,9.619888,-0.16758728,1.8914185,3.0,0
7.65717173,9.595947,-0.13885498,1.8866272,3.0,0
7.661566261,9.552856,-0.19631958,1.7908478,3.0,0
7.66599131,9.476242,-0.08618164,1.8052216,3.0,0
7.670385841,9.58638,-0.14364624,1.7381897,3.0,0
7.674780372,9.677353,-0.15800476,1.747757,3.0,0
7.679205421,9.677353,-0.22984314,1.8483124,3.0,0
7.683599952,9.667786,-0.18673706,1.8818359,3.0,0
7.688025001,9.452301,-0.22505188,1.9201355,3.0,0
7.692419532,9.562439,-0.1771698,1.7669067,3.0,0
7.696844581,9.634262,-0.12449646,1.8770447,3.0,0
7.701239112,9.639053,-0.21546936,1.7333984,3.0,0
7.705633644,9.686935,-0.22505188,1.7812805,3.0,0
7.710058692,9.672562,-0.1484375,1.8674622,3.0,0
7.714453224,9.634262,-0.25378418,1.8626862,3.0,0
7.718878272,9.639053,-0.1197052,1.9584503,3.0,0
7.723272804,9.672562,-0.1819458,1.7525482,3.0,0
7.727697853,9.629471,-0.14364624,1.8674622,3.0,0
7.732092384,9.543274,-0.13406372,1.9632416,3.0,0
7.736517433,9.662994,-0.15322876,1.7860718,3.0,0
7.740911964,9.648621,-0.15800476,1.7764893,3.0,0
7.745306495,9.567215,-0.24899292,1.953659,3.0,0
7.749731544,9.615112,-0.25378418,1.7812805,3.0,0
7.754126075,9.658203,-0.19152832,2.0494232,3.0,0
7.758551124,9.562439,-0.2681427,2.0207062,3.0,0
7.762945655,9.653412,-0.11491394,1.9584503,3.0,0
7.767370704,9.552856,-0.19152832,1.8052216,3.0,0
7.771765235,9.5767975,-0.30645752,1.7381897,3.0,0
7.776159767,9.653412,-0.05265808,2.0111237,3.0,0
7.780584815,9.591171,-0.19631958,1.8961945,3.0,0
7.784979347,9.562439,-0.16279602,1.9488678,3.0,0
7.789404396,9.5767975,-0.09576416,1.8578949,3.0,0
7.793798927,9.686935,-0.13885498,1.8339539,3.0,0
7.798223976,9.634262,-0.1819458,1.8100128,3.0,0
7.802618507,9.548065,-0.22505188,1.6759338,3.0,0
7.807043556,9.682144,-0.18673706,1.8626862,3.0,0
7.811438087,9.62468,-0.1197052,1.7621307,3.0,0
7.815832618,9.629471,-0.25378418,1.7573395,3.0,0
7.820257667,9.572006,-0.11012268,1.9967499,3.0,0
7.824652198,9.730026,-0.13885498,1.9009857,3.0,0
7.829077247,9.691727,-0.10055542,1.8148041,3.0,0
7.833471778,9.639053,-0.1819458,1.8195801,3.0,0
7.837896827,9.677353,-0.22984314,1.9345093,3.0,0
7.842291358,9.653412,-0.13885498,1.7669067,3.0,0
7.84668589,9.643829,-0.1484375,1.8722534,3.0,0
7.851110938,9.643829,-0.22026062,1.9919739,3.0,0
7.85550547,9.634262,-0.20588684,2.063797,3.0,0
7.859930519,9.591171,-0.21546936,1.9632416,3.0,0
7.86432505,9.591171,-0.21546936,1.9632416,3.0,0
7.868750099,9.662994,-0.20111084,1.8914185,3.0,0
7.87314463,9.643829,-0.22505188,1.8195801,3.0,0
7.877539161,9.634262,-0.22026062,1.9488678,3.0,0
7.88196421,9.7348175,-0.19631958,1.8435211,3.0,0
7.886358741,9.62468,-0.17237854,1.8674622,3.0,0
7.89078379,9.562439,-0.19631958,1.8387451,3.0,0
7.895178321,9.548065,-0.20111084,1.747757,3.0,0
7.89960337,9.615112,-0.10055542,1.8339539,3.0,0
7.903997901,9.672562,-0.22505188,1.6807251,3.0,0
7.90842295,9.686935,-0.13406372,1.7621307,3.0,0
7.912817481,9.619888,-0.25856018,1.7429657,3.0,0
7.917212013,9.619888,-0.20588684,1.7860718,3.0,0
7.921637062,9.658203,-0.24899292,1.8674622,3.0,0
7.926031593,9.591171,-0.15322876,1.6711426,3.0,0
7.930456642,9.682144,-0.03829956,1.8100128,3.0,0
7.934851173,9.672562,-0.08618164,1.7381897,3.0,0
7.939276222,9.715668,-0.24899292,1.656784,3.0,0
7.943670753,9.533707,-0.18673706,1.7381897,3.0,0
7.948065284,9.691727,-0.19152832,1.8722534,3.0,0
7.952490333,9.706085,-0.21546936,1.8387451,3.0,0
7.956884864,9.658203,-0.15322876,1.8100128,3.0,0
7.961309913,9.696503,-0.09576416,1.7381897,3.0,0
7.965704444,9.60553,-0.22026062,1.656784,3.0,0
7.970129493,9.653412,-0.1819458,1.6950836,3.0,0
7.974524024,9.629471,-0.1819458,1.7381897,3.0,0
7.978949073,9.696503,-0.19152832,1.7046661,3.0,0
7.983343605,9.639053,-0.25856018,1.7764893,3.0,0
7.987738136,9.672562,-0.18673706,1.9153595,3.0,0
7.992163185,9.60553,-0.25378418,1.7669067,3.0,0
7.996557716,9.629471,-0.12449646,1.8195801,3.0,0
8.000982765,9.653412,-0.21546936,1.8531036,3.0,0
8.005377296,9.691727,-0.28250122,1.8578949,3.0,0
8.009802345,9.682144,-0.22505188,1.9153595,3.0,0
8.014196876,9.653412,-0.08618164,1.9584503,3.0,0
8.018591407,9.634262,-0.22026062,1.929718,3.0,0
8.023016456,9.610321,-0.22505188,1.8818359,3.0,0
8.027410987,9.677353,-0.2106781,1.9823914,3.0,0
8.031836036,9.639053,-0.05265808,1.9201355,3.0,0
8.036230567,9.619888,-0.31123352,1.7812805,3.0,0
8.040655616,9.725235,-0.2394104,1.8961945,3.0,0
8.045050147,9.567215,-0.0622406,1.8148041,3.0,0
8.049444679,9.581589,-0.19152832,1.9153595,3.0,0
8.053869728,9.658203,-0.20111084,1.8052216,3.0,0
8.058264259,9.595947,-0.11012268,1.9393005,3.0,0
8.062689308,9.619888,-0.24899292,1.929718,3.0,0
8.067083839,9.648621,-0.2394104,1.9680328,3.0,0
8.071508888,9.562439,-0.10533142,1.8052216,3.0,0
8.075903419,9.768341,-0.08618164,2.0446472,3.0,0
8.080328468,9.60553,-0.22026062,1.7333984,3.0,0
8.084722999,9.768341,-0.19631958,1.9728088,3.0,0
8.08911753,9.581589,-0.25856018,1.8004303,3.0,0
8.093542579,9.4427185,-0.24899292,1.6615753,3.0,0
8.09793711,9.548065,-0.13406372,1.8100128,3.0,0
8.102362159,9.552856,-0.16279602,1.7812805,3.0,0
8.10675669,9.552856,-0.16279602,1.7812805,3.0,0
8.111181739,9.581589,-0.23461914,1.7621307,3.0,0
8.115576271,9.581589,-0.23461914,1.7621307,3.0,0
8.119970802,9.58638,-0.09576416,2.0207062,3.0,0
8.124395851,9.720444,-0.25378418,2.0925293,3.0,0
8.128790382,9.490601,-0.22984314,2.1164703,3.0,0
8.133215431,9.62468,-0.04309082,2.063797,3.0,0
8.137609962,9.615112,-0.11491394,1.9728088,3.0,0
8.142035011,9.595947,-0.0909729,1.8052216,3.0,0
8.146429542,9.538498,-0.1484375,1.8818359,3.0,0
8.150854591,9.619888,-0.17237854,1.905777,3.0,0
8.155249122,9.60553,-0.20588684,1.9680328,3.0,0
8.159643653,9.629471,-0.21546936,2.1212616,3.0,0
8.164068702,9.600739,-0.1484375,1.9823914,3.0,0
8.168463233,9.653412,-0.07182312,2.0542145,3.0,0
8.172888282,9.643829,-0.20111084,2.0973206,3.0,0
8.177282813,9.452301,-0.15800476,2.0542145,3.0,0
8.181707862,9.557648,-0.20588684,2.173935,3.0,0
8.186102394,9.58638,-0.13885498,2.0302734,3.0,0
8.190496925,9.677353,-0.19152832,1.9393005,3.0,0
8.194921974,9.615112,-0.17237854,2.0590057,3.0,0
8.199316505,9.662994,-0.18673706,1.9249268,3.0,0
8.203741554,9.610321,-0.15800476,1.8387451,3.0,0
8.208136085,9.720444,-0.23461914,1.9488678,3.0,0
8.212561134,9.667786,-0.26335144,1.795639,3.0,0
8.216955665,9.490601,-0.12927246,1.905777,3.0,0
8.221350196,9.653412,-0.12927246,1.8195801,3.0,0
8.225775245,9.600739,-0.16279602,1.8674622,3.0,0
8.230169776,9.591171,-0.15322876,1.7812805,3.0,0
8.234594825,9.639053,-0.14364624,1.771698,3.0,0
8.238989356,9.696503,-0.20588684,1.7621307,3.0,0
8.243414405,9.701294,-0.20588684,1.8004303,3.0,0
8.247808937,9.62468,-0.1197052,1.8483124,3.0,0
