loggingTime,loggingSample,locationTimestamp_since1970,locationLatitude,locationLongitude,locationAltitude,locationSpeed,locationCourse,locationVerticalAccuracy,locationHorizontalAccuracy,locationFloor,locationHeadingTimestamp_since1970,locationHeadingX,locationHeadingY,locationHeadingZ,locationTrueHeading,locationMagneticHeading,locationHeadingAccuracy,accelerometerTimestamp_sinceReboot,accelerometerAccelerationX,accelerometerAccelerationY,accelerometerAccelerationZ,gyroTimestamp_sinceReboot,gyroRotationX,gyroRotationY,gyroRotationZ,motionTimestamp_sinceReboot,motionYaw,motionRoll,motionPitch,motionRotationRateX,motionRotationRateY,motionRotationRateZ,motionUserAccelerationX,motionUserAccelerationY,motionUserAccelerationZ,motionAttitudeReferenceFrame,motionQuaternionX,motionQuaternionY,motionQuaternionZ,motionQuaternionW,motionGravityX,motionGravityY,motionGravityZ,motionMagneticFieldX,motionMagneticFieldY,motionMagneticFieldZ,motionMagneticFieldCalibrationAccuracy,IP_en0,IP_pdp_ip0,deviceOrientation,state
2014-12-24 14:45:13.022,1,1419412506.491611,28.57226996639681,77.18970784354728,211.6829,-1,-1,10,65,-9999,1419412512.95043,-33.73151397705078,-2.33903431892395,-29.9414176940918,95.47195434570312,94.55657196044922,10,823831.4692843334,0.0287017822265625,0.0083770751953125,-0.9871978759765625,823831.3880945001,0.004011519549986357,-0.01796062470760339,-0.002520415655650991,823831.3735369167,0.009416765719036206,0.02721255450283592,-0.008722691490391189,0.004183408804237843,-0.002958368975669146,0.009943139739334583,-0.002427887404337525,0.0006768332095816731,0.01236333977431059,XArbitraryZVertical,-0.004424940618234468,0.01358504437593182,0.00464854585994631,0.999887122374906,0.02720816060900688,0.008722580969333649,-0.9995917081832886,0,0,0,-1,192.168.2.7,0.0.0.0,1,0
2014-12-24 14:45:13.076,2,1419412513.005659,28.57225432126812,77.18975538637689,211.587,-1,-1,10,65,-9999,1419412513.056075,-34.01089477539062,-2.060601472854614,-29.50829315185547,95.43809509277344,94.52271270751953,10,823831.5787327917,0.026763916015625,0.0084228515625,-0.989166259765625,823831.4851457084,0.005109540867426026,-0.01073307182523735,-0.00125195202844625,823831.4705883334,0.009294288011458589,0.02733615382353641,-0.008660720868220123,0.0006601944332942367,-0.0005101464921608567,-0.008352270349860191,0.001370057929307222,-0.0002835374034475535,0.01239102520048618,XArbitraryZVertical,-0.004393410382205943,0.01364725382309864,0.004587464606369654,0.9998866963695132,0.02733172476291656,0.008660612627863884,-0.9995889067649841,0,0,0,-1,192.168.2.7,0.0.0.0,1,0
2014-12-24 14:45:13.190,3,1419412513.005659,28.57225432126812,77.18975538637689,211.587,-1,-1,10,65,-9999,1419412513.158119,-33.17276763916016,-2.61747670173645,-29.21953964233398,95.46614837646484,94.55076599121094,10,823831.6876447084,0.026763916015625,0.0094146728515625,-0.9900970458984375,823831.5821954584,0.0137530965013872,-0.009361011231628523,-0.006068811492072568,823831.5676379168,0.009344315209495375,0.02726288123485686,-0.008777585973810148,-0.0007055281894281507,-0.001805313164368272,0.006256789900362492,0.003350676968693733,0.001537468167953193,0.01243778225034475,XArbitraryZVertical,-0.004452008675676349,0.01361023532609633,0.004611838668489516,0.9998868296248175,0.02725845389068127,0.008777473121881485,-0.9995898604393005,0,0,0,-1,192.168.2.7,0.0.0.0,1,0
2014-12-24 14:45:13.326,4,1419412513.005659,28.57225432126812,77.18975538637689,211.587,-1,-1,10,65,-9999,1419412513.263233,-33.31245422363281,-1.782161951065063,-29.79703521728516,95.45960998535156,94.54422760009766,10,823831.7972469584,0.0277862548828125,0.0074310302734375,-0.988189697265625,823831.7762965834,0.01104040061503249,0.0001685780970020158,0.002506034585764563,823831.7617390001,0.00946156337898359,0.02759762372916542,-0.008641918048455124,0.0004289358912501484,0.005444844253361225,0.005081608425825834,0.0001321294548688456,0.001734166056849062,0.009515354409813881,XArbitraryZVertical,-0.004385762110023257,0.01377765132548934,0.004670648149971039,0.9998845565666468,0.02759309113025665,0.008641810156404972,-0.9995818734169006,0,0,0,-1,192.168.2.7,0.0.0.0,1,0
2014-12-24 14:45:13.425,5,1419412513.005659,28.57225432126812,77.18975538637689,211.587,-1,-1,10,65,-9999,1419412513.365601,-33.10292053222656,-2.826302766799927,-29.29172515869141,95.47891998291016,94.56353759765625,10,823831.9051840417,0.026885986328125,0.0045013427734375,-0.99114990234375,823831.873346125,0.0002849582366384785,-0.01319116951138048,-0.006172408458476651,823831.8587887917,0.009533993529694956,0.02757342685222478,-0.008766296000007926,-0.001946825417689979,0.00423843739554286,0.0001780575839802623,-0.003780421568080783,0.002632131800055504,0.009484422393143177,XArbitraryZVertical,-0.004448385872290524,0.01376509529126951,0.004706053481407606,0.9998842868429005,0.02756887301802635,0.008766183629631996,-0.9995814561843872,0,0,0,-1,192.168.2.7,0.0.0.0,1,0
2014-12-24 14:45:13.528,6,1419412513.005659,28.57225432126812,77.18975538637689,211.587,-1,-1,10,65,-9999,1419412513.473761,-33.45214080810547,-2.4782555103302,-29.36391830444336,95.50019073486328,94.58480834960938,10,823832.0154156251,0.02874755859375,0.0084228515625,-0.99200439453125,823831.9703961251,0.004987834405609405,-0.008370315306119046,0.006076534659233798,823831.9558385001,0.009604448189601258,0.02719046131661177,-0.008934855551573924,0.003209548536688089,-0.002831970807164907,-0.00959019735455513,0.001469979993999004,0.001395463477820158,0.01242310274392366,XArbitraryZVertical,-0.004532232988681883,0.0135730679901976,0.004740980993196654,0.9998863704384832,0.02718602493405342,0.008934736251831055,-0.9995904564857483,0,0,0,-1,192.168.2.7,0.0.0.0,1,0
2014-12-24 14:45:13.624,7,1419412513.005659,28.57225432126812,77.18975538637689,211.587,-1,-1,10,65,-9999,1419412513.59884,-33.59182739257812,-3.174349546432495,-29.94141387939453,95.54128265380859,94.62590026855469,10,823832.124605875,0.027740478515625,0.0103912353515625,-0.9929656982421875,823832.06744725,0.003644003319555421,-0.004811266825337152,0.01096636473672829,823832.0528897917,0.009606619619672329,0.02705337794768856,-0.008846148645978108,0.00920817069709301,-0.002807304263114929,0.003857409348711371,-0.002253487473353744,-0.0004384405037853867,0.01427392195910215,XArbitraryZVertical,-0.004487574252724912,0.01350474482969196,0.004742978092769259,0.9998874875220584,0.02704901993274689,0.008846033364534378,-0.9995949864387512,0,0,0,-1,192.168.2.7,0.0.0.0,1,0
2014-12-24 14:45:13.732,8,1419412513.005659,28.57225432126812,77.18975538637689,211.587,-1,-1,10,65,-9999,1419412513.702624,-33.59182739257812,-2.61747670173645,-30.23016738891602,95.56214141845703,94.64675903320312,10,823832.2346433334,0.0257110595703125,0.0113372802734375,-0.9862213134765625,823832.1644970834,0.01496483479737326,-0.005713013170437982,-0.00969736847730553,823832.1499393334,0.0101122653486396,0.02688172528888585,-0.008748172480902053,-0.006798180751502514,-0.003078998764976859,0.006194464862346649,-0.001059588277712464,-0.0003099505556747317,0.008511589840054512,XArbitraryZVertical,-0.00444157708922157,0.01341804378037864,0.004996817280756495,0.9998876238413407,0.02687745913863182,0.008748061023652554,-0.9996004700660706,0,0,0,-1,192.168.2.7,0.0.0.0,1,0
2014-12-24 14:45:13.840,9,1419412513.005659,28.57225432126812,77.18975538637689,211.587,-1,-1,10,65,-9999,1419412513.807012,-33.59182739257812,-2.756695032119751,-30.23016738891602,95.55946350097656,94.64408111572266,10,823832.3435630418,0.0249786376953125,0.000518798828125,-0.981597900390625,823832.2615466251,0.01621865103858256,-0.01052960631795529,-0.004841360545655047,823832.2469890834,0.01003682282347182,0.02701015719918543,-0.00881135425396793,-0.009286976419389248,0.001716777798719704,0.002545163733884692,-0.001187953632324934,0.0006186913815326989,0.007576788775622845,XArbitraryZVertical,-0.004472976678877028,0.0134822596436666,0.004958387744920131,0.9998868113668937,0.02700582519173622,0.008811240084469318,-0.9995964169502258,0,0,0,-1,192.168.2.7,0.0.0.0,1,0
2014-12-24 14:45:13.951,10,1419412513.005659,28.57225432126812,77.18975538637689,211.587,-1,-1,10,65,-9999,1419412513.9108,-33.52198791503906,-2.547866106033325,-29.58047866821289,95.58371734619141,94.6683349609375,10,823832.4533886251,0.0278472900390625,0.005462646484375,-0.98919677734375,823832.3585981251,0.007470699489890279,-0.004680771931923269,-0.00120188459995276,823832.3440405417,0.01011086374630461,0.02706129894848716,-0.008649589436768272,-0.0007389387465082109,0.003040324663743377,0.006262646522372961,-0.002078346209600568,-0.00813068263232708,0.01799857057631016,XArbitraryZVertical,-0.004392730354057489,0.01350807564345896,0.004996385738776803,0.9998866295445442,0.027056984603405,0.00864948146045208,-0.9995964765548706,0,0,0,-1,192.168.2.7,0.0.0.0,1,0
2014-12-24 14:45:14.058,11,1419412513.005659,28.57225432126812,77.18975538637689,211.587,-1,-1,10,65,-9999,1419412514.014331,-33.80136108398438,-2.130208730697632,-29.43610382080078,95.54529571533203,94.62991333007812,10,823832.5612812501,0.0266876220703125,0.0123748779296875,-0.991973876953125,823832.4556478334,0.01130405356295034,-0.01424551498694285,-1.597896654047543e-05,823832.4410903751,0.01014507046328956,0.02677943265203527,-0.00878224985690149,0.000636792799923569,-0.005350167863070965,0.006214947905391455,3.449296491453424e-05,-0.0003135090228170156,0.004668820649385452,XArbitraryZVertical,-0.004458577538163386,0.0133667429210104,0.005013216659162966,0.9998881532094974,0.02677519991993904,0.008782137185335159,-0.9996029138565063,0,0,0,-1,192.168.2.7,0.0.0.0,1,0
2014-12-24 14:45:14.166,12,1419412513.005659,28.57225432126812,77.18975538637689,211.587,-1,-1,10,65,-9999,1419412514.118501,-33.03307342529297,-2.339037656784058,-29.65266418457031,95.53926086425781,94.62387847900391,10,823832.6693247918,0.02581787109375,0.0084381103515625,-0.9910888671875,823832.6497488751,0.01625993003547879,-0.01050883366145267,-0.008498679670660866,823832.6351913334,0.01045037566102095,0.02672872222132211,-0.008732792934589978,0.005518743768334389,0.001995658967643976,0.0001584063284099102,-6.381016646628268e-06,0.002650374779477715,0.006638993974775076,XArbitraryZVertical,-0.004435761300811637,0.01334084043228641,0.005166296251886013,0.9998878213985963,0.02672452107071877,0.008732682093977928,-0.9996047019958496,0,0,0,-1,192.168.2.7,0.0.0.0,1,0
2014-12-24 14:45:14.276,13,1419412513.005659,28.57225432126812,77.18975538637689,211.587,-1,-1,10,65,-9999,1419412514.22283,-33.38229370117188,-2.408644914627075,-28.71422576904297,95.52386474609375,94.60848236083984,10,823832.7793585834,0.0256805419921875,0.0123291015625,-0.9862060546875,823832.7467985834,0.0137195406716522,-0.008165518218291952,-0.004842692126200087,823832.7322410834,0.0104301050296145,0.02713744250636553,-0.008629077177077792,0.007851386442780495,0.008044884540140629,0.003831041511148214,0.002575760707259178,-0.0002518949040677398,0.01047410257160664,XArbitraryZVertical,-0.004384827812782825,0.01354549580471562,0.005155960281081669,0.999885347878439,0.02713310159742832,0.008628970012068748,-0.9995945692062378,0,0,0,-1,192.168.2.7,0.0.0.0,1,0
2014-12-24 14:45:14.392,14,1419412513.005659,28.57225432126812,77.18975538637689,211.587,-1,-1,10,65,-9999,1419412514.327779,-33.73151397705078,-2.4782555103302,-29.9414176940918,95.52406311035156,94.60868072509766,10,823832.8892800834,0.025848388671875,0.0074615478515625,-0.9901275634765625,823832.843848375,0.008751679974218392,-0.009484049273990183,0.001215733037621172,823832.8292908334,0.01045152578514204,0.02693546092129995,-0.008506416836463988,-0.006667865440249443,-0.004201540257781744,1.363237061013933e-05,-0.0001673135993769392,0.0009083586046472192,0.009504050016403198,XArbitraryZVertical,-0.004323127891677428,0.01344479356541431,0.005167939553331319,0.9998869138517315,0.02693122997879982,0.008506313897669315,-0.9996011257171631,0,0,0,-1,192.168.2.7,0.0.0.0,1,0
2014-12-24 14:45:14.522,15,1419412513.005659,28.57225432126812,77.18975538637689,211.587,-1,-1,10,65,-9999,1419412514.431705,-33.94104766845703,-1.851772546768188,-30.15797805786133,95.50278472900391,94.58740234375,10,823832.9994159167,0.026763916015625,0.007415771484375,-0.9843597412109375,823832.9408996251,0.01626419109322292,-0.01414378223330183,-0.003643204371228398,823832.9263419167,0.0109660827891419,0.02708078334303589,-0.008788002344437478,-0.01039216294884682,-0.0006323361885733902,-0.001241249614395201,0.002510364167392254,0.005509596318006516,0.007697154767811298,XArbitraryZVertical,-0.004467757364526304,0.01351555359919207,0.005422964775785935,0.9998839734729382,0.02707642875611782,0.008787889033555984,-0.9995947480201721,0,0,0,-1,192.168.2.7,0.0.0.0,1,0
2014-12-24 14:45:14.623,16,1419412513.005659,28.57225432126812,77.18975538637689,211.587,-1,-1,10,65,-9999,1419412514.535596,-33.73151397705078,-2.617473840713501,-29.65266418457031,95.49262237548828,94.57723999023438,10,823833.110084,0.02679443359375,0.008453369140625,-0.993011474609375,823833.037949375,0.0124188527952575,-0.002160356276272278,-0.007253651861048822,823833.0233916667,0.01104769424145844,0.02698082385290683,-0.008682096171510813,-0.002803493058308959,-0.007669514045119286,-0.008581514470279217,0.0007944623939692974,-0.001266215578652918,0.01236997079104185,XArbitraryZVertical,-0.004415088851579518,0.01346569291969879,0.005464704677950508,0.9998846529012033,0.02697653323411942,0.008681987412273884,-0.9995983839035034,0,0,0,-1,192.168.2.7,0.0.0.0,1,0
2014-12-24 14:45:14.722,17,1419412513.005659,28.57225432126812,77.18975538637689,211.587,-1,-1,10,65,-9999,1419412514.637829,-33.94104766845703,-2.687084436416626,-29.43610382080078,95.52398681640625,94.60860443115234,10,823833.2197388751,0.0307159423828125,0.007415771484375,-0.991058349609375,823833.134999125,0.003818973003173627,-0.009572199906071806,0.002404834464341552,823833.1204415418,0.01104410402135854,0.02690221589811876,-0.00871354787989842,-0.0007461779750883579,0.004290356766432524,0.009790018200874329,-0.0001035162786138244,-0.0002600684820208699,0.00658873375505209,XArbitraryZVertical,-0.004430573999718959,0.0134263136409292,0.005462871404159089,0.999885123977761,0.02689795009791851,0.008713437244296074,-0.9996002316474915,0,0,0,-1,192.168.2.7,0.0.0.0,1,0
2014-12-24 14:45:14.827,18,1419412513.005659,28.57225432126812,77.18975538637689,211.587,-1,-1,10,65,-9999,1419412514.740988,-33.59182739257812,-2.060598134994507,-30.08579254150391,95.5286865234375,94.61330413818359,10,823833.3292490417,0.0267181396484375,0.0103759765625,-0.9881591796875,823833.2320503334,0.01366920692704971,-0.01182842998158694,0.004889297445276474,823833.217492625,0.01115632691929882,0.02703790098244445,-0.008896315565237584,-0.0005836209165863693,-0.001678528147749603,0.004847670439630747,-0.002238004701212049,0.001525554689578712,0.007575287483632565,XArbitraryZVertical,-0.004523074928423442,0.0134933845722491,0.005517438164653056,0.9998835073357438,0.02703353762626648,0.008896198123693466,-0.9995949268341064,0,0,0,-1,192.168.2.7,0.0.0.0,1,0
2014-12-24 14:45:14.934,19,1419412513.005659,28.57225432126812,77.18975538637689,211.587,-1,-1,10,65,-9999,1419412514.84618,-33.10292053222656,-2.408648252487183,-29.724853515625,95.51790618896484,94.60252380371094,10,823833.4373890418,0.02471923828125,0.0123748779296875,-0.9900665283203125,823833.329100125,0.008752745238654424,-0.01796967945530966,0.01335814971172845,823833.3145423334,0.01118216196016567,0.02694894037983222,-0.008890857788107451,-0.001877507893368602,0.003116658655926585,0.003648975165560842,-0.002103304956108332,-0.001429192838259041,0.0104006128385663,XArbitraryZVertical,-0.004520274662524274,0.0134488664336971,0.005530592205963714,0.9998840471066764,0.02694461308419704,0.008890740573406219,-0.9995973706245422,0,0,0,-1,192.168.2.7,0.0.0.0,1,0
2014-12-24 14:45:15.043,20,1419412513.005659,28.57225432126812,77.18975538637689,211.587,-1,-1,10,65,-9999,1419412514.949352,-34.29026031494141,-2.199819326400757,-29.65266418457031,95.50074005126953,94.58535766601562,10,823833.5460913334,0.025848388671875,0.0074615478515625,-0.9911041259765625,823833.5232010417,0.01362366687240935,-0.008214254066240403,0.003690874954740816,823833.5086433333,0.01141267675628986,0.02675070072751941,-0.009268143606738121,-0.0005725127412006259,-0.000443130818894133,0.00357782980427146,4.80719972983934e-05,-0.001821721903979778,0.01041776966303587,XArbitraryZVertical,-0.00470988603241837,0.01334814921326508,0.005643756468278376,0.999883889208652,0.02674636244773865,0.009268010966479778,-0.999599277973175,0,0,0,-1,192.168.2.7,0.0.0.0,1,0
2014-12-24 14:45:15.153,21,1419412513.005659,28.57225432126812,77.18975538637689,211.587,-1,-1,10,65,-9999,1419412515.051866,-33.38229370117188,-2.687084436416626,-29.724853515625,95.51648712158203,94.60110473632812,10,823833.6563572501,0.0268402099609375,0.005462646484375,-0.9863128662109375,823833.6202508333,0.008755142083635495,-0.004632835032301843,-0.006070942020944632,823833.6056931667,0.01128129009076093,0.02695072046239852,-0.008864277347447255,-0.004247399978339672,-0.000496591383125633,0.002336005913093686,0.0008245967910625041,0.0005505115841515362,0.006616621278226376,XArbitraryZVertical,-0.004507657537138492,0.01344960806419736,0.00558032590672006,0.999883817765431,0.02694639936089516,0.008864161558449268,-0.9995975494384766,0,0,0,-1,192.168.2.7,0.0.0.0,1,0
2014-12-24 14:45:15.262,22,1419412513.005659,28.57225432126812,77.18975538637689,211.587,-1,-1,10,65,-9999,1419412515.155378,-33.87120819091797,-1.782164812088013,-29.21953964233398,95.48261260986328,94.56723022460938,10,823833.765105,0.0287628173828125,0.0074310302734375,-0.9910736083984375,823833.7173005417,0.003728159210001926,-0.002344114391487745,8.522115488253562e-06,823833.7027428751,0.01117289569733079,0.02700565229038699,-0.008665960472650983,-0.004006905015558004,-0.0137025136500597,0.001010237610898912,0.0008611928788013756,-0.003187946742400527,0.009455012157559395,XArbitraryZVertical,-0.004407933512293238,0.01347787482532373,0.005527352481742459,0.9998841759858179,0.02700135670602322,0.008665852248668671,-0.9995978474617004,0,0,0,-1,192.168.2.7,0.0.0.0,1,0
2014-12-24 14:45:15.368,23,1419412513.005659,28.57225432126812,77.18975538637689,211.587,-1,-1,10,65,-9999,1419412515.364017,-33.59182739257812,-2.617473840713501,-29.21953964233398,95.50243377685547,94.58705139160156,10,823833.8714009167,0.0267791748046875,0.0084381103515625,-0.9901123046875,823833.814351625,0.01003372572298254,-0.003375556681675434,-0.01215227037014057,823833.7997940833,0.01115715930539046,0.02702493351685668,-0.008722504100891133,-0.004080654587596655,-0.001616682624444366,-0.00989196915179491,-0.003155870130285621,-0.001260845689103007,0.01232265215367079,XArbitraryZVertical,-0.004436149193499517,0.01348738964333118,0.005519060016197474,0.9998839687070852,0.02702061645686626,0.008722393773496151,-0.9995968341827393,0,0,0,-1,192.168.2.7,0.0.0.0,1,0
2014-12-24 14:45:15.489,24,1419412513.005659,28.57225432126812,77.18975538637689,211.587,-1,-1,10,65,-9999,1419412515.467919,-33.45213317871094,-2.33903431892395,-29.50829315185547,95.50509643554688,94.58971405029297,10,823833.9809895834,0.027740478515625,0.0093841552734375,-0.9881591796875,823833.9114014584,0.01122256083359391,-0.003375822997784442,-0.008486961761864517,823833.8968438334,0.01110361804167891,0.0269588609013942,-0.008752133281879296,0.001794219249859452,0.003200637642294168,0.008430697023868561,-0.0001143531408160925,-0.002267036121338606,0.008478960953652859,XArbitraryZVertical,-0.004450419548639068,0.01345439279886327,0.005492238987173575,0.9998844975251464,0.02695456333458424,0.008752021938562393,-0.9995983242988586,0,0,0,-1,192.168.2.7,0.0.0.0,1,0
2014-12-24 14:45:15.589,25,1419412513.005659,28.57225432126812,77.18975538637689,211.587,-1,-1,10,65,-9999,1419412515.571925,-33.80136108398438,-1.990990877151489,-29.724853515625,95.49679565429688,94.58141326904297,10,823834.0895477084,0.0277252197265625,0.009368896484375,-0.986236572265625,823834.008451125,0.002560895704220195,-0.001120391870596336,-0.007307181398959414,823833.9938936251,0.01107281268913259,0.02669474266349889,-0.008800008809386237,0.006722501013427973,0.003290095832198858,0.008435225114226341,-0.002856310224160552,-0.0003617848851718009,0.01234609913080931,XArbitraryZVertical,-0.004473424035708778,0.01332228343438753,0.005477105662406809,0.9998862468076087,0.0266905389726162,0.008799895644187927,-0.9996050000190735,0,0,0,-1,192.168.2.7,0.0.0.0,1,0
2014-12-24 14:45:15.719,26,1419412513.005659,28.57225432126812,77.18975538637689,211.587,-1,-1,10,65,-9999,1419412515.675039,-33.45212554931641,-2.617473840713501,-29.50829315185547,95.49891662597656,94.58353424072266,10,823834.20004975,0.0258026123046875,0.0084228515625,-0.988189697265625,823834.1055024167,0.0149126368400077,-0.01180126573846813,0.003677825465399428,823834.0909448334,0.01085583756704553,0.02688579383644386,-0.008792938990580356,-0.0005799210048280656,0.004419685807079077,-0.0001369821111438796,0.0008437040378339589,0.0005760708008892834,0.01336338277906179,XArbitraryZVertical,-0.004468957025894497,0.01341830277643021,0.005368250798481584,0.9998855731817605,0.02688151597976685,0.008792825974524021,-0.9995999336242676,0,0,0,-1,192.168.2.7,0.0.0.0,1,0
2014-12-24 14:45:15.823,27,1419412513.005659,28.57225432126812,77.18975538637689,211.587,-1,-1,10,65,-9999,1419412515.779183,-33.59181976318359,-3.313570737838745,-29.50829315185547,95.5531005859375,94.63771820068359,10,823834.3100190418,0.02569580078125,0.0123443603515625,-0.988128662109375,823834.2025521668,0.005122324040658406,-0.002240783741192671,-0.0146135638495918,823834.1879945834,0.01079372163764817,0.0270055430583111,-0.008649713218906778,0.004545927047729492,-0.001453665900044143,-0.008702734485268593,-0.00121389701962471,-0.0002420125820208341,0.01236958429217339,XArbitraryZVertical,-0.004397255221956118,0.01347869997263939,0.005337897428325664,0.9998852412374919,0.02700125053524971,0.008649605326354504,-0.99959796667099,0,0,0,-1,192.168.2.7,0.0.0.0,1,0
2014-12-24 14:45:15.926,28,1419412513.005659,28.57225432126812,77.18975538637689,211.587,-1,-1,10,65,-9999,1419412515.882527,-33.94103240966797,-2.826302766799927,-29.43610382080078,95.58155059814453,94.66616821289062,10,823834.4190572083,0.025726318359375,0.0113525390625,-0.9891204833984375,823834.3966530834,0.009949836148645043,-0.00584270911552484,-0.001193895116682523,823834.3820955417,0.01048592820456773,0.0273422825991097,-0.008463696822154977,-0.0004134234040975571,0.000870193587616086,-0.007524332497268915,0.001379144378006458,0.0009205595124512911,0.009523890912532806,XArbitraryZVertical,-0.004303056262903051,0.01364821995528356,0.005184551766693191,0.9998841584012524,0.02733789756894112,0.008463595993816853,-0.9995903968811035,0,0,0,-1,192.168.2.7,0.0.0.0,1,0
2014-12-24 14:45:16.024,29,1419412513.005659,28.57225432126812,77.18975538637689,211.587,-1,-1,10,65,-9999,1419412515.986753,-32.82352447509766,-3.10473895072937,-29.14735412597656,95.62484741210938,94.70946502685547,10,823834.5273218751,0.0247039794921875,0.012359619140625,-0.9881439208984375,823834.4937028334,0.007751662984893638,-0.01423725918756361,-0.01223003467397089,823834.4791452084,0.0103921151340011,0.02748361612286921,-0.008710577688625168,0.001946910750120878,-0.001563920406624675,0.005866559222340584,-0.001661242684349418,-0.001294696005061269,0.01426338218152523,XArbitraryZVertical,-0.004426205054375874,0.01371843172338076,0.005135647652362693,0.9998829123767492,0.02747911401093006,0.008710467256605625,-0.999584436416626,0,0,0,-1,192.168.2.7,0.0.0.0,1,0
2014-12-24 14:45:16.134,30,1419412513.005659,28.57225432126812,77.18975538637689,211.587,-1,-1,10,65,-9999,1419412516.091435,-33.66165161132812,-1.573333024978638,-29.58048248291016,95.60087585449219,94.68549346923828,10,823834.6368620417,0.0247955322265625,0.0084075927734375,-0.985321044921875,823834.5907525417,0.01616405623623594,-0.01055730319329212,3.515372638904595e-05,823834.5761950418,0.01010295990166601,0.0273405449061505,-0.008854630629611395,-0.001655814005061984,0.002047254238277674,-0.006317085586488247,-0.0006179275223985314,0.001521461643278599,0.01045134104788303,XArbitraryZVertical,-0.004495882683662634,0.01364717606555656,0.004990417221564146,0.99988431198826,0.02733606658875942,0.008854514919221401,-0.9995870590209961,0,0,0,-1,192.168.2.7,0.0.0.0,1,0
2014-12-24 14:45:16.244,31,1419412513.005659,28.57225432126812,77.18975538637689,211.587,-1,-1,10,65,-9999,1419412516.194095,-33.38227844238281,-1.712551355361938,-29.00297927856445,95.54348754882812,94.62810516357422,10,823834.7472785417,0.024932861328125,0.0034942626953125,-0.9853973388671875,823834.6878038334,0.001263403621133591,-0.009661149486480452,0.010923221527069,823834.6732464167,0.01018420229414343,0.02733811638532088,-0.008834423511360372,-0.002834033919498324,-0.002796747721731663,-0.003913869149982929,0.001246067346073687,0.004425579216331244,0.01438835356384516,XArbitraryZVertical,-0.004486328553203541,0.0136458313599882,0.00503117750032209,0.9998841689893478,0.02733364515006542,0.008834308944642544,-0.99958735704422,0,0,0,-1,192.168.2.7,0.0.0.0,1,0
2014-12-24 14:45:16.354,32,1419412513.005659,28.57225432126812,77.18975538637689,211.587,-1,-1,10,65,-9999,1419412516.297718,-33.52196502685547,-2.547869443893433,-29.29172515869141,95.53794097900391,94.62255859375,10,823834.8571045834,0.0228424072265625,0.008453369140625,-0.9863128662109375,823834.7848535418,0.008700280965179863,-0.004660531907638667,-0.001194427748900538,823834.7702962083,0.01015104285050836,0.02716392713067195,-0.008716078009115629,0.004428368993103504,0.003319855546578765,-0.001386180752888322,0.0006114411517046392,-0.001300196163356304,0.01236471906304359,XArbitraryZVertical,-0.004426499602897539,0.01355912496900444,0.005015795351617949,0.9998856924810363,0.0271595548838377,0.008715967647731304,-0.9995931386947632,0,0,0,-1,192.168.2.7,0.0.0.0,1,0
2014-12-24 14:45:16.463,33,1419412513.005659,28.57225432126812,77.18975538637689,211.587,-1,-1,10,65,-9999,1419412516.401182,-34.01087951660156,-2.895913362503052,-29.79703903198242,95.55402374267578,94.63864135742188,10,823834.965865375,0.0307464599609375,0.0074462890625,-0.9939422607421875,823834.8819033334,0.007414240474780599,-0.007134342244213271,0.007317834043319731,823834.8673459584,0.01011925756133766,0.02714360427522272,-0.00889843054471124,0.003098115790635347,0.00688559003174305,0.002284426242113113,-0.004296789411455393,-0.000444943958427757,0.01327919214963913,XArbitraryZVertical,-0.004517399097973811,0.01354856833031958,0.004998710108443655,0.9998855145959411,0.02713919617235661,0.008898313157260418,-0.9995920658111572,0,0,0,-1,192.168.2.7,0.0.0.0,1,0
2014-12-24 14:45:16.572,34,1419412513.005659,28.57225432126812,77.18975538637689,211.587,-1,-1,10,65,-9999,1419412516.504943,-33.45212554931641,-2.339037656784058,-29.07516479492188,95.56055450439453,94.64517211914062,10,823835.0741489168,0.0277557373046875,0.0093994140625,-0.991058349609375,823834.9789545417,0.006444050889664732,-0.01793372678059359,-6.71116594699968e-05,823834.9643971667,0.01004628542480537,0.02727497422833983,-0.008847821594795956,0.002127971267327666,-0.005133396480232477,-0.002660137368366122,-0.002474993001669645,-0.0004248546028975397,0.01234528142958879,XArbitraryZVertical,-0.004491929149069699,0.01361453920800485,0.004962277145363667,0.9998849147277685,0.02727052569389343,0.008847706019878387,-0.9995889067649841,0,0,0,-1,192.168.2.7,0.0.0.0,1,0
2014-12-24 14:45:16.691,35,1419412516.607411,28.57225099657059,77.1897702251113,211.5502,-1,-1,10,65,-9999,1419412516.609913,-33.38227844238281,-2.547866106033325,-29.29172897338867,95.55542755126953,94.64004516601562,10,823835.1822139167,0.025787353515625,0.0093994140625,-0.9891510009765625,823835.0760042918,0.01624448370115633,-0.01294136500113105,-0.003636013836285184,823835.0614469167,0.01005056658242251,0.02712025116626639,-0.008674935793100845,0.003274437738582492,-0.006375032011419535,0.007104568183422089,0.001662169699557126,-0.001228537876158953,0.007575002033263445,XArbitraryZVertical,-0.004405141216706998,0.01353761641377496,0.004965938985130842,0.9998863271005565,0.02711590565741062,0.00867482740432024,-0.9995946288108826,0,0,0,-1,192.168.2.7,0.0.0.0,1,0
2014-12-24 14:45:16.789,36,1419412516.607411,28.57225099657059,77.1897702251113,211.5502,-1,-1,10,65,-9999,1419412516.713599,-33.87118530273438,-2.895913362503052,-29.21953582763672,95.57582855224609,94.66044616699219,10,823835.291578875,0.0237579345703125,0.0113677978515625,-0.987213134765625,823835.2701054583,0.01008938578976519,-0.0118337563037671,-0.004886101651968378,823835.2555477917,0.009815276826127447,0.02701377778025152,-0.00886367545794731,-0.001555586466565728,-0.003994367085397243,-0.003871102118864655,0.001692350837402046,0.0005053370841778815,0.0104753989726305,XArbitraryZVertical,-0.00449764959437809,0.01348443519799217,0.004847265262455645,0.9998872162273821,0.02700943127274513,0.008863558992743492,-0.9995958805084229,0,0,0,-1,192.168.2.7,0.0.0.0,1,0
2014-12-24 14:45:16.922,37,1419412516.607411,28.57225099657059,77.1897702251113,211.5502,-1,-1,10,65,-9999,1419412516.816324,-33.87119293212891,-2.339037656784058,-29.21953582763672,95.56478118896484,94.64939880371094,10,823835.4020505834,0.0267333984375,0.0093841552734375,-0.987213134765625,823835.3671552917,0.008584699773870424,-0.003506850523416341,0.007346329866983578,823835.35259775,0.009826243445212466,0.02687739194653002,-0.009023440788825197,0.002027075504884124,-0.00641929404810071,0.009559010155498981,-0.0001091459635063075,0.0003913545224349946,0.008524520322680473,XArbitraryZVertical,-0.004577266266080614,0.01341582804785412,0.00485197943736564,0.9998877549439282,0.02687306143343449,0.009023318067193031,-0.9995981454849243,0,0,0,-1,192.168.2.7,0.0.0.0,1,0
2014-12-24 14:45:17.021,38,1419412516.607411,28.57225099657059,77.1897702251113,211.5502,-1,-1,10,65,-9999,1419412516.920727,-33.17275238037109,-2.199819326400757,-29.07516479492188,95.54629516601562,94.63091278076172,10,823835.5112417084,0.0266265869140625,0.0133056640625,-0.987152099609375,823835.4642050418,0.008617989287496415,-0.004702343536752911,0.006120210501111097,823835.4496475001,0.009625158639118276,0.02697323909787134,-0.008918655510793246,-0.004257747903466225,0.004320780746638775,0.005926970392465591,0.0007715826504863799,0.0004656180099118501,0.0114373080432415,XArbitraryZVertical,-0.004523758359172026,0.01346446168020895,0.004751936689337113,0.9998878251982179,0.02696889638900757,0.008918536826968193,-0.9995964765548706,0,0,0,-1,192.168.2.7,0.0.0.0,1,0
2014-12-24 14:45:17.120,39,1419412516.607411,28.57225099657059,77.1897702251113,211.5502,-1,-1,10,65,-9999,1419412517.024756,-33.17274475097656,-1.782164812088013,-29.50829315185547,95.50577545166016,94.59039306640625,10,823835.6196140001,0.02484130859375,0.00946044921875,-0.9939727783203125,823835.5612563334,0.01859925073700439,-0.005679723656811991,-0.004798217335995764,823835.5466987917,0.009745767973464717,0.02680226725279804,-0.009007615810585727,0.0031385263428092,0.002019654028117657,0.008409478701651096,-9.50903631746769e-05,0.00236030388623476,0.009533758275210857,XArbitraryZVertical,-0.004568634094137712,0.01337849309898778,0.004812024327854558,0.9998884877458755,0.02679797075688839,0.00900749396532774,-0.9996002912521362,0,0,0,-1,192.168.2.7,0.0.0.0,1,0
2014-12-24 14:45:17.226,40,1419412516.607411,28.57225099657059,77.1897702251113,211.5502,-1,-1,10,65,-9999,1419412517.128011,-33.66165924072266,-2.269429922103882,-29.58048248291016,95.47859191894531,94.56320953369141,10,823835.7288891251,0.0267486572265625,0.010406494140625,-0.99200439453125,823835.6583060417,0.009904296094004688,-0.002228799516287315,-0.00239231760721818,823835.6437484167,0.009521816529074143,0.02691176653187407,-0.008924941715990519,-0.001523496815934777,-0.002780464477837086,-0.007497068028897047,-0.0001282717130379751,-0.0004867128736805171,0.00850922055542469,XArbitraryZVertical,-0.00452606090945437,0.01343394740945774,0.004700368086305785,0.9998884689651386,0.02690744586288929,0.008924823254346848,-0.9995980858802795,0,0,0,-1,192.168.2.7,0.0.0.0,1,0
2014-12-24 14:45:17.334,41,1419412516.607411,28.57225099657059,77.1897702251113,211.5502,-1,-1,10,65,-9999,1419412517.232805,-33.38228607177734,-3.104741811752319,-29.724853515625,95.51073455810547,94.59535217285156,10,823835.83759625,0.027740478515625,0.0093841552734375,-0.9891357421875,823835.7553557918,0.01250034552461393,-0.01303004826543069,0.001217597250384228,823835.7407982918,0.009453678938407916,0.02693854740709184,-0.008798437737224498,0.003278223564848304,-0.002764002652838826,0.003519122488796711,-0.000124554440844804,-0.001336776418611407,0.0084943613037467,XArbitraryZVertical,-0.004462420805255236,0.01344779326975371,0.004667095727083689,0.9998887247459873,0.02693424746394157,0.008798324503004551,-0.999598503112793,0,0,0,-1,192.168.2.7,0.0.0.0,1,0
2014-12-24 14:45:17.445,42,1419412516.607411,28.57225099657059,77.1897702251113,211.5502,-1,-1,10,65,-9999,1419412517.439253,-33.1029052734375,-2.547863245010376,-29.58047866821289,95.55692291259766,94.64154052734375,10,823835.9473540834,0.027801513671875,0.0074462890625,-0.9910888671875,823835.8524071251,0.000409061543436171,-0.0216144817231921,-0.005002215475495833,823835.8378492917,0.009408867238048034,0.02720140218039262,-0.008652586492171554,-0.004061591811478138,-0.001656080363318324,-0.001382743706926703,0.0005434487829916179,0.0007316767587326467,0.01045690290629864,XArbitraryZVertical,-0.004389812539587998,0.01357965327438218,0.004645099169334147,0.99988736646508,0.02719702944159508,0.008652478456497192,-0.999592661857605,0,0,0,-1,192.168.2.7,0.0.0.0,1,0
2014-12-24 14:45:17.552,43,1419412516.607411,28.57225099657059,77.1897702251113,211.5502,-1,-1,10,65,-9999,1419412517.544687,-33.45211791992188,-2.339037656784058,-29.65266418457031,95.56705474853516,94.65167236328125,10,823836.055398375,0.025787353515625,0.0093994140625,-0.9891510009765625,823835.9494567917,0.003573163234559314,0.001214135140967125,0.008563128169040783,823835.9348990833,0.009317918224160676,0.02689128940597786,-0.008457551729194834,-0.005164803005754948,-0.007674816530197859,-0.003863494843244553,0.00190624815877527,-0.002002983121201396,0.008513831533491611,XArbitraryZVertical,-0.004290975161994284,0.01342527365803947,0.004601623358535496,0.9998900812698278,0.0268870871514082,0.00845745112746954,-0.9996026754379272,0,0,0,-1,192.168.2.7,0.0.0.0,1,0
2014-12-24 14:45:17.662,44,1419412516.607411,28.57225099657059,77.1897702251113,211.5502,-1,-1,10,65,-9999,1419412517.649019,-33.66165161132812,-3.104741811752319,-29.58048248291016,95.58716583251953,94.67178344726562,10,823836.1647345833,0.0277557373046875,0.0084075927734375,-0.9891510009765625,823836.14355775,0.02101180836850717,-0.004450674813740423,-0.002338255437089571,823836.12900025,0.009477702865080652,0.02729141092344248,-0.00858952338329997,-0.006758805364370346,0.005455049686133862,0.00963040255010128,0.0004382031911518425,0.001786558772437274,0.00952420849353075,XArbitraryZVertical,-0.004358962549962929,0.01362465272222539,0.004679746409117405,0.9998867277132871,0.02728701569139957,0.008589417673647404,-0.9995907545089722,0,0,0,-1,192.168.2.7,0.0.0.0,1,0
2014-12-24 14:45:17.769,45,1419412516.607411,28.57225099657059,77.1897702251113,211.5502,-1,-1,10,65,-9999,1419412517.752128,-33.31243896484375,-3.035131216049194,-29.94141387939453,95.6312255859375,94.71584320068359,10,823836.2721859167,0.030731201171875,0.008453369140625,-0.9977874755859375,823836.2406075418,0.009889116075791236,-0.004661330855965691,0.002470348227157501,823836.2260500001,0.009191386119493558,0.02748835209539456,-0.008423009581557129,0.005744482390582561,0.0009134036372415721,-0.001278451876714826,0.0003938921145163476,-0.003936825785785913,0.009428678080439568,XArbitraryZVertical,-0.004274211340314055,0.01372412348417212,0.004537321011440331,0.9998863896813479,0.02748391591012478,0.008422910235822201,-0.9995867609977722,0,0,0,-1,192.168.2.7,0.0.0.0,1,0
2014-12-24 14:45:17.890,46,1419412516.607411,28.57225099657059,77.1897702251113,211.5502,-1,-1,10,65,-9999,1419412517.854972,-33.31243133544922,-2.478258848190308,-29.9414176940918,95.64935302734375,94.73397064208984,10,823836.3814845417,0.027801513671875,0.0074462890625,-0.9910888671875,823836.33765725,0.005013667068183174,-0.0107818076731858,0.007281881368603661,823836.3230997501,0.009006597771101969,0.02773145373974623,-0.00815255787191011,-0.001507329638116062,-0.007629039231687784,-0.0001382690825266764,-0.001787036657333374,-0.003635866101831198,0.007486341521143913,XArbitraryZVertical,-0.004138273258395329,0.01384667196540294,0.004446295335129114,0.9998856808794022,0.02772697806358337,0.00815246719866991,-0.9995822906494141,0,0,0,-1,192.168.2.7,0.0.0.0,1,0
2014-12-24 14:45:17.990,47,1419412516.607411,28.57225099657059,77.1897702251113,211.5502,-1,-1,10,65,-9999,1419412517.959139,-34.15055847167969,-2.756695032119751,-28.64204025268555,95.65526580810547,94.73988342285156,10,823836.4919937918,0.02484130859375,0.0074615478515625,-0.98822021484375,823836.4347085,0.007633418632494121,-0.007023288426756967,-0.01218822304485664,823836.4201507501,0.009375036889392372,0.02735294469891968,-0.008186624304754688,-0.006522033363580704,-0.007759940344840288,0.008365444839000702,-0.002583602908998728,0.002204702468588948,0.0104414327070117,XArbitraryZVertical,-0.00415697888972385,0.01365659561935082,0.00463104407604012,0.9998873788348952,0.02734861709177494,0.008186533115804195,-0.9995924234390259,0,0,0,-1,192.168.2.7,0.0.0.0,1,0
2014-12-24 14:45:18.122,48,1419412516.607411,28.57225099657059,77.1897702251113,211.5502,-1,-1,10,65,-9999,1419412518.062905,-34.08071899414062,-2.965523958206177,-29.86923217773438,95.68787384033203,94.77249145507812,10,823836.6011737917,0.025848388671875,0.0074615478515625,-0.9911041259765625,823836.5317582918,0.006272543315463629,-0.008322112090388611,0.001207477238241927,823836.517200625,0.009285508846133456,0.02712074773514335,-0.008128028931459998,0.005810493603348732,0.00216095638461411,-0.008554263040423393,-0.0004136465431656688,0.00223277835175395,0.01240135915577412,XArbitraryZVertical,-0.004126540646583953,0.01354083379445876,0.004587165430771923,0.9998892815685666,0.02711652778089046,0.008127939887344837,-0.9995992183685303,0,0,0,-1,192.168.2.7,0.0.0.0,1,0
2014-12-24 14:45:18.221,49,1419412516.607411,28.57225099657059,77.1897702251113,211.5502,-1,-1,10,65,-9999,1419412518.166734,-34.22040557861328,-2.269429922103882,-30.01360702514648,95.67423248291016,94.75885009765625,10,823836.7092817917,0.0278167724609375,0.0064544677734375,-0.9891815185546875,823836.6288080834,0.0001632517748218573,-0.01082814667615318,0.001156078229203397,823836.6142505417,0.008879434002648822,0.02714683973047077,-0.008130461733812032,0.002060458529740572,0.006931801792234182,-0.009780049324035645,0.0007199404644779861,-0.001630128012038767,0.004649166483432055,XArbitraryZVertical,-0.004125064727621201,0.01355471045445779,0.004384080064647351,0.9998900107048907,0.02714260853827,0.008130372501909733,-0.999598503112793,0,0,0,-1,192.168.2.7,0.0.0.0,1,0
2014-12-24 14:45:18.320,50,1419412516.607411,28.57225099657059,77.1897702251113,211.5502,-1,-1,10,65,-9999,1419412518.271136,-33.80134582519531,-2.826302766799927,-29.00297927856445,95.68341064453125,94.76802825927734,10,823836.8193488334,0.02679443359375,0.008453369140625,-0.992034912109375,823836.7258592501,0.0112087123959255,-0.003382747216618649,-0.007268032930935249,823836.7113015833,0.008857646825535219,0.02722582978229665,-0.008357723793173556,-0.001579253585077822,-0.0003779853868763894,-0.003749083494767547,0.0005952568026259542,-0.001903158728964627,0.01041296869516373,XArbitraryZVertical,-0.004238708177291006,0.01359373648847224,0.004371475909219202,0.9998890607860432,0.02722151577472687,0.008357626385986805,-0.999594509601593,0,0,0,-1,192.168.2.7,0.0.0.0,1,0
2014-12-24 14:45:18.426,51,1419412516.607411,28.57225099657059,77.1897702251113,211.5502,-1,-1,10,65,-9999,1419412518.375269,-33.45212554931641,-2.339037656784058,-29.21953964233398,95.68577575683594,94.77039337158203,10,823836.9281423334,0.028656005859375,0.0103302001953125,-0.9871673583984375,823836.8229090001,0.008738097852658989,-0.009490973492824389,0.002434928184659447,823836.808351375,0.008837315652481385,0.02715096169837668,-0.008499588430509847,-0.007708597928285599,0.004390794783830643,-0.01230194419622421,-0.001405068207532167,0.002868311712518334,0.00952879898250103,XArbitraryZVertical,-0.0043093311666865,0.01355603222555889,0.004360505900425766,0.9998893186965438,0.02714664489030838,0.008499486371874809,-0.9995953440666199,0,0,0,-1,192.168.2.7,0.0.0.0,1,0
2014-12-24 14:45:18.535,52,1419412516.607411,28.57225099657059,77.1897702251113,211.5502,-1,-1,10,65,-9999,1419412518.478756,-34.08071899414062,-2.547866106033325,-29.58048248291016,95.66642761230469,94.75104522705078,10,823837.0377090001,0.02874755859375,0.0094146728515625,-0.993927001953125,823837.017009875,0.008814264259835254,-0.008239820412705164,-0.006091980993556258,823837.0024522917,0.008786750025585474,0.02710576295814672,-0.00846040850125844,0.002041151281446218,0.003306065453216434,-0.002503702417016029,-0.00120730884373188,-0.001960063353180885,0.007531455717980862,XArbitraryZVertical,-0.004289302660756185,0.01353363148129042,0.004335589115515412,0.9998898166141029,0.02710147388279438,0.008460307493805885,-0.999596893787384,0,0,0,-1,192.168.2.7,0.0.0.0,1,0
2014-12-24 14:45:18.644,53,1419412516.607411,28.57225099657059,77.1897702251113,211.5502,-1,-1,10,65,-9999,1419412518.581462,-33.94103240966797,-2.687084436416626,-30.01360321044922,95.67303466796875,94.75765228271484,10,823837.146665625,0.0267181396484375,0.0103759765625,-0.9891357421875,823837.1140596251,0.005107942970771979,-0.01315894526219052,0.002391518658891156,823837.0995020417,0.0088569863572682,0.02730542814250293,-0.008829154487524013,-0.01400086376816034,0.003025639336556196,0.002268013078719378,0.0052307671867311,0.003454285440966487,0.009613292291760445,XArbitraryZVertical,-0.004474566483511754,0.01363247506196,0.004367754533589958,0.9998875219737237,0.02730097062885761,0.008829039521515369,-0.9995882511138916,0,0,0,-1,192.168.2.7,0.0.0.0,1,0
2014-12-24 14:45:18.754,54,1419412516.607411,28.57225099657059,77.1897702251113,211.5502,-1,-1,10,65,-9999,1419412518.685724,-33.80134582519531,-2.687084436416626,-29.14735412597656,95.68600463867188,94.77062225341797,10,823837.2565529167,0.0286407470703125,0.011322021484375,-0.9881134033203125,823837.211109375,0.007458715264984922,-0.002262355346022313,-0.003626160140251891,823837.1965518751,0.009006653591561336,0.02720463094931767,-0.008826079018437134,-0.001628056517802179,0.002054326236248016,-0.002540068700909615,-0.0004515587061177939,-0.0004336304555181414,0.01428525522351265,XArbitraryZVertical,-0.004473825171630894,0.01358175426376648,0.004442826225194348,0.9998878847823565,0.02720021642744541,0.008825964294373989,-0.999591052532196,0,0,0,-1,192.168.2.7,0.0.0.0,1,0
2014-12-24 14:45:18.863,55,1419412516.607411,28.57225099657059,77.1897702251113,211.5502,-1,-1,10,65,-9999,1419412518.791072,-34.22041320800781,-2.269427061080933,-29.724853515625,95.67697143554688,94.76158905029297,10,823837.3655765001,0.0268402099609375,0.0064849853515625,-0.990142822265625,823837.3081606667,0.01378638601501319,-0.01055623792885608,-0.007294930857945049,823837.2936030834,0.009283642946395238,0.02739702806320372,-0.008924830807205434,-0.005427628755569458,0.001946166390553117,0.007186228409409523,0.001339789945632219,0.0004747017228510231,0.006619215477257967,XArbitraryZVertical,-0.004525517053463336,0.01367709001011603,0.004580197396250199,0.9998857328195139,0.02739251032471657,0.008924712426960468,-0.9995849132537842,0,0,0,-1,192.168.2.7,0.0.0.0,1,0
2014-12-24 14:45:18.973,56,1419412516.607411,28.57225099657059,77.1897702251113,211.5502,-1,-1,10,65,-9999,1419412518.89369,-33.87118530273438,-2.060598134994507,-28.93079376220703,95.64682769775391,94.7314453125,10,823837.474756125,0.02978515625,0.0054168701171875,-0.9872283935546875,823837.4052103751,0.005219263104337291,-0.0106776780745637,-0.01100471425642543,823837.3906528334,0.009466061380638352,0.02731555847062199,-0.008735361262266162,0.0007829121313989162,0.0008732303394936025,0.00355727132409811,0.0005361703806556761,-0.00327260373160243,0.01039203722029924,XArbitraryZVertical,-0.004431850293540894,0.01363640109551474,0.004672876343641542,0.9998862792811821,0.02731112018227577,0.008735249750316143,-0.9995887875556946,0,0,0,-1,192.168.2.7,0.0.0.0,1,0
2014-12-24 14:45:19.091,57,1419412516.607411,28.57225099657059,77.1897702251113,211.5502,-1,-1,10,65,-9999,1419412518.996663,-33.80133819580078,-1.990990877151489,-29.29172897338867,95.60279846191406,94.68741607666016,10,823837.582993,0.02587890625,0.00750732421875,-0.9959259033203125,823837.5022602084,0.001500691274259651,-0.01317785370593009,-0.004945756460386154,823837.4877026667,0.00917483783000036,0.02734879682966558,-0.008828402584478283,-0.002852034755051136,0.0008404932450503111,-0.001341907656751573,-0.001450157025828958,-0.002328043803572655,0.007521659601479769,XArbitraryZVertical,-0.004476455226129573,0.0136534473992219,0.004526570410653679,0.9998865210027554,0.02734432183206081,0.008828287944197655,-0.9995871186256409,0,0,0,-1,192.168.2.7,0.0.0.0,1,0
2014-12-24 14:45:19.225,58,1419412516.607411,28.57225099657059,77.1897702251113,211.5502,-1,-1,10,65,-9999,1419412519.20571,-33.17274475097656,-2.895910024642944,-29.94141387939453,95.64779663085938,94.73241424560547,10,823837.6922915,0.025848388671875,0.0074615478515625,-0.9901275634765625,823837.5993114167,0.005103415596918844,-0.009523996690341372,-0.002464222956650319,823837.5847538334,0.009067626503409752,0.02734579760784904,-0.00876163550295905,0.004427996929734945,0.003332132706418633,0.003623142372816801,-0.001462433836422861,-0.001254199189133942,0.00366185512393713,XArbitraryZVertical,-0.004442336864489825,0.01365234124760808,0.00447343462780121,0.9998869274094064,0.0273413397371769,0.00876152329146862,-0.9995877742767334,0,0,0,-1,192.168.2.7,0.0.0.0,1,0
2014-12-24 14:45:19.327,59,1419412516.607411,28.57225099657059,77.1897702251113,211.5502,-1,-1,10,65,-9999,1419412519.308725,-33.73149871826172,-2.617473840713501,-29.65266036987305,95.66054534912109,94.74516296386719,10,823837.799208375,0.02679443359375,0.006439208984375,-0.984375,823837.6963612917,0.007681355532115547,-0.0166972210864698,-0.002490854567551111,823837.6818036668,0.009019079500957197,0.02727244171937596,-0.008884854291857262,0.007016182877123356,-0.003839942859485745,0.002402676967903972,0.0004572350007947534,0.00149123917799443,0.008545584045350552,XArbitraryZVertical,-0.004503444707821492,0.01361549375787965,0.004448485488447815,0.9998872677918762,0.02726798504590988,0.008884737268090248,-0.999588668346405,0,0,0,-1,192.168.2.7,0.0.0.0,1,0
2014-12-24 14:45:19.426,60,1419412516.607411,28.57225099657059,77.1897702251113,211.5502,-1,-1,10,65,-9999,1419412519.411981,-33.94103240966797,-1.851772546768188,-29.29172515869141,95.65354919433594,94.73816680908203,10,823837.9101140418,0.0268707275390625,0.0054931640625,-0.9901580810546875,823837.8904621667,0.004001399537844055,-0.01311660100085826,-0.008587895567178519,823837.875904625,0.008509834980499665,0.02732482577847345,-0.009432627880819434,0.0007282594451680779,0.004468908533453941,0.002438986906781793,0.002373393392190337,-0.001070671598426998,0.01239961292594671,XArbitraryZVertical,-0.004773943407600911,0.01364164671852281,0.00419002682485729,0.999886772896965,0.02732020989060402,0.009432488121092319,-0.9995822310447693,0,0,0,-1,192.168.2.7,0.0.0.0,1,0
2014-12-24 14:45:19.528,61,1419412516.607411,28.57225099657059,77.1897702251113,211.5502,-1,-1,10,65,-9999,1419412519.516011,-33.59181213378906,-2.060601472854614,-29.50829315185547,95.61185455322266,94.69647216796875,10,823838.019337125,0.0278167724609375,0.0074615478515625,-0.993011474609375,823837.987512,0.01612783724541086,-0.00330178711948024,-0.007237939210617354,823837.9729545834,0.00833180228588944,0.02732554685552187,-0.008915736069818006,0.009513027966022491,-0.0001493374875281006,-0.006070066709071398,-0.0006029208307154477,0.002467438578605652,0.007597814779728651,XArbitraryZVertical,-0.004514313783413407,0.01364352486319348,0.004104554667819456,0.9998883076780641,0.02732106111943722,0.008915618062019348,-0.9995869398117065,0,0,0,-1,192.168.2.7,0.0.0.0,1,0
2014-12-24 14:45:19.627,62,1419412516.607411,28.57225099657059,77.1897702251113,211.5502,-1,-1,10,65,-9999,1419412519.516011,-33.59181213378906,-2.060601472854614,-29.50829315185547,95.61185455322266,94.69647216796875,10,823838.1285735418,0.0287628173828125,0.0074310302734375,-0.9910736083984375,823838.0845617084,0.003691141270849824,-0.005999835619839516,0.008521316539926539,823838.0700043334,0.00837639539677721,0.02741116389668334,-0.008727667272955621,-0.0004260661662556231,0.0008435903582721949,0.001213542651385069,0.002332692267373204,-0.0003199636994395405,0.006620567757636309,XArbitraryZVertical,-0.004420770842478191,0.01368662740603083,0.004127945932926314,0.9998880402713765,0.02740668691694736,0.008727556094527245,-0.999586284160614,0,0,0,-1,192.168.2.7,0.0.0.0,1,0
2014-12-24 14:45:19.734,63,1419412516.607411,28.57225099657059,77.1897702251113,211.5502,-1,-1,10,65,-9999,1419412519.724393,-34.01087188720703,-2.61747670173645,-29.50829315185547,95.61875915527344,94.70337677001953,10,823838.2368762917,0.0286865234375,0.0103607177734375,-0.99005126953125,823838.1816129168,0.01610493406003618,-0.006950584128997804,5.592638289166401e-05,823838.1670557084,0.008416921665173506,0.0272782914322037,-0.008668369513613551,0.01073924545198679,0.001069348189048469,-0.007234051357954741,-0.0005710030090995133,0.001692456775344908,0.01239253859966993,XArbitraryZVertical,-0.004391127002867333,0.01362023552750095,0.004148905414295441,0.9998889907242881,0.0272738840430975,0.008668260648846626,-0.9995903968811035,0,0,0,-1,192.168.2.7,0.0.0.0,1,0
2014-12-24 14:45:19.844,64,1419412516.607411,28.57225099657059,77.1897702251113,211.5502,-1,-1,10,65,-9999,1419412519.829157,-33.31243896484375,-2.895910024642944,-29.36391830444336,95.64594268798828,94.73056030273438,10,823838.3463755418,0.026763916015625,0.0084228515625,-0.988189697265625,823838.27866275,0.01244734861892135,-0.01063213801992334,0.002450640835090915,823838.2641052083,0.008210174998533087,0.02744423815775513,-0.00866765699835257,0.0007868821849115193,0.004486131016165018,-0.002396983560174704,0.001216243486851454,0.002669731853529811,0.008573307655751705,XArbitraryZVertical,-0.004389698449845145,0.01370365500378592,0.004045184185423868,0.9998882821955235,0.02743976190686226,0.008667548187077045,-0.9995858669281006,0,0,0,-1,192.168.2.7,0.0.0.0,1,0
2014-12-24 14:45:19.953,65,1419412516.607411,28.57225099657059,77.1897702251113,211.5502,-1,-1,10,65,-9999,1419412519.93292,-33.45212554931641,-2.4782555103302,-29.65266799926758,95.64675903320312,94.73137664794922,10,823838.4561457917,0.0228118896484375,0.0104217529296875,-0.9891815185546875,823838.3757125834,-0.000940628497015987,-0.01684635810751424,-0.001324656326205413,823838.3611551668,0.008322455225070515,0.02743983683570186,-0.008339519004821178,0.01301945466548204,0.004648218397051096,0.003792253322899342,0.002303940476849675,6.817043322371319e-05,0.007599655073136091,XArbitraryZVertical,-0.004226408130113257,0.01370190035579419,0.004103581487684109,0.9998887718240879,0.02743543870747089,0.008339422754943371,-0.9995887875556946,0,0,0,-1,192.168.2.7,0.0.0.0,1,0
2014-12-24 14:45:20.063,66,1419412516.607411,28.57225099657059,77.1897702251113,211.5502,-1,-1,10,65,-9999,1419412520.035923,-33.52197265625,-2.130212068557739,-29.724853515625,95.62464141845703,94.70925903320312,10,823838.5660015417,0.0286865234375,0.0093536376953125,-0.9871826171875,823838.4727640001,0.002674080050548563,-0.01561091767782648,0.003581152717829552,823838.4582064167,0.008551628716060375,0.02735714538022498,-0.008437917413497446,0.001965024275705218,0.004471400287002325,0.002505114302039146,-0.004540869500488043,0.00198393571190536,0.01040871255099773,XArbitraryZVertical,-0.004276997459450414,0.01365986168750415,0.004217656441840359,0.9998886572241431,0.02735275961458683,0.008437816984951496,-0.9995902180671692,0,0,0,-1,192.168.2.7,0.0.0.0,1,0
2014-12-24 14:45:20.172,67,1419412516.607411,28.57225099657059,77.1897702251113,211.5502,-1,-1,10,65,-9999,1419412520.139421,-33.59181213378906,-2.199819326400757,-29.21953964233398,95.60186004638672,94.68647766113281,10,823838.6746793333,0.0287933349609375,0.0064544677734375,-0.9910888671875,823838.5698137501,0.003859985683960848,-0.00955116093346018,-0.001252484660664266,823838.5552562501,0.008447913227338266,0.02714905011523719,-0.008400400531485363,0.008190271444618702,-0.001458374201320112,0.004963389597833157,0.002518328605219722,0.001929898513481021,0.01050625089555979,XArbitraryZVertical,-0.004257099244143268,0.01355612761913714,0.00416650433911397,0.9998903683662236,0.02714475803077221,0.008400301449000835,-0.9995962381362915,0,0,0,-1,192.168.2.7,0.0.0.0,1,0
2014-12-24 14:45:20.292,68,1419412516.607411,28.57225099657059,77.1897702251113,211.5502,-1,-1,10,65,-9999,1419412520.244381,-33.66165924072266,-2.269429922103882,-28.71422958374023,95.58354187011719,94.66815948486328,10,823838.784145,0.0296478271484375,0.01031494140625,-0.9861907958984375,823838.7639145834,0.01116423760572118,-0.008254734114809606,0.003675961252636372,823838.7493572917,0.008385148253920621,0.02680375664689964,-0.008907914771899198,-0.01133807841688395,-0.005354271270334721,-0.002478576032444835,0.001932815881446004,0.0004916170728392899,0.006635441444814205,XArbitraryZVertical,-0.004509689501797438,0.01338255467860428,0.004132454868443148,0.9998917405137329,0.02679948322474957,0.008907796815037727,-0.9996011257171631,0,0,0,-1,192.168.2.7,0.0.0.0,1,0
2014-12-24 14:45:20.391,69,1419412516.607411,28.57225099657059,77.1897702251113,211.5502,-1,-1,10,65,-9999,1419412520.347974,-33.87118530273438,-2.617480039596558,-29.5082893371582,95.57327270507812,94.65789031982422,10,823838.893533,0.0258026123046875,0.0094146728515625,-0.9910736083984375,823838.860964625,0.0001906823340496735,-0.01081403192237575,-0.001282045748764145,823838.8464070833,0.008635948900382027,0.02669979205720819,-0.009205574914831476,-0.008952081203460693,-0.002933949464932084,0.001222064718604088,0.001075507374480367,-0.001804932253435254,0.01429543923586607,XArbitraryZVertical,-0.004659960161846839,0.01332936082340093,0.004256086410644152,0.9998912434058742,0.0266954880207777,0.00920544471591711,-0.9996012449264526,0,0,0,-1,192.168.2.7,0.0.0.0,1,0
2014-12-24 14:45:20.526,70,1419412516.607411,28.57225099657059,77.1897702251113,211.5502,-1,-1,10,65,-9999,1419412520.451408,-33.80133819580078,-2.547866106033325,-29.00297927856445,95.59687805175781,94.68149566650391,10,823839.0032431667,0.0218048095703125,0.0124053955078125,-0.9900970458984375,823838.9580143751,0.005091431372013487,-0.007105580104440416,-0.004888498496949449,823838.9434567083,0.008714979759035677,0.02655402779867152,-0.009495636212861836,-0.009004673920571804,-0.001755627454258502,0.004898392129689455,-0.0007470980053767562,-0.001072641927748919,0.01141269784420729,XArbitraryZVertical,-0.004805188654171423,0.01325566153955303,0.004294008761459674,0.9998913736440841,0.02654970996081829,0.009495493955910206,-0.9996023774147034,0,0,0,-1,192.168.2.7,0.0.0.0,1,0
2014-12-24 14:45:20.629,71,1419412516.607411,28.57225099657059,77.1897702251113,211.5502,-1,-1,10,65,-9999,1419412520.555242,-33.80133056640625,-2.130208730697632,-29.14735412597656,95.59540557861328,94.68002319335938,10,823839.1128289584,0.027740478515625,0.0093841552734375,-0.9891357421875,823839.0550656667,0.009931726653232503,-0.002214951078618902,-0.004830441585185722,823839.0405080417,0.008478580944397011,0.02649879845753075,-0.009492858745637177,-0.001518221572041512,-0.004003935493528843,-0.001165658119134605,0.0002694124414119869,-0.001069864607416093,0.01043762639164925,XArbitraryZVertical,-0.00480211791025941,0.01322862370162879,0.004175973239751936,0.9998922464075752,0.02649450302124023,0.009492715820670128,-0.9996038675308228,0,0,0,-1,192.168.2.7,0.0.0.0,1,0
2014-12-24 14:45:20.725,72,1419412516.607411,28.57225099657059,77.1897702251113,211.5502,-1,-1,10,65,-9999,1419412520.662553,-33.10289001464844,-2.547866106033325,-29.58047866821289,95.58943939208984,94.67405700683594,10,823839.2224561668,0.0257110595703125,0.012359619140625,-0.99102783203125,823839.15211525,0.008922122283983465,-0.01060976746676668,-0.01220153885030704,823839.1375576251,0.008679803567457995,0.02650909055542345,-0.009687585589029539,0.005872619338333607,-0.007519619073718786,0.003744545159861445,-0.001693951082415879,-0.00124932371545583,0.01139679085463285,XArbitraryZVertical,-0.004900823648849162,0.0132328572871196,0.004275256500830306,0.9998912918899652,0.02650474198162556,0.009687433950603008,-0.9996017217636108,0,0,0,-1,192.168.2.7,0.0.0.0,1,0
2014-12-24 14:45:20.829,73,1419412516.607411,28.57225099657059,77.1897702251113,211.5502,-1,-1,10,65,-9999,1419412520.764584,-33.03305053710938,-2.339040517807007,-29.65266799926758,95.58900451660156,94.67362213134766,10,823839.3324003334,0.025848388671875,0.0064544677734375,-0.986297607421875,823839.2491652084,-0.002340119649852626,-0.004829376320749691,-0.003700462334665101,823839.2346074167,0.008541129322527865,0.02648963449480438,-0.00990387022784168,-0.0002901609987020493,-0.0003612305736169219,-0.004775686655193567,0.0002634195552673191,-0.001496115582995117,0.01333305425941944,XArbitraryZVertical,-0.005007995714261694,0.01322300129168501,0.004204540056988258,0.9998911911096251,0.02648523822426796,0.009903708472847939,-0.9996001720428467,0,0,0,-1,192.168.2.7,0.0.0.0,1,0
2014-12-24 14:45:20.939,74,1419412516.607411,28.57225099657059,77.1897702251113,211.5502,-1,-1,10,65,-9999,1419412520.866998,-34.0108642578125,-3.174352407455444,-30.08579254150391,95.61959075927734,94.70420837402344,10,823839.4416920417,0.0277099609375,0.0113677978515625,-0.992950439453125,823839.346216375,0.004058657501280759,-0.01914919350210575,-0.004965463852452739,823839.3316586667,0.008503268855598881,0.0264158382898389,-0.009914229198567484,0.006053137592971325,-0.006222594529390335,-0.01330687571316957,-0.001692229881882668,0.002460811054334044,0.009535465389490128,XArbitraryZVertical,-0.005012769876093802,0.01318617963433261,0.004185728140131169,0.9998917323814148,0.02641146816313267,0.009914066642522812,-0.9996020197868347,0,0,0,-1,192.168.2.7,0.0.0.0,1,0
2014-12-24 14:45:21.048,75,1419412516.607411,28.57225099657059,77.1897702251113,211.5502,-1,-1,10,65,-9999,1419412520.971055,-33.94100952148438,-2.547866106033325,-29.58048248291016,95.64182281494141,94.7264404296875,10,823839.550915375,0.0258331298828125,0.0074462890625,-0.9882049560546875,823839.4432662918,0.008847553773461246,-0.009435313426041734,-0.007318100359428739,823839.4287087084,0.008168110382708425,0.02622394038906888,-0.009848111261182031,-0.004076381679624319,0.004370999522507191,-0.002322944812476635,-0.0003865334147121757,-0.001394582912325859,0.007572784554213285,XArbitraryZVertical,-0.004977119074774921,0.01309121793911698,0.004019081842461013,0.9998938420050795,0.02621966414153576,0.009847952052950859,-0.9996076822280884,0,0,0,-1,192.168.2.7,0.0.0.0,1,0
2014-12-24 14:45:21.156,76,1419412516.607411,28.57225099657059,77.1897702251113,211.5502,-1,-1,10,65,-9999,1419412521.074709,-33.17272186279297,-3.452788591384888,-28.93079376220703,95.69622802734375,94.78084564208984,10,823839.659933125,0.027679443359375,0.0113372802734375,-0.988128662109375,823839.6373673334,0.0123213810993606,-0.00463443292895589,0.004923652223338496,823839.6228095834,0.007981101352721611,0.02647070980921861,-0.009587216766444293,0.008260108530521393,0.007011475507169962,-0.008321403525769711,-0.002632173709571362,-0.0001571382599649951,0.01139877457171679,XArbitraryZVertical,-0.004845946074382202,0.01321558371439379,0.003926702217188296,0.9998932173804258,0.02646640129387379,0.009587069973349571,-0.9996037483215332,0,0,0,-1,192.168.2.7,0.0.0.0,1,0
2014-12-24 14:45:21.266,77,1419412516.607411,28.57225099657059,77.1897702251113,211.5502,-1,-1,10,65,-9999,1419412521.179571,-32.61397552490234,-2.895910024642944,-30.08579254150391,95.72925567626953,94.81387329101562,10,823839.7694087084,0.0286712646484375,0.010345458984375,-0.989105224609375,823839.7344171667,0.007496532152464048,-0.007092530615099027,3.195793308095086e-06,823839.7198594167,0.008261321885197081,0.02687451556905044,-0.009663971984090244,-0.001622900366783142,-0.001664839335717261,0.008645720779895782,-0.0001061099173966795,0.0007579313823953271,0.004688658751547337,XArbitraryZVertical,-0.004886992027162923,0.01341662456419946,0.004065302189082911,0.9998897863326196,0.02687002532184124,0.009663821198046207,-0.9995922446250916,0,0,0,-1,192.168.2.7,0.0.0.0,1,0
2014-12-24 14:45:21.375,78,1419412516.607411,28.57225099657059,77.1897702251113,211.5502,-1,-1,10,65,-9999,1419412521.28242,-33.87116241455078,-2.895910024642944,-30.08579254150391,95.75668334960938,94.84130096435547,10,823839.8788245417,0.0298004150390625,0.004425048828125,-0.98724365234375,823839.831466875,0.01603196344616801,-0.00335052296742869,0.001295894186432557,823839.8169091668,0.008399072993127307,0.026932477858312,-0.009265353092971541,0.006948695052415133,0.003307183971628547,0.005069092381745577,-8.785618410911411e-05,-0.002780235139653087,0.009451612830162048,XArbitraryZVertical,-0.004688748572028424,0.01344611549514265,0.004136716257569099,0.9998900465518569,0.02692806534469128,0.00926522072404623,-0.9995944499969482,0,0,0,-1,192.168.2.7,0.0.0.0,1,0
2014-12-24 14:45:21.493,79,1419412516.607411,28.57225099657059,77.1897702251113,211.5502,-1,-1,10,65,-9999,1419412521.490192,-34.01084136962891,-1.782161951065063,-30.23016738891602,95.70320129394531,94.78781890869141,10,823839.989047375,0.0296630859375,0.0113372802734375,-0.991943359375,823839.9285179584,0.007730357696173005,-0.01546018276012799,-0.008579373451690266,823839.9139604584,0.008593261596111323,0.0268878030109558,-0.009128136900357979,-0.003929073922336102,-0.002846247749403119,-0.002340835286304355,0.001742044929414988,0.00217875256203115,0.01340610254555941,XArbitraryZVertical,-0.004621358998180254,0.01342362421329139,0.004234828296059059,0.9998902517692848,0.0268834438174963,0.009128009900450706,-0.999596893787384,0,0,0,-1,192.168.2.7,0.0.0.0,1,0
2014-12-24 14:45:21.629,80,1419412516.607411,28.57225099657059,77.1897702251113,211.5502,-1,-1,10,65,-9999,1419412521.593141,-33.66162872314453,-2.408648252487183,-29.58047866821289,95.68710327148438,94.77172088623047,10,823840.098090625,0.023834228515625,0.009429931640625,-0.9891815185546875,823840.0255677501,0.005153216709303326,-0.01677285486142805,0.003589408517208797,823840.0110101667,0.00845669810932707,0.02706528729123737,-0.009157218344642778,-0.003971308004111052,0.001976982923224568,-0.004746704827994108,0.001656192587688565,0.0002270649129059166,0.009525317698717117,XArbitraryZVertical,-0.004635351234703912,0.01351260973349742,0.004165946946672316,0.9998892777618476,0.0270608477294445,0.009157090447843075,-0.9995918273925781,0,0,0,-1,192.168.2.7,0.0.0.0,1,0
2014-12-24 14:45:21.726,81,1419412516.607411,28.57225099657059,77.1897702251113,211.5502,-1,-1,10,65,-9999,1419412521.696387,-33.73146820068359,-1.921383142471313,-30.23016357421875,95.64703369140625,94.73165130615234,10,823840.2069689584,0.024749755859375,0.0103759765625,-0.9862518310546875,823840.1226175,0.01003638888407262,-0.009435846058259749,-0.003653058067261691,823840.1080599168,0.008671838647621524,0.02677634947596295,-0.009220727427779067,0.002123005455359817,0.002050230279564857,0.000167334932484664,-0.002937783254310489,0.0002093348739435896,0.01041752099990845,XArbitraryZVertical,-0.004667938379576984,0.01336751841859278,0.004273749363908982,0.9998906214526359,0.02677201107144356,0.00922059640288353,-0.9995990395545959,0,0,0,-1,192.168.2.7,0.0.0.0,1,0
2014-12-24 14:45:21.820,82,1419412516.607411,28.57225099657059,77.1897702251113,211.5502,-1,-1,10,65,-9999,1419412521.80059,-32.96318817138672,-1.990993738174438,-29.58048248291016,95.60427093505859,94.68888854980469,10,823840.315181875,0.026763916015625,0.0094146728515625,-0.9900970458984375,823840.2196687501,0.01003212782632849,-0.005801163802519604,-0.008508533366694158,823840.205111125,0.008987488047498651,0.02664830174288087,-0.009084123783101283,-0.008954989723861217,0.0006429410423152149,0.00375451403670013,-0.002687749685719609,-0.00356031721457839,0.009415110573172569,XArbitraryZVertical,-0.004601469974938138,0.01330307575294503,0.004432767155366957,0.9998910966824724,0.02664404921233654,0.009083998389542103,-0.9996036887168884,0,0,0,-1,192.168.2.7,0.0.0.0,1,0
2014-12-24 14:45:21.924,83,1419412516.607411,28.57225099657059,77.1897702251113,211.5502,-1,-1,10,65,-9999,1419412521.905221,-32.89334106445312,-2.617473840713501,-29.5082893371582,95.609375,94.69399261474609,10,823840.4217342917,0.0247344970703125,0.0113677978515625,-0.9881591796875,823840.3167185001,0.006413957169346837,-0.0118875521577867,-0.006127933668272327,823840.3021609167,0.009127411154477552,0.02667174463789833,-0.0091864004260359,-0.001475862576626241,-0.002822006586939096,0.0001216721357195638,-0.002817969769239426,0.0002589192008599639,0.008498024195432663,XArbitraryZVertical,-0.004653586139675333,0.01331423748971049,0.004501984126209909,0.9998903976711575,0.02666745707392693,0.009186271578073502,-0.9996021389961243,0,0,0,-1,192.168.2.7,0.0.0.0,1,0
2014-12-24 14:45:22.028,84,1419412516.607411,28.57225099657059,77.1897702251113,211.5502,-1,-1,10,65,-9999,1419412522.007319,-33.31240844726562,-2.4782555103302,-29.65266799926758,95.62684631347656,94.71146392822266,10,823840.5311585834,0.0257568359375,0.011383056640625,-0.9919891357421875,823840.5108195418,0.003783819276784582,-0.0108020476974704,0.007274424517551439,823840.4962619584,0.009138346951195791,0.02681478344331282,-0.009363369164815094,-0.006391138304024935,0.0007207412854768336,-0.003537900745868683,-0.0009620061027817428,-0.00190168444532901,0.009469121694564819,XArbitraryZVertical,-0.004742455815339913,0.01338531381261075,0.004505930428114244,0.9998890133799366,0.02681039460003376,0.009363232180476189,-0.9995966553688049,0,0,0,-1,192.168.2.7,0.0.0.0,1,0
2014-12-24 14:45:22.137,85,1419412516.607411,28.57225099657059,77.1897702251113,211.5502,-1,-1,10,65,-9999,1419412522.112575,-34.36006164550781,-2.269427061080933,-29.14735412597656,95.61927032470703,94.70388793945312,10,823840.6397707917,0.0258026123046875,0.0084228515625,-0.989166259765625,823840.6078692917,0.001380050076879061,9.640643146086843e-05,-0.01340289081804178,823840.5933117501,0.009453086862916097,0.02700443077160991,-0.009307994543962358,0.002100344281643629,-0.0004093269817531109,0.008699033409357071,-0.002234964398667216,0.001083375187590718,0.01141766086220741,XArbitraryZVertical,-0.004717320203551615,0.0134795129344477,0.004663207375052502,0.9998871456909894,0.02699997834861279,0.009307860396802425,-0.999592125415802,0,0,0,-1,192.168.2.7,0.0.0.0,1,0
2014-12-24 14:45:22.247,86,1419412516.607411,28.57225099657059,77.1897702251113,211.5502,-1,-1,10,65,-9999,1419412522.216486,-33.87116241455078,-2.060598134994507,-29.94141387939453,95.60613250732422,94.69075012207031,10,823840.7502862083,0.02777099609375,0.0084228515625,-0.9910736083984375,823840.7049190834,-0.002238919528429615,-0.01690148554207888,0.004763329925715726,823840.6903615,0.009378816145124478,0.02714043998613656,-0.009202911682099586,0.004574455320835114,0.004479998722672462,0.001429999014362693,0.000619778293184936,0.0001966322888620198,0.008531040512025356,XArbitraryZVertical,-0.004664598779788824,0.01354793467908765,0.004626469529195361,0.9998866389565372,0.02713595889508724,0.009202782064676285,-0.9995893836021423,0,0,0,-1,192.168.2.7,0.0.0.0,1,0
2014-12-24 14:45:22.356,87,1419412516.607411,28.57225099657059,77.1897702251113,211.5502,-1,-1,10,65,-9999,1419412522.322733,-33.03303527832031,-2.61747670173645,-29.79703903198242,95.60237121582031,94.68698883056641,10,823840.8590172917,0.027740478515625,0.0103912353515625,-0.9919891357421875,823840.8019703333,0.007559915386407934,-0.0143344645673515,0.004837632120128936,823840.7874127917,0.009423832577565032,0.02681899728906335,-0.009160969379067515,0.002211961662396789,-0.003998635336756706,0.005023114383220673,-0.002003866247832775,-0.0007227308815345168,0.01139349024742842,XArbitraryZVertical,-0.00464318766240304,0.01338722649235158,0.004650006533980082,0.9998887940237944,0.0268146563321352,0.009160840883851051,-0.9995984435081482,0,0,0,-1,192.168.2.7,0.0.0.0,1,0
2014-12-24 14:45:22.469,88,1419412516.607411,28.57225099657059,77.1897702251113,211.5502,-1,-1,10,65,-9999,1419412522.424418,-33.66162872314453,-1.990993738174438,-30.01360321044922,95.59548950195312,94.68010711669922,10,823840.9693821251,0.02679443359375,0.0074462890625,-0.9882049560546875,823840.8990200417,0.008826248484740611,-0.01065823699860612,-0.003667439137148119,823840.8844625833,0.009484337827962886,0.02681330619717392,-0.009006180332388649,-0.003958670422434807,-0.0004818617308046669,0.002569387666881084,-0.003020553849637508,0.001385176787152886,0.01237161085009575,XArbitraryZVertical,-0.004566193463735729,0.01338461248056799,0.004681308221142197,0.999889037533308,0.02680900692939758,0.009006058797240257,-0.9995999932289124,0,0,0,-1,192.168.2.7,0.0.0.0,1,0
2014-12-24 14:45:22.575,89,1419412516.607411,28.57225099657059,77.1897702251113,211.5502,-1,-1,10,65,-9999,1419412522.528441,-34.22037506103516,-1.990990877151489,-29.724853515625,95.55046081542969,94.63507843017578,10,823841.078547875,0.0257415771484375,0.0103607177734375,-0.9871978759765625,823840.9960699584,0.00868669884362046,-0.004667456126472872,2.476739813773692e-05,823840.9815124167,0.009214436469069864,0.02705324783458199,-0.008926237124860344,0.001099084387533367,-0.001549208885990083,-0.007160872686654329,0.00168342946562916,-0.001525605912320316,0.01334242802113295,XArbitraryZVertical,-0.004524965448761594,0.01350537261650198,0.004546366326667335,0.9998882238287192,0.02704887092113495,0.008926118724048138,-0.9995942711830139,0,0,0,-1,192.168.2.7,0.0.0.0,1,0
2014-12-24 14:45:22.692,90,1419412516.607411,28.57225099657059,77.1897702251113,211.5502,-1,-1,10,65,-9999,1419412522.632115,-33.59178924560547,-2.756692171096802,-29.79704284667969,95.55831909179688,94.64293670654297,10,823841.1877922917,0.0247650146484375,0.0113983154296875,-0.99200439453125,823841.0931211667,2.7963191445832e-05,-0.008472048059760073,0.009703760063921721,823841.07856375,0.009362279871463854,0.02695507034106373,-0.008811859331957174,0.009540942497551441,0.004569109063595533,-0.0009778363164514303,-0.001209182781167328,0.001548972446471453,0.01240004785358906,XArbitraryZVertical,-0.004468554469592463,0.01345622592616108,0.004621273834066838,0.9998887967333555,0.02695075981318951,0.00881174486130476,-0.9995979070663452,0,0,0,-1,192.168.2.7,0.0.0.0,1,0
2014-12-24 14:45:22.825,91,1419412516.607411,28.57225099657059,77.1897702251113,211.5502,-1,-1,10,65,-9999,1419412522.735729,-33.24257659912109,-2.687084436416626,-29.58047866821289,95.58529663085938,94.66991424560547,10,823841.2972125,0.0258026123046875,0.0094146728515625,-0.9910736083984375,823841.1901708751,0.01003026361356544,-0.008226504607254766,-0.004865328995465761,823841.1756135834,0.00947746533144812,0.02701985162259841,-0.008659509036380568,0.003557882737368345,0.0009063847246579826,-0.009572606533765793,-0.001121386070735753,-0.004188575781881809,0.01326938159763813,XArbitraryZVertical,-0.004393314398757235,0.01348872100143731,0.004679746029404565,0.9998884203606868,0.02701555192470551,0.008659400977194309,-0.9995974898338318,0,0,0,-1,192.168.2.7,0.0.0.0,1,0
